****************************************
Report : cell
Design : top
Version: V-2023.12-SP3
Date   : Mon Apr 28 10:58:35 2025
****************************************

Attributes
    b - black-box (unknown)
    h - hierarchical
    n - noncombinational
    u - contains unmapped logic
    E - extracted timing model
    Q - Quick timing model
    U - Unbound (missing)
    s - user size_only
    S - implicit size_only
    d - user dont_touch
    D - derived dont_touch
    o - synthetic operator


Cell                      Reference       Library          Attributes
--------------------------------------------------------------------------------
A1128                     AN2D0BWP30P140HVT
                                          tcbn28hpcplusbwp30p140hvt
A1129                     AN2D0BWP30P140HVT
                                          tcbn28hpcplusbwp30p140hvt
A1130                     AN2D0BWP30P140HVT
                                          tcbn28hpcplusbwp30p140hvt
A1131                     ND2D0BWP30P140HVT
                                          tcbn28hpcplusbwp30p140hvt
A1400                     NR2D0BWP30P140HVT
                                          tcbn28hpcplusbwp30p140hvt
A1401                     AN2D0BWP30P140HVT
                                          tcbn28hpcplusbwp30p140hvt
HFSINV_1048_1670          CKND0BWP30P140HVT
                                          tcbn28hpcplusbwp30p140hvt
HFSINV_1055_1677          INVD0P7BWP30P140HVT
                                          tcbn28hpcplusbwp30p140hvt
HFSINV_1073_1678          CKND0BWP30P140HVT
                                          tcbn28hpcplusbwp30p140hvt
HFSINV_1090_1650          CKND0BWP30P140HVT
                                          tcbn28hpcplusbwp30p140hvt
HFSINV_1166_1675          CKND0BWP30P140HVT
                                          tcbn28hpcplusbwp30p140hvt
HFSINV_1266_1653          CKND0BWP30P140HVT
                                          tcbn28hpcplusbwp30p140hvt
HFSINV_1337_1664          CKND0BWP30P140HVT
                                          tcbn28hpcplusbwp30p140hvt
HFSINV_1376_1666          CKND0BWP30P140HVT
                                          tcbn28hpcplusbwp30p140hvt
HFSINV_1542_1662          CKND0BWP30P140HVT
                                          tcbn28hpcplusbwp30p140hvt
HFSINV_1618_1660          CKND0BWP30P140HVT
                                          tcbn28hpcplusbwp30p140hvt
HFSINV_1911_1665          CKND0BWP30P140HVT
                                          tcbn28hpcplusbwp30p140hvt
HFSINV_1994_1652          CKND0BWP30P140HVT
                                          tcbn28hpcplusbwp30p140hvt
HFSINV_535_1663           CKND0BWP30P140HVT
                                          tcbn28hpcplusbwp30p140hvt
HFSINV_674_1659           CKND0BWP30P140HVT
                                          tcbn28hpcplusbwp30p140hvt
HFSINV_890_1655           CKND0BWP30P140HVT
                                          tcbn28hpcplusbwp30p140hvt
HFSINV_926_1672           CKND0BWP30P140HVT
                                          tcbn28hpcplusbwp30p140hvt
HFSINV_951_1657           CKND0BWP30P140HVT
                                          tcbn28hpcplusbwp30p140hvt
HFSINV_959_1668           CKND0BWP30P140HVT
                                          tcbn28hpcplusbwp30p140hvt
TDBUF_1634                BUFFD0BWP30P140HVT
                                          tcbn28hpcplusbwp30p140hvt
                                                           s
TDBUF_1635                BUFFD0BWP30P140HVT
                                          tcbn28hpcplusbwp30p140hvt
                                                           s
TDBUF_1636                BUFFD0P7BWP30P140HVT
                                          tcbn28hpcplusbwp30p140hvt
                                                           s
TDBUF_1637                BUFFD0P7BWP30P140HVT
                                          tcbn28hpcplusbwp30p140hvt
                                                           s
TDBUF_1638                BUFFD0P7BWP30P140HVT
                                          tcbn28hpcplusbwp30p140hvt
                                                           s
TDBUF_1639                BUFFD0P7BWP30P140HVT
                                          tcbn28hpcplusbwp30p140hvt
                                                           s
TDBUF_1640                DEL025D1BWP30P140HVT
                                          tcbn28hpcplusbwp30p140hvt
                                                           s
TDBUF_1641                BUFFD0P7BWP30P140HVT
                                          tcbn28hpcplusbwp30p140hvt
                                                           s
TDBUF_1642                BUFFD0P7BWP30P140HVT
                                          tcbn28hpcplusbwp30p140hvt
                                                           s
TDBUF_1643                BUFFD0P7BWP30P140HVT
                                          tcbn28hpcplusbwp30p140hvt
                                                           s
TDBUF_1644                BUFFD0P7BWP30P140HVT
                                          tcbn28hpcplusbwp30p140hvt
                                                           s
TDBUF_1645                BUFFD0P7BWP30P140HVT
                                          tcbn28hpcplusbwp30p140hvt
                                                           s
TDBUF_1646                BUFFD0P7BWP30P140HVT
                                          tcbn28hpcplusbwp30p140hvt
                                                           s
TDBUF_1647                DEL025D1BWP30P140HVT
                                          tcbn28hpcplusbwp30p140hvt
                                                           s
TDBUF_1648                DEL025D1BWP30P140HVT
                                          tcbn28hpcplusbwp30p140hvt
                                                           s
TDBUF_1649                BUFFD0P7BWP30P140HVT
                                          tcbn28hpcplusbwp30p140hvt
                                                           s
TSMAP_TSBUF_4469          BUFTD4BWP30P140 tcbn28hpcplusbwp30p140
TSMAP_TSBUF_4470          BUFTD4BWP30P140 tcbn28hpcplusbwp30p140
TSMAP_TSBUF_4471          BUFTD4BWP30P140 tcbn28hpcplusbwp30p140
TSMAP_TSBUF_4472          BUFTD4BWP30P140 tcbn28hpcplusbwp30p140
TSMAP_TSBUF_4473          BUFTD4BWP30P140 tcbn28hpcplusbwp30p140
TSMAP_TSBUF_4474          BUFTD4BWP30P140 tcbn28hpcplusbwp30p140
TSMAP_TSBUF_4475          BUFTD4BWP30P140 tcbn28hpcplusbwp30p140
TSMAP_TSBUF_4476          BUFTD4BWP30P140 tcbn28hpcplusbwp30p140
TSMAP_TSBUF_4477          BUFTD4BWP30P140 tcbn28hpcplusbwp30p140
TSMAP_TSBUF_4478          BUFTD4BWP30P140 tcbn28hpcplusbwp30p140
TSMAP_TSBUF_4479          BUFTD4BWP30P140 tcbn28hpcplusbwp30p140
TSMAP_TSBUF_4480          BUFTD4BWP30P140 tcbn28hpcplusbwp30p140
TSMAP_TSBUF_4481          BUFTD4BWP30P140 tcbn28hpcplusbwp30p140
TSMAP_TSBUF_4482          BUFTD4BWP30P140 tcbn28hpcplusbwp30p140
TSMAP_TSBUF_4483          BUFTD4BWP30P140 tcbn28hpcplusbwp30p140
TSMAP_TSBUF_4484          BUFTD4BWP30P140 tcbn28hpcplusbwp30p140
activation_inst/cycle_counter_reg
                          SDFQD0BWP30P140HVT
                                          tcbn28hpcplusbwp30p140hvt
                                                           n, S
activation_inst/gte_34/ctmi_14257
                          MAOI222D0BWP30P140HVT
                                          tcbn28hpcplusbwp30p140hvt
activation_inst/gte_34/ctmi_14259
                          MAOI222D0BWP30P140HVT
                                          tcbn28hpcplusbwp30p140hvt
activation_inst/gte_34/ctmi_14261
                          MAOI222D0BWP30P140HVT
                                          tcbn28hpcplusbwp30p140hvt
activation_inst/gte_34/ctmi_14263
                          MAOI222D0BWP30P140HVT
                                          tcbn28hpcplusbwp30p140hvt
activation_inst/gte_34/ctmi_14265
                          MAOI222D0BWP30P140HVT
                                          tcbn28hpcplusbwp30p140hvt
activation_inst/gte_34/ctmi_14267
                          MAOI222D0BWP30P140HVT
                                          tcbn28hpcplusbwp30p140hvt
activation_inst/gte_34/ctmi_14269
                          MAOI222D0BWP30P140HVT
                                          tcbn28hpcplusbwp30p140hvt
activation_inst/gte_34/ctmi_14271
                          MAOI222D0BWP30P140HVT
                                          tcbn28hpcplusbwp30p140hvt
activation_inst/gte_34/ctmi_14273
                          MAOI222D0BWP30P140HVT
                                          tcbn28hpcplusbwp30p140hvt
activation_inst/gte_34/ctmi_14275
                          MAOI222D1BWP30P140HVT
                                          tcbn28hpcplusbwp30p140hvt
activation_inst/gte_34/ctmi_14277
                          MAOI222D1BWP30P140HVT
                                          tcbn28hpcplusbwp30p140hvt
activation_inst/gte_34/ctmi_14279
                          MAOI222D1BWP30P140HVT
                                          tcbn28hpcplusbwp30p140hvt
activation_inst/gte_34/ctmi_14281
                          MAOI222D1BWP30P140HVT
                                          tcbn28hpcplusbwp30p140hvt
activation_inst/gte_34/ctmi_14283
                          MAOI222D1BWP30P140HVT
                                          tcbn28hpcplusbwp30p140hvt
activation_inst/gte_34/ctmi_14285
                          MAOI222D1BWP30P140HVT
                                          tcbn28hpcplusbwp30p140hvt
activation_inst/gte_34/ctmi_14287
                          MAOI222D1BWP30P140HVT
                                          tcbn28hpcplusbwp30p140hvt
activation_inst/gte_34/ctmi_14289
                          MAOI222D1BWP30P140HVT
                                          tcbn28hpcplusbwp30p140hvt
activation_inst/gte_34/ctmi_14291
                          MAOI222D1BWP30P140HVT
                                          tcbn28hpcplusbwp30p140hvt
activation_inst/gte_34/ctmi_14293
                          MAOI222D1BWP30P140HVT
                                          tcbn28hpcplusbwp30p140hvt
activation_inst/gte_34/ctmi_14295
                          MAOI222D1BWP30P140HVT
                                          tcbn28hpcplusbwp30p140hvt
activation_inst/gte_34/ctmi_14297
                          AOI22D1BWP30P140HVT
                                          tcbn28hpcplusbwp30p140hvt
activation_inst/gte_34/ctmi_14299
                          IAO21D1BWP30P140HVT
                                          tcbn28hpcplusbwp30p140hvt
activation_inst/threshold_register_reg[0]
                          SDFQD0BWP30P140HVT
                                          tcbn28hpcplusbwp30p140hvt
                                                           n, S
activation_inst/threshold_register_reg[10]
                          SDFQD0BWP30P140HVT
                                          tcbn28hpcplusbwp30p140hvt
                                                           n, S
activation_inst/threshold_register_reg[11]
                          SDFQD0BWP30P140HVT
                                          tcbn28hpcplusbwp30p140hvt
                                                           n, S
activation_inst/threshold_register_reg[12]
                          SDFQD0BWP30P140HVT
                                          tcbn28hpcplusbwp30p140hvt
                                                           n, S
activation_inst/threshold_register_reg[13]
                          SDFQD0BWP30P140HVT
                                          tcbn28hpcplusbwp30p140hvt
                                                           n, S
activation_inst/threshold_register_reg[14]
                          SDFQD0BWP30P140HVT
                                          tcbn28hpcplusbwp30p140hvt
                                                           n, S
activation_inst/threshold_register_reg[15]
                          SDFQD0BWP30P140HVT
                                          tcbn28hpcplusbwp30p140hvt
                                                           n, S
activation_inst/threshold_register_reg[16]
                          SDFQD0BWP30P140HVT
                                          tcbn28hpcplusbwp30p140hvt
                                                           n, S
activation_inst/threshold_register_reg[17]
                          SDFQD0BWP30P140HVT
                                          tcbn28hpcplusbwp30p140hvt
                                                           n, S
activation_inst/threshold_register_reg[18]
                          SDFQD0BWP30P140HVT
                                          tcbn28hpcplusbwp30p140hvt
                                                           n, S
activation_inst/threshold_register_reg[19]
                          SDFQD0BWP30P140HVT
                                          tcbn28hpcplusbwp30p140hvt
                                                           n, S
activation_inst/threshold_register_reg[1]
                          SDFQD0BWP30P140HVT
                                          tcbn28hpcplusbwp30p140hvt
                                                           n, S
activation_inst/threshold_register_reg[20]
                          SDFQD0BWP30P140HVT
                                          tcbn28hpcplusbwp30p140hvt
                                                           n, S
activation_inst/threshold_register_reg[21]
                          SDFQD0BWP30P140HVT
                                          tcbn28hpcplusbwp30p140hvt
                                                           n, S
activation_inst/threshold_register_reg[2]
                          SDFQD0BWP30P140HVT
                                          tcbn28hpcplusbwp30p140hvt
                                                           n, S
activation_inst/threshold_register_reg[3]
                          SDFQD0BWP30P140HVT
                                          tcbn28hpcplusbwp30p140hvt
                                                           n, S
activation_inst/threshold_register_reg[4]
                          SDFQD0BWP30P140HVT
                                          tcbn28hpcplusbwp30p140hvt
                                                           n, S
activation_inst/threshold_register_reg[5]
                          SDFQD0BWP30P140HVT
                                          tcbn28hpcplusbwp30p140hvt
                                                           n, S
activation_inst/threshold_register_reg[6]
                          SDFQD0BWP30P140HVT
                                          tcbn28hpcplusbwp30p140hvt
                                                           n, S
activation_inst/threshold_register_reg[7]
                          SDFQD0BWP30P140HVT
                                          tcbn28hpcplusbwp30p140hvt
                                                           n, S
activation_inst/threshold_register_reg[8]
                          SDFQD0BWP30P140HVT
                                          tcbn28hpcplusbwp30p140hvt
                                                           n, S
activation_inst/threshold_register_reg[9]
                          SDFQD0BWP30P140HVT
                                          tcbn28hpcplusbwp30p140hvt
                                                           n, S
ctmTdsLR_1_1680           OAI211D0BWP30P140HVT
                                          tcbn28hpcplusbwp30p140hvt
ctmTdsLR_1_1682           AOI21D0BWP30P140HVT
                                          tcbn28hpcplusbwp30p140hvt
ctmTdsLR_1_1684           OAI211D0BWP30P140HVT
                                          tcbn28hpcplusbwp30p140hvt
ctmTdsLR_1_1686           OAI211D0BWP30P140HVT
                                          tcbn28hpcplusbwp30p140hvt
ctmTdsLR_1_1688           CKND0BWP30P140HVT
                                          tcbn28hpcplusbwp30p140hvt
ctmTdsLR_2_1681           IOA21D0BWP30P140HVT
                                          tcbn28hpcplusbwp30p140hvt
ctmTdsLR_2_1683           NR2D0BWP30P140HVT
                                          tcbn28hpcplusbwp30p140hvt
ctmTdsLR_2_1685           IOA21D0BWP30P140HVT
                                          tcbn28hpcplusbwp30p140hvt
ctmTdsLR_2_1687           IOA21D0BWP30P140HVT
                                          tcbn28hpcplusbwp30p140hvt
ctmTdsLR_2_1689           AOI221D0BWP30P140HVT
                                          tcbn28hpcplusbwp30p140hvt
ctmTdsLR_3_1690           IOA21D0BWP30P140HVT
                                          tcbn28hpcplusbwp30p140hvt
ctmi_108                  CKND0BWP30P140HVT
                                          tcbn28hpcplusbwp30p140hvt
ctmi_111                  CKND0BWP30P140HVT
                                          tcbn28hpcplusbwp30p140hvt
ctmi_1135                 AN2D1BWP30P140HVT
                                          tcbn28hpcplusbwp30p140hvt
ctmi_1136                 NR2D0BWP30P140HVT
                                          tcbn28hpcplusbwp30p140hvt
ctmi_1138                 CKAN2D2BWP30P140HVT
                                          tcbn28hpcplusbwp30p140hvt
ctmi_1139                 AN2D0BWP30P140HVT
                                          tcbn28hpcplusbwp30p140hvt
ctmi_1147                 OR2D0BWP30P140HVT
                                          tcbn28hpcplusbwp30p140hvt
ctmi_1151                 ND3D0BWP30P140HVT
                                          tcbn28hpcplusbwp30p140hvt
ctmi_1153                 OR2D0BWP30P140HVT
                                          tcbn28hpcplusbwp30p140hvt
ctmi_1154                 MUX2ND0BWP30P140HVT
                                          tcbn28hpcplusbwp30p140hvt
ctmi_1155                 NR2D0BWP30P140HVT
                                          tcbn28hpcplusbwp30p140hvt
ctmi_1156                 NR2D0BWP30P140HVT
                                          tcbn28hpcplusbwp30p140hvt
ctmi_1164                 AN2D0BWP30P140HVT
                                          tcbn28hpcplusbwp30p140hvt
ctmi_117                  CKND0BWP30P140HVT
                                          tcbn28hpcplusbwp30p140hvt
ctmi_1173                 OR2D0BWP30P140HVT
                                          tcbn28hpcplusbwp30p140hvt
ctmi_1174                 OR2D0BWP30P140HVT
                                          tcbn28hpcplusbwp30p140hvt
ctmi_1175                 OR2D0BWP30P140HVT
                                          tcbn28hpcplusbwp30p140hvt
ctmi_1177                 OR2D0BWP30P140HVT
                                          tcbn28hpcplusbwp30p140hvt
ctmi_1178                 AN2D0BWP30P140HVT
                                          tcbn28hpcplusbwp30p140hvt
ctmi_1179                 IND2D0BWP30P140HVT
                                          tcbn28hpcplusbwp30p140hvt
ctmi_1180                 INR2D0BWP30P140HVT
                                          tcbn28hpcplusbwp30p140hvt
ctmi_11802                ND2D0BWP30P140HVT
                                          tcbn28hpcplusbwp30p140hvt
ctmi_11804                OAI21D0BWP30P140HVT
                                          tcbn28hpcplusbwp30p140hvt
ctmi_11805                ND2D0BWP30P140HVT
                                          tcbn28hpcplusbwp30p140hvt
ctmi_11806                ND2D0BWP30P140HVT
                                          tcbn28hpcplusbwp30p140hvt
ctmi_11808                NR2D0BWP30P140HVT
                                          tcbn28hpcplusbwp30p140hvt
ctmi_11809                ND2D0BWP30P140HVT
                                          tcbn28hpcplusbwp30p140hvt
ctmi_1181                 MOAI22D0BWP30P140HVT
                                          tcbn28hpcplusbwp30p140hvt
ctmi_11810                ND2D0BWP30P140HVT
                                          tcbn28hpcplusbwp30p140hvt
ctmi_11811                ND2D0BWP30P140HVT
                                          tcbn28hpcplusbwp30p140hvt
ctmi_11814                NR2D0BWP30P140HVT
                                          tcbn28hpcplusbwp30p140hvt
ctmi_11817                ND2D0BWP30P140HVT
                                          tcbn28hpcplusbwp30p140hvt
ctmi_1182                 MOAI22D0BWP30P140HVT
                                          tcbn28hpcplusbwp30p140hvt
ctmi_11821                OAI21D0BWP30P140HVT
                                          tcbn28hpcplusbwp30p140hvt
ctmi_11822                AOI222D0BWP30P140HVT
                                          tcbn28hpcplusbwp30p140hvt
ctmi_11823                NR2D0BWP30P140HVT
                                          tcbn28hpcplusbwp30p140hvt
ctmi_11825                AOI21D0BWP30P140HVT
                                          tcbn28hpcplusbwp30p140hvt
ctmi_1183                 IAO21D0BWP30P140HVT
                                          tcbn28hpcplusbwp30p140hvt
ctmi_11832                NR2D0BWP30P140HVT
                                          tcbn28hpcplusbwp30p140hvt
ctmi_11833                ND2D0BWP30P140HVT
                                          tcbn28hpcplusbwp30p140hvt
ctmi_11834                ND2D0BWP30P140HVT
                                          tcbn28hpcplusbwp30p140hvt
ctmi_11837                ND2D0BWP30P140HVT
                                          tcbn28hpcplusbwp30p140hvt
ctmi_11839                INR3D0BWP30P140HVT
                                          tcbn28hpcplusbwp30p140hvt
ctmi_1184                 MUX2ND0BWP30P140HVT
                                          tcbn28hpcplusbwp30p140hvt
ctmi_11841                NR2D0BWP30P140HVT
                                          tcbn28hpcplusbwp30p140hvt
ctmi_11842                OAI211D0BWP30P140HVT
                                          tcbn28hpcplusbwp30p140hvt
ctmi_11844                ND2D0BWP30P140HVT
                                          tcbn28hpcplusbwp30p140hvt
ctmi_11847                NR3D0BWP30P140HVT
                                          tcbn28hpcplusbwp30p140hvt
ctmi_11848                NR3D0BWP30P140HVT
                                          tcbn28hpcplusbwp30p140hvt
ctmi_1185                 MUX2ND0BWP30P140HVT
                                          tcbn28hpcplusbwp30p140hvt
ctmi_11850                ND2D0BWP30P140HVT
                                          tcbn28hpcplusbwp30p140hvt
ctmi_11853                NR2D0BWP30P140HVT
                                          tcbn28hpcplusbwp30p140hvt
ctmi_11854                ND4D0BWP30P140HVT
                                          tcbn28hpcplusbwp30p140hvt
ctmi_11855                AOI221D0BWP30P140HVT
                                          tcbn28hpcplusbwp30p140hvt
ctmi_11856                NR2D0BWP30P140HVT
                                          tcbn28hpcplusbwp30p140hvt
ctmi_11857                ND2D0BWP30P140HVT
                                          tcbn28hpcplusbwp30p140hvt
ctmi_11859                ND2D0BWP30P140HVT
                                          tcbn28hpcplusbwp30p140hvt
ctmi_11860                NR2D0BWP30P140HVT
                                          tcbn28hpcplusbwp30p140hvt
ctmi_11862                NR2D0BWP30P140HVT
                                          tcbn28hpcplusbwp30p140hvt
ctmi_11868                ND2D0BWP30P140HVT
                                          tcbn28hpcplusbwp30p140hvt
ctmi_11871                OAI22D0BWP30P140HVT
                                          tcbn28hpcplusbwp30p140hvt
ctmi_11873                ND2D0BWP30P140HVT
                                          tcbn28hpcplusbwp30p140hvt
ctmi_11875                NR2D0BWP30P140HVT
                                          tcbn28hpcplusbwp30p140hvt
ctmi_11876                ND2D0BWP30P140HVT
                                          tcbn28hpcplusbwp30p140hvt
ctmi_11878                ND2D0BWP30P140HVT
                                          tcbn28hpcplusbwp30p140hvt
ctmi_11881                AOI221D0BWP30P140HVT
                                          tcbn28hpcplusbwp30p140hvt
ctmi_11882                NR2D0BWP30P140HVT
                                          tcbn28hpcplusbwp30p140hvt
ctmi_11883                ND2D0BWP30P140HVT
                                          tcbn28hpcplusbwp30p140hvt
ctmi_11884                NR2D0BWP30P140HVT
                                          tcbn28hpcplusbwp30p140hvt
ctmi_11885                NR2D0BWP30P140HVT
                                          tcbn28hpcplusbwp30p140hvt
ctmi_11886                NR2D0BWP30P140HVT
                                          tcbn28hpcplusbwp30p140hvt
ctmi_11888                ND2D0BWP30P140HVT
                                          tcbn28hpcplusbwp30p140hvt
ctmi_11889                OAI22D0BWP30P140HVT
                                          tcbn28hpcplusbwp30p140hvt
ctmi_11891                OR2D0BWP30P140HVT
                                          tcbn28hpcplusbwp30p140hvt
ctmi_11893                ND2D0BWP30P140HVT
                                          tcbn28hpcplusbwp30p140hvt
ctmi_11895                AOI221D0BWP30P140HVT
                                          tcbn28hpcplusbwp30p140hvt
ctmi_11896                NR2D0BWP30P140HVT
                                          tcbn28hpcplusbwp30p140hvt
ctmi_11897                ND2D0BWP30P140HVT
                                          tcbn28hpcplusbwp30p140hvt
ctmi_11898                NR2D0BWP30P140HVT
                                          tcbn28hpcplusbwp30p140hvt
ctmi_11899                ND2D0BWP30P140HVT
                                          tcbn28hpcplusbwp30p140hvt
ctmi_11900                OAI211D0BWP30P140HVT
                                          tcbn28hpcplusbwp30p140hvt
ctmi_11905                AOI22D0BWP30P140HVT
                                          tcbn28hpcplusbwp30p140hvt
ctmi_11906                NR2D0BWP30P140HVT
                                          tcbn28hpcplusbwp30p140hvt
ctmi_11911                AOI222D0BWP30P140HVT
                                          tcbn28hpcplusbwp30p140hvt
ctmi_11912                NR2D0BWP30P140HVT
                                          tcbn28hpcplusbwp30p140hvt
ctmi_11913                NR2D0BWP30P140HVT
                                          tcbn28hpcplusbwp30p140hvt
ctmi_11914                ND2D0BWP30P140HVT
                                          tcbn28hpcplusbwp30p140hvt
ctmi_11915                NR2D0BWP30P140HVT
                                          tcbn28hpcplusbwp30p140hvt
ctmi_11916                ND2D0BWP30P140HVT
                                          tcbn28hpcplusbwp30p140hvt
ctmi_11917                NR4D0BWP30P140HVT
                                          tcbn28hpcplusbwp30p140hvt
ctmi_11918                ND4D0BWP30P140HVT
                                          tcbn28hpcplusbwp30p140hvt
ctmi_11919                AOI221D0BWP30P140HVT
                                          tcbn28hpcplusbwp30p140hvt
ctmi_11920                NR2D0BWP30P140HVT
                                          tcbn28hpcplusbwp30p140hvt
ctmi_11921                ND2D0BWP30P140HVT
                                          tcbn28hpcplusbwp30p140hvt
ctmi_11922                NR2D0BWP30P140HVT
                                          tcbn28hpcplusbwp30p140hvt
ctmi_11923                OAI22D0BWP30P140HVT
                                          tcbn28hpcplusbwp30p140hvt
ctmi_11926                ND2D0BWP30P140HVT
                                          tcbn28hpcplusbwp30p140hvt
ctmi_11927                AOI221D0BWP30P140HVT
                                          tcbn28hpcplusbwp30p140hvt
ctmi_11928                NR2D0BWP30P140HVT
                                          tcbn28hpcplusbwp30p140hvt
ctmi_11929                NR2D0BWP30P140HVT
                                          tcbn28hpcplusbwp30p140hvt
ctmi_1193                 MOAI22D0BWP30P140HVT
                                          tcbn28hpcplusbwp30p140hvt
ctmi_11930                ND2D0BWP30P140HVT
                                          tcbn28hpcplusbwp30p140hvt
ctmi_11931                OAI22D0BWP30P140HVT
                                          tcbn28hpcplusbwp30p140hvt
ctmi_11933                ND2D0BWP30P140HVT
                                          tcbn28hpcplusbwp30p140hvt
ctmi_11936                OR2D0BWP30P140HVT
                                          tcbn28hpcplusbwp30p140hvt
ctmi_11937                AOI221D0BWP30P140HVT
                                          tcbn28hpcplusbwp30p140hvt
ctmi_11938                NR2D0BWP30P140HVT
                                          tcbn28hpcplusbwp30p140hvt
ctmi_11940                OAI22D0BWP30P140HVT
                                          tcbn28hpcplusbwp30p140hvt
ctmi_11944                OR2D0BWP30P140HVT
                                          tcbn28hpcplusbwp30p140hvt
ctmi_11945                ND2D0BWP30P140HVT
                                          tcbn28hpcplusbwp30p140hvt
ctmi_11946                AOI221D0BWP30P140HVT
                                          tcbn28hpcplusbwp30p140hvt
ctmi_11947                NR2D0BWP30P140HVT
                                          tcbn28hpcplusbwp30p140hvt
ctmi_11948                NR2D0BWP30P140HVT
                                          tcbn28hpcplusbwp30p140hvt
ctmi_11950                OAI22D0BWP30P140HVT
                                          tcbn28hpcplusbwp30p140hvt
ctmi_11952                ND2D0BWP30P140HVT
                                          tcbn28hpcplusbwp30p140hvt
ctmi_11956                OAI211D0BWP30P140HVT
                                          tcbn28hpcplusbwp30p140hvt
ctmi_1196                 AN3D0BWP30P140HVT
                                          tcbn28hpcplusbwp30p140hvt
ctmi_11960                AOI221D0BWP30P140HVT
                                          tcbn28hpcplusbwp30p140hvt
ctmi_11961                NR2D0BWP30P140HVT
                                          tcbn28hpcplusbwp30p140hvt
ctmi_11962                NR2D0BWP30P140HVT
                                          tcbn28hpcplusbwp30p140hvt
ctmi_11963                OAI22D0BWP30P140HVT
                                          tcbn28hpcplusbwp30p140hvt
ctmi_11967                ND2D0BWP30P140HVT
                                          tcbn28hpcplusbwp30p140hvt
ctmi_11968                AOI222D0BWP30P140HVT
                                          tcbn28hpcplusbwp30p140hvt
ctmi_11969                NR2D0BWP30P140HVT
                                          tcbn28hpcplusbwp30p140hvt
ctmi_11970                NR2D0BWP30P140HVT
                                          tcbn28hpcplusbwp30p140hvt
ctmi_11971                NR2D0BWP30P140HVT
                                          tcbn28hpcplusbwp30p140hvt
ctmi_11972                OAI211D0BWP30P140HVT
                                          tcbn28hpcplusbwp30p140hvt
ctmi_11975                AOI221D0BWP30P140HVT
                                          tcbn28hpcplusbwp30p140hvt
ctmi_11976                NR2D0BWP30P140HVT
                                          tcbn28hpcplusbwp30p140hvt
ctmi_11977                NR2D0BWP30P140HVT
                                          tcbn28hpcplusbwp30p140hvt
ctmi_11978                OAI22D0BWP30P140HVT
                                          tcbn28hpcplusbwp30p140hvt
ctmi_11980                ND2D0BWP30P140HVT
                                          tcbn28hpcplusbwp30p140hvt
ctmi_11982                ND2D0BWP30P140HVT
                                          tcbn28hpcplusbwp30p140hvt
ctmi_11983                AOI222D0BWP30P140HVT
                                          tcbn28hpcplusbwp30p140hvt
ctmi_11984                NR2D0BWP30P140HVT
                                          tcbn28hpcplusbwp30p140hvt
ctmi_11985                NR2D0BWP30P140HVT
                                          tcbn28hpcplusbwp30p140hvt
ctmi_11986                NR2D0BWP30P140HVT
                                          tcbn28hpcplusbwp30p140hvt
ctmi_11987                ND4D0BWP30P140HVT
                                          tcbn28hpcplusbwp30p140hvt
ctmi_11988                AOI221D0BWP30P140HVT
                                          tcbn28hpcplusbwp30p140hvt
ctmi_11989                NR2D0BWP30P140HVT
                                          tcbn28hpcplusbwp30p140hvt
ctmi_11990                NR2D0BWP30P140HVT
                                          tcbn28hpcplusbwp30p140hvt
ctmi_11991                OAI22D0BWP30P140HVT
                                          tcbn28hpcplusbwp30p140hvt
ctmi_11993                OR2D0BWP30P140HVT
                                          tcbn28hpcplusbwp30p140hvt
ctmi_11995                ND2D0BWP30P140HVT
                                          tcbn28hpcplusbwp30p140hvt
ctmi_11996                AOI221D0BWP30P140HVT
                                          tcbn28hpcplusbwp30p140hvt
ctmi_11997                NR2D0BWP30P140HVT
                                          tcbn28hpcplusbwp30p140hvt
ctmi_11998                NR2D0BWP30P140HVT
                                          tcbn28hpcplusbwp30p140hvt
ctmi_11999                OAI22D0BWP30P140HVT
                                          tcbn28hpcplusbwp30p140hvt
ctmi_120                  CKND0BWP30P140HVT
                                          tcbn28hpcplusbwp30p140hvt
ctmi_12001                ND2D0BWP30P140HVT
                                          tcbn28hpcplusbwp30p140hvt
ctmi_12003                OR2D0BWP30P140HVT
                                          tcbn28hpcplusbwp30p140hvt
ctmi_12004                AOI221D0BWP30P140HVT
                                          tcbn28hpcplusbwp30p140hvt
ctmi_12005                NR2D0BWP30P140HVT
                                          tcbn28hpcplusbwp30p140hvt
ctmi_12006                NR2D0BWP30P140HVT
                                          tcbn28hpcplusbwp30p140hvt
ctmi_12007                OAI22D0BWP30P140HVT
                                          tcbn28hpcplusbwp30p140hvt
ctmi_12009                OR2D0BWP30P140HVT
                                          tcbn28hpcplusbwp30p140hvt
ctmi_12011                ND2D0BWP30P140HVT
                                          tcbn28hpcplusbwp30p140hvt
ctmi_12012                AOI221D0BWP30P140HVT
                                          tcbn28hpcplusbwp30p140hvt
ctmi_12013                NR2D0BWP30P140HVT
                                          tcbn28hpcplusbwp30p140hvt
ctmi_12014                NR2D0BWP30P140HVT
                                          tcbn28hpcplusbwp30p140hvt
ctmi_12015                OAI22D0BWP30P140HVT
                                          tcbn28hpcplusbwp30p140hvt
ctmi_12019                ND2D0BWP30P140HVT
                                          tcbn28hpcplusbwp30p140hvt
ctmi_12020                ND4D0BWP30P140HVT
                                          tcbn28hpcplusbwp30p140hvt
ctmi_12021                AOI221D0BWP30P140HVT
                                          tcbn28hpcplusbwp30p140hvt
ctmi_12022                OAI22D0BWP30P140HVT
                                          tcbn28hpcplusbwp30p140hvt
ctmi_12025                AOI221D0BWP30P140HVT
                                          tcbn28hpcplusbwp30p140hvt
ctmi_12026                OAI22D0BWP30P140HVT
                                          tcbn28hpcplusbwp30p140hvt
ctmi_12029                AOI221D0BWP30P140HVT
                                          tcbn28hpcplusbwp30p140hvt
ctmi_12030                OAI211D0BWP30P140HVT
                                          tcbn28hpcplusbwp30p140hvt
ctmi_12032                AOI22D0BWP30P140HVT
                                          tcbn28hpcplusbwp30p140hvt
ctmi_12033                AOI222D0BWP30P140HVT
                                          tcbn28hpcplusbwp30p140hvt
ctmi_12034                NR4D0BWP30P140HVT
                                          tcbn28hpcplusbwp30p140hvt
ctmi_12035                ND4D0BWP30P140HVT
                                          tcbn28hpcplusbwp30p140hvt
ctmi_12036                AOI221D0BWP30P140HVT
                                          tcbn28hpcplusbwp30p140hvt
ctmi_12037                OAI22D0BWP30P140HVT
                                          tcbn28hpcplusbwp30p140hvt
ctmi_1204                 AN2D1BWP30P140HVT
                                          tcbn28hpcplusbwp30p140hvt
ctmi_12040                AOI221D0BWP30P140HVT
                                          tcbn28hpcplusbwp30p140hvt
ctmi_12041                OAI22D0BWP30P140HVT
                                          tcbn28hpcplusbwp30p140hvt
ctmi_12044                AOI221D0BWP30P140HVT
                                          tcbn28hpcplusbwp30p140hvt
ctmi_12045                OAI22D0BWP30P140HVT
                                          tcbn28hpcplusbwp30p140hvt
ctmi_12048                AOI221D0BWP30P140HVT
                                          tcbn28hpcplusbwp30p140hvt
ctmi_12049                OAI22D0BWP30P140HVT
                                          tcbn28hpcplusbwp30p140hvt
ctmi_1205                 AN2D0BWP30P140HVT
                                          tcbn28hpcplusbwp30p140hvt
ctmi_12052                OAI211D0BWP30P140HVT
                                          tcbn28hpcplusbwp30p140hvt
ctmi_12054                AOI221D0BWP30P140HVT
                                          tcbn28hpcplusbwp30p140hvt
ctmi_12055                OAI22D0BWP30P140HVT
                                          tcbn28hpcplusbwp30p140hvt
ctmi_12058                AOI222D0BWP30P140HVT
                                          tcbn28hpcplusbwp30p140hvt
ctmi_12059                OAI211D0BWP30P140HVT
                                          tcbn28hpcplusbwp30p140hvt
ctmi_1206                 AN2D0BWP30P140HVT
                                          tcbn28hpcplusbwp30p140hvt
ctmi_12061                AOI221D0BWP30P140HVT
                                          tcbn28hpcplusbwp30p140hvt
ctmi_12062                OAI22D0BWP30P140HVT
                                          tcbn28hpcplusbwp30p140hvt
ctmi_12065                AOI222D0BWP30P140HVT
                                          tcbn28hpcplusbwp30p140hvt
ctmi_12066                ND4D0BWP30P140HVT
                                          tcbn28hpcplusbwp30p140hvt
ctmi_12067                AOI221D0BWP30P140HVT
                                          tcbn28hpcplusbwp30p140hvt
ctmi_12068                OAI22D0BWP30P140HVT
                                          tcbn28hpcplusbwp30p140hvt
ctmi_1207                 AN2D0BWP30P140HVT
                                          tcbn28hpcplusbwp30p140hvt
ctmi_12071                AOI221D0BWP30P140HVT
                                          tcbn28hpcplusbwp30p140hvt
ctmi_12072                OAI22D0BWP30P140HVT
                                          tcbn28hpcplusbwp30p140hvt
ctmi_12075                AOI221D0BWP30P140HVT
                                          tcbn28hpcplusbwp30p140hvt
ctmi_12076                OAI22D0BWP30P140HVT
                                          tcbn28hpcplusbwp30p140hvt
ctmi_12079                AOI221D0BWP30P140HVT
                                          tcbn28hpcplusbwp30p140hvt
ctmi_1208                 AN2D0BWP30P140HVT
                                          tcbn28hpcplusbwp30p140hvt
ctmi_12080                OAI22D0BWP30P140HVT
                                          tcbn28hpcplusbwp30p140hvt
ctmi_12083                ND4D0BWP30P140HVT
                                          tcbn28hpcplusbwp30p140hvt
ctmi_12084                AOI221D0BWP30P140HVT
                                          tcbn28hpcplusbwp30p140hvt
ctmi_12085                OAI22D0BWP30P140HVT
                                          tcbn28hpcplusbwp30p140hvt
ctmi_12088                AOI221D0BWP30P140HVT
                                          tcbn28hpcplusbwp30p140hvt
ctmi_12089                OAI22D0BWP30P140HVT
                                          tcbn28hpcplusbwp30p140hvt
ctmi_1209                 AN2D1BWP30P140HVT
                                          tcbn28hpcplusbwp30p140hvt
ctmi_12092                AOI221D0BWP30P140HVT
                                          tcbn28hpcplusbwp30p140hvt
ctmi_12093                OAI211D0BWP30P140HVT
                                          tcbn28hpcplusbwp30p140hvt
ctmi_12095                AOI22D0BWP30P140HVT
                                          tcbn28hpcplusbwp30p140hvt
ctmi_12096                AOI222D0BWP30P140HVT
                                          tcbn28hpcplusbwp30p140hvt
ctmi_12097                NR4D0BWP30P140HVT
                                          tcbn28hpcplusbwp30p140hvt
ctmi_12098                ND4D0BWP30P140HVT
                                          tcbn28hpcplusbwp30p140hvt
ctmi_12099                AOI221D0BWP30P140HVT
                                          tcbn28hpcplusbwp30p140hvt
ctmi_1210                 AN2D0BWP30P140HVT
                                          tcbn28hpcplusbwp30p140hvt
ctmi_12100                OAI22D0BWP30P140HVT
                                          tcbn28hpcplusbwp30p140hvt
ctmi_12103                AOI221D0BWP30P140HVT
                                          tcbn28hpcplusbwp30p140hvt
ctmi_12104                OAI22D0BWP30P140HVT
                                          tcbn28hpcplusbwp30p140hvt
ctmi_12107                AOI221D0BWP30P140HVT
                                          tcbn28hpcplusbwp30p140hvt
ctmi_12108                OAI22D0BWP30P140HVT
                                          tcbn28hpcplusbwp30p140hvt
ctmi_1211                 AN2D0BWP30P140HVT
                                          tcbn28hpcplusbwp30p140hvt
ctmi_12111                AOI221D0BWP30P140HVT
                                          tcbn28hpcplusbwp30p140hvt
ctmi_12112                OAI22D0BWP30P140HVT
                                          tcbn28hpcplusbwp30p140hvt
ctmi_12115                OAI211D0BWP30P140HVT
                                          tcbn28hpcplusbwp30p140hvt
ctmi_12117                AOI221D0BWP30P140HVT
                                          tcbn28hpcplusbwp30p140hvt
ctmi_12118                OAI22D0BWP30P140HVT
                                          tcbn28hpcplusbwp30p140hvt
ctmi_1212                 AN2D0BWP30P140HVT
                                          tcbn28hpcplusbwp30p140hvt
ctmi_12121                AOI222D0BWP30P140HVT
                                          tcbn28hpcplusbwp30p140hvt
ctmi_12122                OAI211D0BWP30P140HVT
                                          tcbn28hpcplusbwp30p140hvt
ctmi_12124                AOI221D0BWP30P140HVT
                                          tcbn28hpcplusbwp30p140hvt
ctmi_12125                OAI22D0BWP30P140HVT
                                          tcbn28hpcplusbwp30p140hvt
ctmi_12128                AOI222D0BWP30P140HVT
                                          tcbn28hpcplusbwp30p140hvt
ctmi_12129                ND4D0BWP30P140HVT
                                          tcbn28hpcplusbwp30p140hvt
ctmi_1213                 AN2D0BWP30P140HVT
                                          tcbn28hpcplusbwp30p140hvt
ctmi_12130                AOI221D0BWP30P140HVT
                                          tcbn28hpcplusbwp30p140hvt
ctmi_12131                OAI22D0BWP30P140HVT
                                          tcbn28hpcplusbwp30p140hvt
ctmi_12134                AOI221D0BWP30P140HVT
                                          tcbn28hpcplusbwp30p140hvt
ctmi_12135                OAI22D0BWP30P140HVT
                                          tcbn28hpcplusbwp30p140hvt
ctmi_12138                AOI221D0BWP30P140HVT
                                          tcbn28hpcplusbwp30p140hvt
ctmi_12139                OAI22D0BWP30P140HVT
                                          tcbn28hpcplusbwp30p140hvt
ctmi_1214                 AN2D0BWP30P140HVT
                                          tcbn28hpcplusbwp30p140hvt
ctmi_12142                AOI221D0BWP30P140HVT
                                          tcbn28hpcplusbwp30p140hvt
ctmi_12143                OAI22D0BWP30P140HVT
                                          tcbn28hpcplusbwp30p140hvt
ctmi_12146                ND4D0BWP30P140HVT
                                          tcbn28hpcplusbwp30p140hvt
ctmi_12147                AOI221D0BWP30P140HVT
                                          tcbn28hpcplusbwp30p140hvt
ctmi_12148                OAI22D0BWP30P140HVT
                                          tcbn28hpcplusbwp30p140hvt
ctmi_1215                 AN2D0BWP30P140HVT
                                          tcbn28hpcplusbwp30p140hvt
ctmi_12151                AOI221D0BWP30P140HVT
                                          tcbn28hpcplusbwp30p140hvt
ctmi_12152                OAI22D0BWP30P140HVT
                                          tcbn28hpcplusbwp30p140hvt
ctmi_12155                AOI221D0BWP30P140HVT
                                          tcbn28hpcplusbwp30p140hvt
ctmi_12156                OAI211D0BWP30P140HVT
                                          tcbn28hpcplusbwp30p140hvt
ctmi_12158                AOI22D0BWP30P140HVT
                                          tcbn28hpcplusbwp30p140hvt
ctmi_12159                AOI222D0BWP30P140HVT
                                          tcbn28hpcplusbwp30p140hvt
ctmi_1216                 AN2D0BWP30P140HVT
                                          tcbn28hpcplusbwp30p140hvt
ctmi_12160                NR4D0BWP30P140HVT
                                          tcbn28hpcplusbwp30p140hvt
ctmi_12161                ND4D0BWP30P140HVT
                                          tcbn28hpcplusbwp30p140hvt
ctmi_12162                AOI221D0BWP30P140HVT
                                          tcbn28hpcplusbwp30p140hvt
ctmi_12163                OAI22D0BWP30P140HVT
                                          tcbn28hpcplusbwp30p140hvt
ctmi_12166                AOI221D0BWP30P140HVT
                                          tcbn28hpcplusbwp30p140hvt
ctmi_12167                OAI22D0BWP30P140HVT
                                          tcbn28hpcplusbwp30p140hvt
ctmi_1217                 AN2D0BWP30P140HVT
                                          tcbn28hpcplusbwp30p140hvt
ctmi_12170                AOI221D0BWP30P140HVT
                                          tcbn28hpcplusbwp30p140hvt
ctmi_12171                OAI22D0BWP30P140HVT
                                          tcbn28hpcplusbwp30p140hvt
ctmi_12174                AOI221D0BWP30P140HVT
                                          tcbn28hpcplusbwp30p140hvt
ctmi_12175                OAI22D0BWP30P140HVT
                                          tcbn28hpcplusbwp30p140hvt
ctmi_12178                OAI211D0BWP30P140HVT
                                          tcbn28hpcplusbwp30p140hvt
ctmi_1218                 AN2D0BWP30P140HVT
                                          tcbn28hpcplusbwp30p140hvt
ctmi_12180                AOI221D0BWP30P140HVT
                                          tcbn28hpcplusbwp30p140hvt
ctmi_12181                OAI22D0BWP30P140HVT
                                          tcbn28hpcplusbwp30p140hvt
ctmi_12184                AOI222D0BWP30P140HVT
                                          tcbn28hpcplusbwp30p140hvt
ctmi_12185                OAI211D0BWP30P140HVT
                                          tcbn28hpcplusbwp30p140hvt
ctmi_12187                AOI221D0BWP30P140HVT
                                          tcbn28hpcplusbwp30p140hvt
ctmi_12188                OAI22D0BWP30P140HVT
                                          tcbn28hpcplusbwp30p140hvt
ctmi_1219                 AN2D0BWP30P140HVT
                                          tcbn28hpcplusbwp30p140hvt
ctmi_12191                AOI222D0BWP30P140HVT
                                          tcbn28hpcplusbwp30p140hvt
ctmi_12192                ND4D0BWP30P140HVT
                                          tcbn28hpcplusbwp30p140hvt
ctmi_12193                AOI221D0BWP30P140HVT
                                          tcbn28hpcplusbwp30p140hvt
ctmi_12194                OAI22D0BWP30P140HVT
                                          tcbn28hpcplusbwp30p140hvt
ctmi_12197                AOI221D0BWP30P140HVT
                                          tcbn28hpcplusbwp30p140hvt
ctmi_12198                OAI22D0BWP30P140HVT
                                          tcbn28hpcplusbwp30p140hvt
ctmi_1220                 AN2D0BWP30P140HVT
                                          tcbn28hpcplusbwp30p140hvt
ctmi_12201                AOI221D0BWP30P140HVT
                                          tcbn28hpcplusbwp30p140hvt
ctmi_12202                OAI22D0BWP30P140HVT
                                          tcbn28hpcplusbwp30p140hvt
ctmi_12205                AOI221D0BWP30P140HVT
                                          tcbn28hpcplusbwp30p140hvt
ctmi_12206                OAI22D0BWP30P140HVT
                                          tcbn28hpcplusbwp30p140hvt
ctmi_12209                ND4D0BWP30P140HVT
                                          tcbn28hpcplusbwp30p140hvt
ctmi_1221                 AN2D0BWP30P140HVT
                                          tcbn28hpcplusbwp30p140hvt
ctmi_12210                AOI221D0BWP30P140HVT
                                          tcbn28hpcplusbwp30p140hvt
ctmi_12211                OAI22D0BWP30P140HVT
                                          tcbn28hpcplusbwp30p140hvt
ctmi_12214                AOI221D0BWP30P140HVT
                                          tcbn28hpcplusbwp30p140hvt
ctmi_12215                OAI22D0BWP30P140HVT
                                          tcbn28hpcplusbwp30p140hvt
ctmi_12218                AOI221D0BWP30P140HVT
                                          tcbn28hpcplusbwp30p140hvt
ctmi_12219                OAI211D0BWP30P140HVT
                                          tcbn28hpcplusbwp30p140hvt
ctmi_1222                 AN2D0BWP30P140HVT
                                          tcbn28hpcplusbwp30p140hvt
ctmi_12221                AOI22D0BWP30P140HVT
                                          tcbn28hpcplusbwp30p140hvt
ctmi_12222                AOI222D0BWP30P140HVT
                                          tcbn28hpcplusbwp30p140hvt
ctmi_12223                NR4D0BWP30P140HVT
                                          tcbn28hpcplusbwp30p140hvt
ctmi_12224                ND4D0BWP30P140HVT
                                          tcbn28hpcplusbwp30p140hvt
ctmi_12225                AOI221D0BWP30P140HVT
                                          tcbn28hpcplusbwp30p140hvt
ctmi_12226                OAI22D0BWP30P140HVT
                                          tcbn28hpcplusbwp30p140hvt
ctmi_12229                AOI221D0BWP30P140HVT
                                          tcbn28hpcplusbwp30p140hvt
ctmi_1223                 AN2D1BWP30P140HVT
                                          tcbn28hpcplusbwp30p140hvt
ctmi_12230                OAI22D0BWP30P140HVT
                                          tcbn28hpcplusbwp30p140hvt
ctmi_12233                AOI221D0BWP30P140HVT
                                          tcbn28hpcplusbwp30p140hvt
ctmi_12234                OAI22D0BWP30P140HVT
                                          tcbn28hpcplusbwp30p140hvt
ctmi_12237                AOI221D0BWP30P140HVT
                                          tcbn28hpcplusbwp30p140hvt
ctmi_12238                OAI22D0BWP30P140HVT
                                          tcbn28hpcplusbwp30p140hvt
ctmi_1224                 AN2D1BWP30P140HVT
                                          tcbn28hpcplusbwp30p140hvt
ctmi_12241                OAI211D0BWP30P140HVT
                                          tcbn28hpcplusbwp30p140hvt
ctmi_12243                AOI221D0BWP30P140HVT
                                          tcbn28hpcplusbwp30p140hvt
ctmi_12244                OAI22D0BWP30P140HVT
                                          tcbn28hpcplusbwp30p140hvt
ctmi_12247                AOI222D0BWP30P140HVT
                                          tcbn28hpcplusbwp30p140hvt
ctmi_12248                OAI211D0BWP30P140HVT
                                          tcbn28hpcplusbwp30p140hvt
ctmi_1225                 AN2D0BWP30P140HVT
                                          tcbn28hpcplusbwp30p140hvt
ctmi_12250                AOI221D0BWP30P140HVT
                                          tcbn28hpcplusbwp30p140hvt
ctmi_12251                OAI22D0BWP30P140HVT
                                          tcbn28hpcplusbwp30p140hvt
ctmi_12254                AOI222D0BWP30P140HVT
                                          tcbn28hpcplusbwp30p140hvt
ctmi_12255                ND4D0BWP30P140HVT
                                          tcbn28hpcplusbwp30p140hvt
ctmi_12256                AOI221D0BWP30P140HVT
                                          tcbn28hpcplusbwp30p140hvt
ctmi_12257                OAI22D0BWP30P140HVT
                                          tcbn28hpcplusbwp30p140hvt
ctmi_1226                 AN2D0BWP30P140HVT
                                          tcbn28hpcplusbwp30p140hvt
ctmi_12260                AOI221D0BWP30P140HVT
                                          tcbn28hpcplusbwp30p140hvt
ctmi_12261                OAI22D0BWP30P140HVT
                                          tcbn28hpcplusbwp30p140hvt
ctmi_12264                AOI221D0BWP30P140HVT
                                          tcbn28hpcplusbwp30p140hvt
ctmi_12265                OAI22D0BWP30P140HVT
                                          tcbn28hpcplusbwp30p140hvt
ctmi_12268                AOI221D0BWP30P140HVT
                                          tcbn28hpcplusbwp30p140hvt
ctmi_12269                OAI22D0BWP30P140HVT
                                          tcbn28hpcplusbwp30p140hvt
ctmi_1227                 AN2D0BWP30P140HVT
                                          tcbn28hpcplusbwp30p140hvt
ctmi_12272                ND4D0BWP30P140HVT
                                          tcbn28hpcplusbwp30p140hvt
ctmi_12273                AOI221D0BWP30P140HVT
                                          tcbn28hpcplusbwp30p140hvt
ctmi_12274                OAI22D0BWP30P140HVT
                                          tcbn28hpcplusbwp30p140hvt
ctmi_12277                AOI221D0BWP30P140HVT
                                          tcbn28hpcplusbwp30p140hvt
ctmi_12278                OAI22D0BWP30P140HVT
                                          tcbn28hpcplusbwp30p140hvt
ctmi_1228                 AN2D0BWP30P140HVT
                                          tcbn28hpcplusbwp30p140hvt
ctmi_12281                AOI221D0BWP30P140HVT
                                          tcbn28hpcplusbwp30p140hvt
ctmi_12282                OAI211D0BWP30P140HVT
                                          tcbn28hpcplusbwp30p140hvt
ctmi_12284                AOI22D0BWP30P140HVT
                                          tcbn28hpcplusbwp30p140hvt
ctmi_12285                AOI222D0BWP30P140HVT
                                          tcbn28hpcplusbwp30p140hvt
ctmi_12286                NR4D0BWP30P140HVT
                                          tcbn28hpcplusbwp30p140hvt
ctmi_12287                ND4D0BWP30P140HVT
                                          tcbn28hpcplusbwp30p140hvt
ctmi_12288                AOI221D0BWP30P140HVT
                                          tcbn28hpcplusbwp30p140hvt
ctmi_12289                OAI22D0BWP30P140HVT
                                          tcbn28hpcplusbwp30p140hvt
ctmi_1229                 AN2D0BWP30P140HVT
                                          tcbn28hpcplusbwp30p140hvt
ctmi_12292                AOI221D0BWP30P140HVT
                                          tcbn28hpcplusbwp30p140hvt
ctmi_12293                OAI22D0BWP30P140HVT
                                          tcbn28hpcplusbwp30p140hvt
ctmi_12296                AOI221D0BWP30P140HVT
                                          tcbn28hpcplusbwp30p140hvt
ctmi_12297                OAI22D0BWP30P140HVT
                                          tcbn28hpcplusbwp30p140hvt
ctmi_1230                 AN2D0BWP30P140HVT
                                          tcbn28hpcplusbwp30p140hvt
ctmi_12300                AOI221D0BWP30P140HVT
                                          tcbn28hpcplusbwp30p140hvt
ctmi_12301                OAI22D0BWP30P140HVT
                                          tcbn28hpcplusbwp30p140hvt
ctmi_12304                OAI211D0BWP30P140HVT
                                          tcbn28hpcplusbwp30p140hvt
ctmi_12306                AOI221D0BWP30P140HVT
                                          tcbn28hpcplusbwp30p140hvt
ctmi_12307                OAI22D0BWP30P140HVT
                                          tcbn28hpcplusbwp30p140hvt
ctmi_1231                 AN2D0BWP30P140HVT
                                          tcbn28hpcplusbwp30p140hvt
ctmi_12310                AOI222D0BWP30P140HVT
                                          tcbn28hpcplusbwp30p140hvt
ctmi_12311                OAI211D0BWP30P140HVT
                                          tcbn28hpcplusbwp30p140hvt
ctmi_12313                AOI221D0BWP30P140HVT
                                          tcbn28hpcplusbwp30p140hvt
ctmi_12314                OAI22D0BWP30P140HVT
                                          tcbn28hpcplusbwp30p140hvt
ctmi_12317                AOI222D0BWP30P140HVT
                                          tcbn28hpcplusbwp30p140hvt
ctmi_12318                ND4D0BWP30P140HVT
                                          tcbn28hpcplusbwp30p140hvt
ctmi_12319                AOI221D0BWP30P140HVT
                                          tcbn28hpcplusbwp30p140hvt
ctmi_1232                 AN2D0BWP30P140HVT
                                          tcbn28hpcplusbwp30p140hvt
ctmi_12320                OAI22D0BWP30P140HVT
                                          tcbn28hpcplusbwp30p140hvt
ctmi_12323                AOI221D0BWP30P140HVT
                                          tcbn28hpcplusbwp30p140hvt
ctmi_12324                OAI22D0BWP30P140HVT
                                          tcbn28hpcplusbwp30p140hvt
ctmi_12327                AOI221D0BWP30P140HVT
                                          tcbn28hpcplusbwp30p140hvt
ctmi_12328                OAI22D0BWP30P140HVT
                                          tcbn28hpcplusbwp30p140hvt
ctmi_1233                 AN2D0BWP30P140HVT
                                          tcbn28hpcplusbwp30p140hvt
ctmi_12331                AOI221D0BWP30P140HVT
                                          tcbn28hpcplusbwp30p140hvt
ctmi_12332                OAI22D0BWP30P140HVT
                                          tcbn28hpcplusbwp30p140hvt
ctmi_12335                ND4D0BWP30P140HVT
                                          tcbn28hpcplusbwp30p140hvt
ctmi_12336                AOI221D0BWP30P140HVT
                                          tcbn28hpcplusbwp30p140hvt
ctmi_12337                OAI22D0BWP30P140HVT
                                          tcbn28hpcplusbwp30p140hvt
ctmi_1234                 AN2D1BWP30P140HVT
                                          tcbn28hpcplusbwp30p140hvt
ctmi_12340                AOI221D0BWP30P140HVT
                                          tcbn28hpcplusbwp30p140hvt
ctmi_12341                OAI22D0BWP30P140HVT
                                          tcbn28hpcplusbwp30p140hvt
ctmi_12344                AOI221D0BWP30P140HVT
                                          tcbn28hpcplusbwp30p140hvt
ctmi_12345                OAI211D0BWP30P140HVT
                                          tcbn28hpcplusbwp30p140hvt
ctmi_12347                AOI22D0BWP30P140HVT
                                          tcbn28hpcplusbwp30p140hvt
ctmi_12348                AOI222D0BWP30P140HVT
                                          tcbn28hpcplusbwp30p140hvt
ctmi_12349                NR4D0BWP30P140HVT
                                          tcbn28hpcplusbwp30p140hvt
ctmi_1235                 AN2D0BWP30P140HVT
                                          tcbn28hpcplusbwp30p140hvt
ctmi_12350                ND4D0BWP30P140HVT
                                          tcbn28hpcplusbwp30p140hvt
ctmi_12351                AOI221D0BWP30P140HVT
                                          tcbn28hpcplusbwp30p140hvt
ctmi_12352                OAI22D0BWP30P140HVT
                                          tcbn28hpcplusbwp30p140hvt
ctmi_12355                AOI221D0BWP30P140HVT
                                          tcbn28hpcplusbwp30p140hvt
ctmi_12356                OAI22D0BWP30P140HVT
                                          tcbn28hpcplusbwp30p140hvt
ctmi_12359                AOI221D0BWP30P140HVT
                                          tcbn28hpcplusbwp30p140hvt
ctmi_1236                 AN2D0BWP30P140HVT
                                          tcbn28hpcplusbwp30p140hvt
ctmi_12360                OAI22D0BWP30P140HVT
                                          tcbn28hpcplusbwp30p140hvt
ctmi_12363                AOI221D0BWP30P140HVT
                                          tcbn28hpcplusbwp30p140hvt
ctmi_12364                OAI22D0BWP30P140HVT
                                          tcbn28hpcplusbwp30p140hvt
ctmi_12367                OAI211D0BWP30P140HVT
                                          tcbn28hpcplusbwp30p140hvt
ctmi_12369                AOI221D0BWP30P140HVT
                                          tcbn28hpcplusbwp30p140hvt
ctmi_1237                 AN2D0BWP30P140HVT
                                          tcbn28hpcplusbwp30p140hvt
ctmi_12370                OAI22D0BWP30P140HVT
                                          tcbn28hpcplusbwp30p140hvt
ctmi_12373                AOI222D0BWP30P140HVT
                                          tcbn28hpcplusbwp30p140hvt
ctmi_12374                OAI211D0BWP30P140HVT
                                          tcbn28hpcplusbwp30p140hvt
ctmi_12376                AOI221D0BWP30P140HVT
                                          tcbn28hpcplusbwp30p140hvt
ctmi_12377                OAI22D0BWP30P140HVT
                                          tcbn28hpcplusbwp30p140hvt
ctmi_1238                 AN2D1BWP30P140HVT
                                          tcbn28hpcplusbwp30p140hvt
ctmi_12380                AOI222D0BWP30P140HVT
                                          tcbn28hpcplusbwp30p140hvt
ctmi_12381                ND4D0BWP30P140HVT
                                          tcbn28hpcplusbwp30p140hvt
ctmi_12382                AOI221D0BWP30P140HVT
                                          tcbn28hpcplusbwp30p140hvt
ctmi_12383                OAI22D0BWP30P140HVT
                                          tcbn28hpcplusbwp30p140hvt
ctmi_12386                AOI221D0BWP30P140HVT
                                          tcbn28hpcplusbwp30p140hvt
ctmi_12387                OAI22D0BWP30P140HVT
                                          tcbn28hpcplusbwp30p140hvt
ctmi_1239                 AN2D1BWP30P140HVT
                                          tcbn28hpcplusbwp30p140hvt
ctmi_12390                AOI221D0BWP30P140HVT
                                          tcbn28hpcplusbwp30p140hvt
ctmi_12391                OAI22D0BWP30P140HVT
                                          tcbn28hpcplusbwp30p140hvt
ctmi_12394                AOI221D0BWP30P140HVT
                                          tcbn28hpcplusbwp30p140hvt
ctmi_12395                OAI22D0BWP30P140HVT
                                          tcbn28hpcplusbwp30p140hvt
ctmi_12398                ND4D0BWP30P140HVT
                                          tcbn28hpcplusbwp30p140hvt
ctmi_12399                AOI221D0BWP30P140HVT
                                          tcbn28hpcplusbwp30p140hvt
ctmi_1240                 AN2D0BWP30P140HVT
                                          tcbn28hpcplusbwp30p140hvt
ctmi_12400                OAI22D0BWP30P140HVT
                                          tcbn28hpcplusbwp30p140hvt
ctmi_12403                AOI221D0BWP30P140HVT
                                          tcbn28hpcplusbwp30p140hvt
ctmi_12404                OAI22D0BWP30P140HVT
                                          tcbn28hpcplusbwp30p140hvt
ctmi_12407                AOI221D0BWP30P140HVT
                                          tcbn28hpcplusbwp30p140hvt
ctmi_12408                OAI211D0BWP30P140HVT
                                          tcbn28hpcplusbwp30p140hvt
ctmi_1241                 AN2D0BWP30P140HVT
                                          tcbn28hpcplusbwp30p140hvt
ctmi_12410                AOI22D0BWP30P140HVT
                                          tcbn28hpcplusbwp30p140hvt
ctmi_12411                AOI222D0BWP30P140HVT
                                          tcbn28hpcplusbwp30p140hvt
ctmi_12412                NR4D0BWP30P140HVT
                                          tcbn28hpcplusbwp30p140hvt
ctmi_12413                ND4D0BWP30P140HVT
                                          tcbn28hpcplusbwp30p140hvt
ctmi_12414                AOI221D0BWP30P140HVT
                                          tcbn28hpcplusbwp30p140hvt
ctmi_12415                OAI22D0BWP30P140HVT
                                          tcbn28hpcplusbwp30p140hvt
ctmi_12418                AOI221D0BWP30P140HVT
                                          tcbn28hpcplusbwp30p140hvt
ctmi_12419                OAI22D0BWP30P140HVT
                                          tcbn28hpcplusbwp30p140hvt
ctmi_1242                 AN2D0BWP30P140HVT
                                          tcbn28hpcplusbwp30p140hvt
ctmi_12422                AOI221D0BWP30P140HVT
                                          tcbn28hpcplusbwp30p140hvt
ctmi_12423                OAI22D0BWP30P140HVT
                                          tcbn28hpcplusbwp30p140hvt
ctmi_12426                AOI221D0BWP30P140HVT
                                          tcbn28hpcplusbwp30p140hvt
ctmi_12427                OAI22D0BWP30P140HVT
                                          tcbn28hpcplusbwp30p140hvt
ctmi_1243                 AN2D1BWP30P140HVT
                                          tcbn28hpcplusbwp30p140hvt
ctmi_12430                OAI211D0BWP30P140HVT
                                          tcbn28hpcplusbwp30p140hvt
ctmi_12432                AOI221D0BWP30P140HVT
                                          tcbn28hpcplusbwp30p140hvt
ctmi_12433                OAI22D0BWP30P140HVT
                                          tcbn28hpcplusbwp30p140hvt
ctmi_12436                AOI222D0BWP30P140HVT
                                          tcbn28hpcplusbwp30p140hvt
ctmi_12437                OAI211D0BWP30P140HVT
                                          tcbn28hpcplusbwp30p140hvt
ctmi_12439                AOI221D0BWP30P140HVT
                                          tcbn28hpcplusbwp30p140hvt
ctmi_1244                 AN2D0BWP30P140HVT
                                          tcbn28hpcplusbwp30p140hvt
ctmi_12440                OAI22D0BWP30P140HVT
                                          tcbn28hpcplusbwp30p140hvt
ctmi_12443                AOI222D0BWP30P140HVT
                                          tcbn28hpcplusbwp30p140hvt
ctmi_12444                ND4D0BWP30P140HVT
                                          tcbn28hpcplusbwp30p140hvt
ctmi_12445                AOI221D0BWP30P140HVT
                                          tcbn28hpcplusbwp30p140hvt
ctmi_12446                OAI22D0BWP30P140HVT
                                          tcbn28hpcplusbwp30p140hvt
ctmi_12449                AOI221D0BWP30P140HVT
                                          tcbn28hpcplusbwp30p140hvt
ctmi_1245                 AN2D0BWP30P140HVT
                                          tcbn28hpcplusbwp30p140hvt
ctmi_12450                OAI22D0BWP30P140HVT
                                          tcbn28hpcplusbwp30p140hvt
ctmi_12453                AOI221D0BWP30P140HVT
                                          tcbn28hpcplusbwp30p140hvt
ctmi_12454                OAI22D0BWP30P140HVT
                                          tcbn28hpcplusbwp30p140hvt
ctmi_12457                AOI221D0BWP30P140HVT
                                          tcbn28hpcplusbwp30p140hvt
ctmi_12458                OAI22D0BWP30P140HVT
                                          tcbn28hpcplusbwp30p140hvt
ctmi_1246                 AN2D1BWP30P140HVT
                                          tcbn28hpcplusbwp30p140hvt
ctmi_12461                ND4D0BWP30P140HVT
                                          tcbn28hpcplusbwp30p140hvt
ctmi_12462                AOI221D0BWP30P140HVT
                                          tcbn28hpcplusbwp30p140hvt
ctmi_12463                OAI22D0BWP30P140HVT
                                          tcbn28hpcplusbwp30p140hvt
ctmi_12466                AOI221D0BWP30P140HVT
                                          tcbn28hpcplusbwp30p140hvt
ctmi_12467                OAI22D0BWP30P140HVT
                                          tcbn28hpcplusbwp30p140hvt
ctmi_1247                 AN2D1BWP30P140HVT
                                          tcbn28hpcplusbwp30p140hvt
ctmi_12470                AOI221D0BWP30P140HVT
                                          tcbn28hpcplusbwp30p140hvt
ctmi_12471                OAI211D0BWP30P140HVT
                                          tcbn28hpcplusbwp30p140hvt
ctmi_12473                AOI22D0BWP30P140HVT
                                          tcbn28hpcplusbwp30p140hvt
ctmi_12474                AOI222D0BWP30P140HVT
                                          tcbn28hpcplusbwp30p140hvt
ctmi_12475                NR4D0BWP30P140HVT
                                          tcbn28hpcplusbwp30p140hvt
ctmi_12476                ND4D0BWP30P140HVT
                                          tcbn28hpcplusbwp30p140hvt
ctmi_12477                AOI221D0BWP30P140HVT
                                          tcbn28hpcplusbwp30p140hvt
ctmi_12478                OAI22D0BWP30P140HVT
                                          tcbn28hpcplusbwp30p140hvt
ctmi_1248                 AN2D0BWP30P140HVT
                                          tcbn28hpcplusbwp30p140hvt
ctmi_12481                AOI221D0BWP30P140HVT
                                          tcbn28hpcplusbwp30p140hvt
ctmi_12482                OAI22D0BWP30P140HVT
                                          tcbn28hpcplusbwp30p140hvt
ctmi_12485                AOI221D0BWP30P140HVT
                                          tcbn28hpcplusbwp30p140hvt
ctmi_12486                OAI22D0BWP30P140HVT
                                          tcbn28hpcplusbwp30p140hvt
ctmi_12489                AOI221D0BWP30P140HVT
                                          tcbn28hpcplusbwp30p140hvt
ctmi_1249                 AN2D0BWP30P140HVT
                                          tcbn28hpcplusbwp30p140hvt
ctmi_12490                OAI22D0BWP30P140HVT
                                          tcbn28hpcplusbwp30p140hvt
ctmi_12493                OAI211D0BWP30P140HVT
                                          tcbn28hpcplusbwp30p140hvt
ctmi_12495                AOI221D0BWP30P140HVT
                                          tcbn28hpcplusbwp30p140hvt
ctmi_12496                OAI22D0BWP30P140HVT
                                          tcbn28hpcplusbwp30p140hvt
ctmi_12499                AOI222D0BWP30P140HVT
                                          tcbn28hpcplusbwp30p140hvt
ctmi_12500                OAI211D0BWP30P140HVT
                                          tcbn28hpcplusbwp30p140hvt
ctmi_12502                AOI221D0BWP30P140HVT
                                          tcbn28hpcplusbwp30p140hvt
ctmi_12503                OAI22D0BWP30P140HVT
                                          tcbn28hpcplusbwp30p140hvt
ctmi_12506                AOI222D0BWP30P140HVT
                                          tcbn28hpcplusbwp30p140hvt
ctmi_12507                ND4D0BWP30P140HVT
                                          tcbn28hpcplusbwp30p140hvt
ctmi_12508                AOI221D0BWP30P140HVT
                                          tcbn28hpcplusbwp30p140hvt
ctmi_12509                OAI22D0BWP30P140HVT
                                          tcbn28hpcplusbwp30p140hvt
ctmi_12512                AOI221D0BWP30P140HVT
                                          tcbn28hpcplusbwp30p140hvt
ctmi_12513                OAI22D0BWP30P140HVT
                                          tcbn28hpcplusbwp30p140hvt
ctmi_12516                AOI221D0BWP30P140HVT
                                          tcbn28hpcplusbwp30p140hvt
ctmi_12517                OAI22D0BWP30P140HVT
                                          tcbn28hpcplusbwp30p140hvt
ctmi_12520                AOI221D0BWP30P140HVT
                                          tcbn28hpcplusbwp30p140hvt
ctmi_12521                OAI22D0BWP30P140HVT
                                          tcbn28hpcplusbwp30p140hvt
ctmi_12524                ND4D0BWP30P140HVT
                                          tcbn28hpcplusbwp30p140hvt
ctmi_12525                AOI221D0BWP30P140HVT
                                          tcbn28hpcplusbwp30p140hvt
ctmi_12526                OAI22D0BWP30P140HVT
                                          tcbn28hpcplusbwp30p140hvt
ctmi_12529                AOI221D0BWP30P140HVT
                                          tcbn28hpcplusbwp30p140hvt
ctmi_12530                OAI22D0BWP30P140HVT
                                          tcbn28hpcplusbwp30p140hvt
ctmi_12533                AOI221D0BWP30P140HVT
                                          tcbn28hpcplusbwp30p140hvt
ctmi_12534                OAI211D0BWP30P140HVT
                                          tcbn28hpcplusbwp30p140hvt
ctmi_12536                AOI22D0BWP30P140HVT
                                          tcbn28hpcplusbwp30p140hvt
ctmi_12537                AOI222D0BWP30P140HVT
                                          tcbn28hpcplusbwp30p140hvt
ctmi_12538                NR4D0BWP30P140HVT
                                          tcbn28hpcplusbwp30p140hvt
ctmi_12539                ND4D0BWP30P140HVT
                                          tcbn28hpcplusbwp30p140hvt
ctmi_12540                AOI221D0BWP30P140HVT
                                          tcbn28hpcplusbwp30p140hvt
ctmi_12541                OAI22D0BWP30P140HVT
                                          tcbn28hpcplusbwp30p140hvt
ctmi_12544                AOI221D0BWP30P140HVT
                                          tcbn28hpcplusbwp30p140hvt
ctmi_12545                OAI22D0BWP30P140HVT
                                          tcbn28hpcplusbwp30p140hvt
ctmi_12548                AOI221D0BWP30P140HVT
                                          tcbn28hpcplusbwp30p140hvt
ctmi_12549                OAI22D0BWP30P140HVT
                                          tcbn28hpcplusbwp30p140hvt
ctmi_12552                AOI221D0BWP30P140HVT
                                          tcbn28hpcplusbwp30p140hvt
ctmi_12553                OAI22D0BWP30P140HVT
                                          tcbn28hpcplusbwp30p140hvt
ctmi_12556                OAI211D0BWP30P140HVT
                                          tcbn28hpcplusbwp30p140hvt
ctmi_12558                AOI221D0BWP30P140HVT
                                          tcbn28hpcplusbwp30p140hvt
ctmi_12559                OAI22D0BWP30P140HVT
                                          tcbn28hpcplusbwp30p140hvt
ctmi_12562                AOI222D0BWP30P140HVT
                                          tcbn28hpcplusbwp30p140hvt
ctmi_12563                OAI211D0BWP30P140HVT
                                          tcbn28hpcplusbwp30p140hvt
ctmi_12565                AOI221D0BWP30P140HVT
                                          tcbn28hpcplusbwp30p140hvt
ctmi_12566                OAI22D0BWP30P140HVT
                                          tcbn28hpcplusbwp30p140hvt
ctmi_12569                AOI222D0BWP30P140HVT
                                          tcbn28hpcplusbwp30p140hvt
ctmi_12570                ND4D0BWP30P140HVT
                                          tcbn28hpcplusbwp30p140hvt
ctmi_12571                AOI221D0BWP30P140HVT
                                          tcbn28hpcplusbwp30p140hvt
ctmi_12572                OAI22D0BWP30P140HVT
                                          tcbn28hpcplusbwp30p140hvt
ctmi_12575                AOI221D0BWP30P140HVT
                                          tcbn28hpcplusbwp30p140hvt
ctmi_12576                OAI22D0BWP30P140HVT
                                          tcbn28hpcplusbwp30p140hvt
ctmi_12579                AOI221D0BWP30P140HVT
                                          tcbn28hpcplusbwp30p140hvt
ctmi_12580                OAI22D0BWP30P140HVT
                                          tcbn28hpcplusbwp30p140hvt
ctmi_12583                AOI221D0BWP30P140HVT
                                          tcbn28hpcplusbwp30p140hvt
ctmi_12584                OAI22D0BWP30P140HVT
                                          tcbn28hpcplusbwp30p140hvt
ctmi_12587                ND4D0BWP30P140HVT
                                          tcbn28hpcplusbwp30p140hvt
ctmi_12588                AOI221D0BWP30P140HVT
                                          tcbn28hpcplusbwp30p140hvt
ctmi_12589                OAI22D0BWP30P140HVT
                                          tcbn28hpcplusbwp30p140hvt
ctmi_12592                AOI221D0BWP30P140HVT
                                          tcbn28hpcplusbwp30p140hvt
ctmi_12593                OAI22D0BWP30P140HVT
                                          tcbn28hpcplusbwp30p140hvt
ctmi_12596                AOI221D0BWP30P140HVT
                                          tcbn28hpcplusbwp30p140hvt
ctmi_12597                OAI211D0BWP30P140HVT
                                          tcbn28hpcplusbwp30p140hvt
ctmi_12599                AOI22D0BWP30P140HVT
                                          tcbn28hpcplusbwp30p140hvt
ctmi_12600                AOI222D0BWP30P140HVT
                                          tcbn28hpcplusbwp30p140hvt
ctmi_12601                NR4D0BWP30P140HVT
                                          tcbn28hpcplusbwp30p140hvt
ctmi_12602                ND4D0BWP30P140HVT
                                          tcbn28hpcplusbwp30p140hvt
ctmi_12603                AOI221D0BWP30P140HVT
                                          tcbn28hpcplusbwp30p140hvt
ctmi_12604                OAI22D0BWP30P140HVT
                                          tcbn28hpcplusbwp30p140hvt
ctmi_12607                AOI221D0BWP30P140HVT
                                          tcbn28hpcplusbwp30p140hvt
ctmi_12608                OAI22D0BWP30P140HVT
                                          tcbn28hpcplusbwp30p140hvt
ctmi_12611                AOI221D0BWP30P140HVT
                                          tcbn28hpcplusbwp30p140hvt
ctmi_12612                OAI22D0BWP30P140HVT
                                          tcbn28hpcplusbwp30p140hvt
ctmi_12615                AOI221D0BWP30P140HVT
                                          tcbn28hpcplusbwp30p140hvt
ctmi_12616                OAI22D0BWP30P140HVT
                                          tcbn28hpcplusbwp30p140hvt
ctmi_12619                OAI211D0BWP30P140HVT
                                          tcbn28hpcplusbwp30p140hvt
ctmi_12621                AOI221D0BWP30P140HVT
                                          tcbn28hpcplusbwp30p140hvt
ctmi_12622                OAI22D0BWP30P140HVT
                                          tcbn28hpcplusbwp30p140hvt
ctmi_12625                AOI222D0BWP30P140HVT
                                          tcbn28hpcplusbwp30p140hvt
ctmi_12626                OAI211D0BWP30P140HVT
                                          tcbn28hpcplusbwp30p140hvt
ctmi_12628                AOI221D0BWP30P140HVT
                                          tcbn28hpcplusbwp30p140hvt
ctmi_12629                OAI22D0BWP30P140HVT
                                          tcbn28hpcplusbwp30p140hvt
ctmi_12632                AOI222D0BWP30P140HVT
                                          tcbn28hpcplusbwp30p140hvt
ctmi_12633                ND4D0BWP30P140HVT
                                          tcbn28hpcplusbwp30p140hvt
ctmi_12634                AOI221D0BWP30P140HVT
                                          tcbn28hpcplusbwp30p140hvt
ctmi_12635                OAI22D0BWP30P140HVT
                                          tcbn28hpcplusbwp30p140hvt
ctmi_12638                AOI221D0BWP30P140HVT
                                          tcbn28hpcplusbwp30p140hvt
ctmi_12639                OAI22D0BWP30P140HVT
                                          tcbn28hpcplusbwp30p140hvt
ctmi_12642                AOI221D0BWP30P140HVT
                                          tcbn28hpcplusbwp30p140hvt
ctmi_12643                OAI22D0BWP30P140HVT
                                          tcbn28hpcplusbwp30p140hvt
ctmi_12646                AOI221D0BWP30P140HVT
                                          tcbn28hpcplusbwp30p140hvt
ctmi_12647                OAI22D0BWP30P140HVT
                                          tcbn28hpcplusbwp30p140hvt
ctmi_12650                ND4D0BWP30P140HVT
                                          tcbn28hpcplusbwp30p140hvt
ctmi_12651                AOI221D0BWP30P140HVT
                                          tcbn28hpcplusbwp30p140hvt
ctmi_12652                OAI22D0BWP30P140HVT
                                          tcbn28hpcplusbwp30p140hvt
ctmi_12655                AOI221D0BWP30P140HVT
                                          tcbn28hpcplusbwp30p140hvt
ctmi_12656                OAI22D0BWP30P140HVT
                                          tcbn28hpcplusbwp30p140hvt
ctmi_12659                AOI221D0BWP30P140HVT
                                          tcbn28hpcplusbwp30p140hvt
ctmi_12660                OAI211D0BWP30P140HVT
                                          tcbn28hpcplusbwp30p140hvt
ctmi_12662                AOI22D0BWP30P140HVT
                                          tcbn28hpcplusbwp30p140hvt
ctmi_12663                AOI222D0BWP30P140HVT
                                          tcbn28hpcplusbwp30p140hvt
ctmi_12664                NR4D0BWP30P140HVT
                                          tcbn28hpcplusbwp30p140hvt
ctmi_12665                ND4D0BWP30P140HVT
                                          tcbn28hpcplusbwp30p140hvt
ctmi_12666                AOI221D0BWP30P140HVT
                                          tcbn28hpcplusbwp30p140hvt
ctmi_12667                OAI22D0BWP30P140HVT
                                          tcbn28hpcplusbwp30p140hvt
ctmi_12670                AOI221D0BWP30P140HVT
                                          tcbn28hpcplusbwp30p140hvt
ctmi_12671                OAI22D0BWP30P140HVT
                                          tcbn28hpcplusbwp30p140hvt
ctmi_12674                AOI221D0BWP30P140HVT
                                          tcbn28hpcplusbwp30p140hvt
ctmi_12675                OAI22D0BWP30P140HVT
                                          tcbn28hpcplusbwp30p140hvt
ctmi_12678                AOI221D0BWP30P140HVT
                                          tcbn28hpcplusbwp30p140hvt
ctmi_12679                OAI22D0BWP30P140HVT
                                          tcbn28hpcplusbwp30p140hvt
ctmi_12682                OAI211D0BWP30P140HVT
                                          tcbn28hpcplusbwp30p140hvt
ctmi_12684                AOI221D0BWP30P140HVT
                                          tcbn28hpcplusbwp30p140hvt
ctmi_12685                OAI22D0BWP30P140HVT
                                          tcbn28hpcplusbwp30p140hvt
ctmi_12688                AOI222D0BWP30P140HVT
                                          tcbn28hpcplusbwp30p140hvt
ctmi_12689                OAI211D0BWP30P140HVT
                                          tcbn28hpcplusbwp30p140hvt
ctmi_12691                AOI221D0BWP30P140HVT
                                          tcbn28hpcplusbwp30p140hvt
ctmi_12692                OAI22D0BWP30P140HVT
                                          tcbn28hpcplusbwp30p140hvt
ctmi_12695                AOI222D0BWP30P140HVT
                                          tcbn28hpcplusbwp30p140hvt
ctmi_12696                ND4D0BWP30P140HVT
                                          tcbn28hpcplusbwp30p140hvt
ctmi_12697                AOI221D0BWP30P140HVT
                                          tcbn28hpcplusbwp30p140hvt
ctmi_12698                OAI22D0BWP30P140HVT
                                          tcbn28hpcplusbwp30p140hvt
ctmi_12701                AOI221D0BWP30P140HVT
                                          tcbn28hpcplusbwp30p140hvt
ctmi_12702                OAI22D0BWP30P140HVT
                                          tcbn28hpcplusbwp30p140hvt
ctmi_12705                AOI221D0BWP30P140HVT
                                          tcbn28hpcplusbwp30p140hvt
ctmi_12706                OAI22D0BWP30P140HVT
                                          tcbn28hpcplusbwp30p140hvt
ctmi_12709                AOI221D0BWP30P140HVT
                                          tcbn28hpcplusbwp30p140hvt
ctmi_12710                OAI22D0BWP30P140HVT
                                          tcbn28hpcplusbwp30p140hvt
ctmi_12713                ND4D0BWP30P140HVT
                                          tcbn28hpcplusbwp30p140hvt
ctmi_12714                AOI221D0BWP30P140HVT
                                          tcbn28hpcplusbwp30p140hvt
ctmi_12715                OAI22D0BWP30P140HVT
                                          tcbn28hpcplusbwp30p140hvt
ctmi_12718                AOI221D0BWP30P140HVT
                                          tcbn28hpcplusbwp30p140hvt
ctmi_12719                OAI22D0BWP30P140HVT
                                          tcbn28hpcplusbwp30p140hvt
ctmi_12722                AOI221D0BWP30P140HVT
                                          tcbn28hpcplusbwp30p140hvt
ctmi_12723                OAI211D0BWP30P140HVT
                                          tcbn28hpcplusbwp30p140hvt
ctmi_12725                AOI22D0BWP30P140HVT
                                          tcbn28hpcplusbwp30p140hvt
ctmi_12726                AOI222D0BWP30P140HVT
                                          tcbn28hpcplusbwp30p140hvt
ctmi_12727                NR4D0BWP30P140HVT
                                          tcbn28hpcplusbwp30p140hvt
ctmi_12728                ND4D0BWP30P140HVT
                                          tcbn28hpcplusbwp30p140hvt
ctmi_12729                AOI221D0BWP30P140HVT
                                          tcbn28hpcplusbwp30p140hvt
ctmi_12730                OAI22D0BWP30P140HVT
                                          tcbn28hpcplusbwp30p140hvt
ctmi_12733                AOI221D0BWP30P140HVT
                                          tcbn28hpcplusbwp30p140hvt
ctmi_12734                OAI22D0BWP30P140HVT
                                          tcbn28hpcplusbwp30p140hvt
ctmi_12737                AOI221D0BWP30P140HVT
                                          tcbn28hpcplusbwp30p140hvt
ctmi_12738                OAI22D0BWP30P140HVT
                                          tcbn28hpcplusbwp30p140hvt
ctmi_12741                AOI221D0BWP30P140HVT
                                          tcbn28hpcplusbwp30p140hvt
ctmi_12742                OAI22D0BWP30P140HVT
                                          tcbn28hpcplusbwp30p140hvt
ctmi_12745                OAI211D0BWP30P140HVT
                                          tcbn28hpcplusbwp30p140hvt
ctmi_12747                AOI221D0BWP30P140HVT
                                          tcbn28hpcplusbwp30p140hvt
ctmi_12748                OAI22D0BWP30P140HVT
                                          tcbn28hpcplusbwp30p140hvt
ctmi_12751                AOI222D0BWP30P140HVT
                                          tcbn28hpcplusbwp30p140hvt
ctmi_12752                OAI211D0BWP30P140HVT
                                          tcbn28hpcplusbwp30p140hvt
ctmi_12754                AOI221D0BWP30P140HVT
                                          tcbn28hpcplusbwp30p140hvt
ctmi_12755                OAI22D0BWP30P140HVT
                                          tcbn28hpcplusbwp30p140hvt
ctmi_12758                AOI222D0BWP30P140HVT
                                          tcbn28hpcplusbwp30p140hvt
ctmi_12759                ND4D0BWP30P140HVT
                                          tcbn28hpcplusbwp30p140hvt
ctmi_12760                AOI221D0BWP30P140HVT
                                          tcbn28hpcplusbwp30p140hvt
ctmi_12761                OAI22D0BWP30P140HVT
                                          tcbn28hpcplusbwp30p140hvt
ctmi_12764                AOI221D0BWP30P140HVT
                                          tcbn28hpcplusbwp30p140hvt
ctmi_12765                OAI22D0BWP30P140HVT
                                          tcbn28hpcplusbwp30p140hvt
ctmi_12768                AOI221D0BWP30P140HVT
                                          tcbn28hpcplusbwp30p140hvt
ctmi_12769                OAI22D0BWP30P140HVT
                                          tcbn28hpcplusbwp30p140hvt
ctmi_12772                AOI221D0BWP30P140HVT
                                          tcbn28hpcplusbwp30p140hvt
ctmi_12773                OAI22D0BWP30P140HVT
                                          tcbn28hpcplusbwp30p140hvt
ctmi_12776                ND4D0BWP30P140HVT
                                          tcbn28hpcplusbwp30p140hvt
ctmi_12777                AOI221D0BWP30P140HVT
                                          tcbn28hpcplusbwp30p140hvt
ctmi_12778                OAI22D0BWP30P140HVT
                                          tcbn28hpcplusbwp30p140hvt
ctmi_12781                AOI221D0BWP30P140HVT
                                          tcbn28hpcplusbwp30p140hvt
ctmi_12782                OAI22D0BWP30P140HVT
                                          tcbn28hpcplusbwp30p140hvt
ctmi_12785                AOI221D0BWP30P140HVT
                                          tcbn28hpcplusbwp30p140hvt
ctmi_12786                OAI211D0BWP30P140HVT
                                          tcbn28hpcplusbwp30p140hvt
ctmi_12788                AOI22D0BWP30P140HVT
                                          tcbn28hpcplusbwp30p140hvt
ctmi_12789                AOI222D0BWP30P140HVT
                                          tcbn28hpcplusbwp30p140hvt
ctmi_12790                NR4D0BWP30P140HVT
                                          tcbn28hpcplusbwp30p140hvt
ctmi_12791                ND4D0BWP30P140HVT
                                          tcbn28hpcplusbwp30p140hvt
ctmi_12792                AOI221D0BWP30P140HVT
                                          tcbn28hpcplusbwp30p140hvt
ctmi_12793                OAI22D0BWP30P140HVT
                                          tcbn28hpcplusbwp30p140hvt
ctmi_12796                AOI221D0BWP30P140HVT
                                          tcbn28hpcplusbwp30p140hvt
ctmi_12797                OAI22D0BWP30P140HVT
                                          tcbn28hpcplusbwp30p140hvt
ctmi_12800                AOI221D0BWP30P140HVT
                                          tcbn28hpcplusbwp30p140hvt
ctmi_12801                OAI22D0BWP30P140HVT
                                          tcbn28hpcplusbwp30p140hvt
ctmi_12804                AOI221D0BWP30P140HVT
                                          tcbn28hpcplusbwp30p140hvt
ctmi_12805                OAI22D0BWP30P140HVT
                                          tcbn28hpcplusbwp30p140hvt
ctmi_12808                OAI211D0BWP30P140HVT
                                          tcbn28hpcplusbwp30p140hvt
ctmi_12810                AOI221D0BWP30P140HVT
                                          tcbn28hpcplusbwp30p140hvt
ctmi_12811                OAI22D0BWP30P140HVT
                                          tcbn28hpcplusbwp30p140hvt
ctmi_12814                AOI222D0BWP30P140HVT
                                          tcbn28hpcplusbwp30p140hvt
ctmi_12815                OAI211D0BWP30P140HVT
                                          tcbn28hpcplusbwp30p140hvt
ctmi_12817                AOI221D0BWP30P140HVT
                                          tcbn28hpcplusbwp30p140hvt
ctmi_12818                OAI22D0BWP30P140HVT
                                          tcbn28hpcplusbwp30p140hvt
ctmi_12821                AOI222D0BWP30P140HVT
                                          tcbn28hpcplusbwp30p140hvt
ctmi_12822                ND4D0BWP30P140HVT
                                          tcbn28hpcplusbwp30p140hvt
ctmi_12823                AOI221D0BWP30P140HVT
                                          tcbn28hpcplusbwp30p140hvt
ctmi_12824                OAI22D0BWP30P140HVT
                                          tcbn28hpcplusbwp30p140hvt
ctmi_12827                AOI221D0BWP30P140HVT
                                          tcbn28hpcplusbwp30p140hvt
ctmi_12828                OAI22D0BWP30P140HVT
                                          tcbn28hpcplusbwp30p140hvt
ctmi_12831                AOI221D0BWP30P140HVT
                                          tcbn28hpcplusbwp30p140hvt
ctmi_12832                OAI22D0BWP30P140HVT
                                          tcbn28hpcplusbwp30p140hvt
ctmi_12835                AOI221D0BWP30P140HVT
                                          tcbn28hpcplusbwp30p140hvt
ctmi_12836                OAI22D0BWP30P140HVT
                                          tcbn28hpcplusbwp30p140hvt
ctmi_12839                ND4D0BWP30P140HVT
                                          tcbn28hpcplusbwp30p140hvt
ctmi_12840                AOI221D0BWP30P140HVT
                                          tcbn28hpcplusbwp30p140hvt
ctmi_12841                OAI22D0BWP30P140HVT
                                          tcbn28hpcplusbwp30p140hvt
ctmi_12844                AOI221D0BWP30P140HVT
                                          tcbn28hpcplusbwp30p140hvt
ctmi_12845                OAI22D0BWP30P140HVT
                                          tcbn28hpcplusbwp30p140hvt
ctmi_12848                AOI221D0BWP30P140HVT
                                          tcbn28hpcplusbwp30p140hvt
ctmi_12849                OAI211D0BWP30P140HVT
                                          tcbn28hpcplusbwp30p140hvt
ctmi_12851                AOI22D0BWP30P140HVT
                                          tcbn28hpcplusbwp30p140hvt
ctmi_12852                AOI222D0BWP30P140HVT
                                          tcbn28hpcplusbwp30p140hvt
ctmi_12853                NR4D0BWP30P140HVT
                                          tcbn28hpcplusbwp30p140hvt
ctmi_12854                ND4D0BWP30P140HVT
                                          tcbn28hpcplusbwp30p140hvt
ctmi_12855                AOI221D0BWP30P140HVT
                                          tcbn28hpcplusbwp30p140hvt
ctmi_12856                OAI22D0BWP30P140HVT
                                          tcbn28hpcplusbwp30p140hvt
ctmi_12859                AOI221D0BWP30P140HVT
                                          tcbn28hpcplusbwp30p140hvt
ctmi_12860                OAI22D0BWP30P140HVT
                                          tcbn28hpcplusbwp30p140hvt
ctmi_12863                AOI221D0BWP30P140HVT
                                          tcbn28hpcplusbwp30p140hvt
ctmi_12864                OAI22D0BWP30P140HVT
                                          tcbn28hpcplusbwp30p140hvt
ctmi_12867                AOI221D0BWP30P140HVT
                                          tcbn28hpcplusbwp30p140hvt
ctmi_12868                OAI22D0BWP30P140HVT
                                          tcbn28hpcplusbwp30p140hvt
ctmi_12871                OAI211D0BWP30P140HVT
                                          tcbn28hpcplusbwp30p140hvt
ctmi_12873                AOI221D0BWP30P140HVT
                                          tcbn28hpcplusbwp30p140hvt
ctmi_12874                OAI22D0BWP30P140HVT
                                          tcbn28hpcplusbwp30p140hvt
ctmi_12877                AOI222D0BWP30P140HVT
                                          tcbn28hpcplusbwp30p140hvt
ctmi_12878                OAI211D0BWP30P140HVT
                                          tcbn28hpcplusbwp30p140hvt
ctmi_12880                AOI221D0BWP30P140HVT
                                          tcbn28hpcplusbwp30p140hvt
ctmi_12881                OAI22D0BWP30P140HVT
                                          tcbn28hpcplusbwp30p140hvt
ctmi_12884                AOI222D0BWP30P140HVT
                                          tcbn28hpcplusbwp30p140hvt
ctmi_12885                ND4D0BWP30P140HVT
                                          tcbn28hpcplusbwp30p140hvt
ctmi_12886                AOI221D0BWP30P140HVT
                                          tcbn28hpcplusbwp30p140hvt
ctmi_12887                OAI22D0BWP30P140HVT
                                          tcbn28hpcplusbwp30p140hvt
ctmi_12890                AOI221D0BWP30P140HVT
                                          tcbn28hpcplusbwp30p140hvt
ctmi_12891                OAI22D0BWP30P140HVT
                                          tcbn28hpcplusbwp30p140hvt
ctmi_12894                AOI221D0BWP30P140HVT
                                          tcbn28hpcplusbwp30p140hvt
ctmi_12895                OAI22D0BWP30P140HVT
                                          tcbn28hpcplusbwp30p140hvt
ctmi_12898                AOI221D0BWP30P140HVT
                                          tcbn28hpcplusbwp30p140hvt
ctmi_12899                OAI22D0BWP30P140HVT
                                          tcbn28hpcplusbwp30p140hvt
ctmi_12902                ND4D0BWP30P140HVT
                                          tcbn28hpcplusbwp30p140hvt
ctmi_12903                AOI221D0BWP30P140HVT
                                          tcbn28hpcplusbwp30p140hvt
ctmi_12904                OAI22D0BWP30P140HVT
                                          tcbn28hpcplusbwp30p140hvt
ctmi_12907                AOI221D0BWP30P140HVT
                                          tcbn28hpcplusbwp30p140hvt
ctmi_12908                OAI22D0BWP30P140HVT
                                          tcbn28hpcplusbwp30p140hvt
ctmi_12911                AOI221D0BWP30P140HVT
                                          tcbn28hpcplusbwp30p140hvt
ctmi_12912                OAI211D0BWP30P140HVT
                                          tcbn28hpcplusbwp30p140hvt
ctmi_12914                AOI22D0BWP30P140HVT
                                          tcbn28hpcplusbwp30p140hvt
ctmi_12915                AOI222D0BWP30P140HVT
                                          tcbn28hpcplusbwp30p140hvt
ctmi_12916                NR4D0BWP30P140HVT
                                          tcbn28hpcplusbwp30p140hvt
ctmi_12917                ND4D0BWP30P140HVT
                                          tcbn28hpcplusbwp30p140hvt
ctmi_12918                AOI221D0BWP30P140HVT
                                          tcbn28hpcplusbwp30p140hvt
ctmi_12919                OAI22D0BWP30P140HVT
                                          tcbn28hpcplusbwp30p140hvt
ctmi_12922                AOI221D0BWP30P140HVT
                                          tcbn28hpcplusbwp30p140hvt
ctmi_12923                OAI22D0BWP30P140HVT
                                          tcbn28hpcplusbwp30p140hvt
ctmi_12926                AOI221D0BWP30P140HVT
                                          tcbn28hpcplusbwp30p140hvt
ctmi_12927                OAI22D0BWP30P140HVT
                                          tcbn28hpcplusbwp30p140hvt
ctmi_12930                AOI221D0BWP30P140HVT
                                          tcbn28hpcplusbwp30p140hvt
ctmi_12931                OAI22D0BWP30P140HVT
                                          tcbn28hpcplusbwp30p140hvt
ctmi_12934                OAI211D0BWP30P140HVT
                                          tcbn28hpcplusbwp30p140hvt
ctmi_12936                AOI221D0BWP30P140HVT
                                          tcbn28hpcplusbwp30p140hvt
ctmi_12937                OAI22D0BWP30P140HVT
                                          tcbn28hpcplusbwp30p140hvt
ctmi_12940                AOI222D0BWP30P140HVT
                                          tcbn28hpcplusbwp30p140hvt
ctmi_12941                OAI211D0BWP30P140HVT
                                          tcbn28hpcplusbwp30p140hvt
ctmi_12943                AOI221D0BWP30P140HVT
                                          tcbn28hpcplusbwp30p140hvt
ctmi_12944                OAI22D0BWP30P140HVT
                                          tcbn28hpcplusbwp30p140hvt
ctmi_12947                AOI222D0BWP30P140HVT
                                          tcbn28hpcplusbwp30p140hvt
ctmi_12948                ND4D0BWP30P140HVT
                                          tcbn28hpcplusbwp30p140hvt
ctmi_12949                AOI221D0BWP30P140HVT
                                          tcbn28hpcplusbwp30p140hvt
ctmi_12950                OAI22D0BWP30P140HVT
                                          tcbn28hpcplusbwp30p140hvt
ctmi_12953                AOI221D0BWP30P140HVT
                                          tcbn28hpcplusbwp30p140hvt
ctmi_12954                OAI22D0BWP30P140HVT
                                          tcbn28hpcplusbwp30p140hvt
ctmi_12957                AOI221D0BWP30P140HVT
                                          tcbn28hpcplusbwp30p140hvt
ctmi_12958                OAI22D0BWP30P140HVT
                                          tcbn28hpcplusbwp30p140hvt
ctmi_12961                AOI221D0BWP30P140HVT
                                          tcbn28hpcplusbwp30p140hvt
ctmi_12962                OAI22D0BWP30P140HVT
                                          tcbn28hpcplusbwp30p140hvt
ctmi_12966                NR2D0BWP30P140HVT
                                          tcbn28hpcplusbwp30p140hvt
ctmi_12967                NR2D0BWP30P140HVT
                                          tcbn28hpcplusbwp30p140hvt
ctmi_12969                AN2D0BWP30P140HVT
                                          tcbn28hpcplusbwp30p140hvt
ctmi_12971                AN2D0BWP30P140HVT
                                          tcbn28hpcplusbwp30p140hvt
ctmi_12972                AN2D0BWP30P140HVT
                                          tcbn28hpcplusbwp30p140hvt
ctmi_12973                AN2D0BWP30P140HVT
                                          tcbn28hpcplusbwp30p140hvt
ctmi_12974                AN2D0BWP30P140HVT
                                          tcbn28hpcplusbwp30p140hvt
ctmi_12975                AN2D0BWP30P140HVT
                                          tcbn28hpcplusbwp30p140hvt
ctmi_12976                AN2D0BWP30P140HVT
                                          tcbn28hpcplusbwp30p140hvt
ctmi_12977                AN2D0BWP30P140HVT
                                          tcbn28hpcplusbwp30p140hvt
ctmi_12978                AN2D0BWP30P140HVT
                                          tcbn28hpcplusbwp30p140hvt
ctmi_12979                AN2D0BWP30P140HVT
                                          tcbn28hpcplusbwp30p140hvt
ctmi_12980                AO22D0BWP30P140HVT
                                          tcbn28hpcplusbwp30p140hvt
ctmi_12981                AN2D1BWP30P140HVT
                                          tcbn28hpcplusbwp30p140hvt
ctmi_12982                AO22D0BWP30P140HVT
                                          tcbn28hpcplusbwp30p140hvt
ctmi_12983                AO22D0BWP30P140HVT
                                          tcbn28hpcplusbwp30p140hvt
ctmi_12984                AO22D0BWP30P140HVT
                                          tcbn28hpcplusbwp30p140hvt
ctmi_12985                AO22D0BWP30P140HVT
                                          tcbn28hpcplusbwp30p140hvt
ctmi_12986                AO22D0BWP30P140HVT
                                          tcbn28hpcplusbwp30p140hvt
ctmi_12987                INR3D0BWP30P140HVT
                                          tcbn28hpcplusbwp30p140hvt
ctmi_12988                OAI21D0BWP30P140HVT
                                          tcbn28hpcplusbwp30p140hvt
ctmi_12989                AO22D0BWP30P140HVT
                                          tcbn28hpcplusbwp30p140hvt
ctmi_12990                NR2D0BWP30P140HVT
                                          tcbn28hpcplusbwp30p140hvt
ctmi_12991                NR2D0BWP30P140HVT
                                          tcbn28hpcplusbwp30p140hvt
ctmi_12992                AO22D0BWP30P140HVT
                                          tcbn28hpcplusbwp30p140hvt
ctmi_12993                AO22D0BWP30P140HVT
                                          tcbn28hpcplusbwp30p140hvt
ctmi_12994                AO22D0BWP30P140HVT
                                          tcbn28hpcplusbwp30p140hvt
ctmi_12995                AO22D0BWP30P140HVT
                                          tcbn28hpcplusbwp30p140hvt
ctmi_12996                AO22D0BWP30P140HVT
                                          tcbn28hpcplusbwp30p140hvt
ctmi_12997                AO22D0BWP30P140HVT
                                          tcbn28hpcplusbwp30p140hvt
ctmi_12998                AO22D0BWP30P140HVT
                                          tcbn28hpcplusbwp30p140hvt
ctmi_12999                AO22D0BWP30P140HVT
                                          tcbn28hpcplusbwp30p140hvt
ctmi_13000                AO22D0BWP30P140HVT
                                          tcbn28hpcplusbwp30p140hvt
ctmi_13001                AO22D0BWP30P140HVT
                                          tcbn28hpcplusbwp30p140hvt
ctmi_13002                AO22D0BWP30P140HVT
                                          tcbn28hpcplusbwp30p140hvt
ctmi_13003                AO22D0BWP30P140HVT
                                          tcbn28hpcplusbwp30p140hvt
ctmi_13004                AO22D0BWP30P140HVT
                                          tcbn28hpcplusbwp30p140hvt
ctmi_13005                AO22D0BWP30P140HVT
                                          tcbn28hpcplusbwp30p140hvt
ctmi_13006                AO22D0BWP30P140HVT
                                          tcbn28hpcplusbwp30p140hvt
ctmi_13007                OAI22D0BWP30P140HVT
                                          tcbn28hpcplusbwp30p140hvt
ctmi_13008                NR2D0BWP30P140HVT
                                          tcbn28hpcplusbwp30p140hvt
ctmi_13009                ND2D0BWP30P140HVT
                                          tcbn28hpcplusbwp30p140hvt
ctmi_13012                AOI21D0BWP30P140HVT
                                          tcbn28hpcplusbwp30p140hvt
ctmi_13015                OAI22D0BWP30P140HVT
                                          tcbn28hpcplusbwp30p140hvt
ctmi_13021                AOI21D0BWP30P140HVT
                                          tcbn28hpcplusbwp30p140hvt
ctmi_13022                NR2D0BWP30P140HVT
                                          tcbn28hpcplusbwp30p140hvt
ctmi_13025                OAI21D0BWP30P140HVT
                                          tcbn28hpcplusbwp30p140hvt
ctmi_13026                OAI22D0BWP30P140HVT
                                          tcbn28hpcplusbwp30p140hvt
ctmi_13027                OAI21D0BWP30P140HVT
                                          tcbn28hpcplusbwp30p140hvt
ctmi_13028                OR2D0BWP30P140HVT
                                          tcbn28hpcplusbwp30p140hvt
ctmi_13029                ND2D0BWP30P140HVT
                                          tcbn28hpcplusbwp30p140hvt
ctmi_13030                ND2D0BWP30P140HVT
                                          tcbn28hpcplusbwp30p140hvt
ctmi_13032                OAI22D0BWP30P140HVT
                                          tcbn28hpcplusbwp30p140hvt
ctmi_13033                ND2D0BWP30P140HVT
                                          tcbn28hpcplusbwp30p140hvt
ctmi_13034                NR2D0BWP30P140HVT
                                          tcbn28hpcplusbwp30p140hvt
ctmi_13038                ND2D0BWP30P140HVT
                                          tcbn28hpcplusbwp30p140hvt
ctmi_13039                OAI22D0BWP30P140HVT
                                          tcbn28hpcplusbwp30p140hvt
ctmi_13041                AO21D0BWP30P140HVT
                                          tcbn28hpcplusbwp30p140hvt
ctmi_13042                OAI21D0BWP30P140HVT
                                          tcbn28hpcplusbwp30p140hvt
ctmi_13043                OAI21D0BWP30P140HVT
                                          tcbn28hpcplusbwp30p140hvt
ctmi_13044                MUX2ND0BWP30P140HVT
                                          tcbn28hpcplusbwp30p140hvt
ctmi_13045                AO22D0BWP30P140HVT
                                          tcbn28hpcplusbwp30p140hvt
ctmi_13046                NR2D0BWP30P140HVT
                                          tcbn28hpcplusbwp30p140hvt
ctmi_13047                INR2D0BWP30P140HVT
                                          tcbn28hpcplusbwp30p140hvt
ctmi_13049                AO22D0BWP30P140HVT
                                          tcbn28hpcplusbwp30p140hvt
ctmi_13051                AO22D0BWP30P140HVT
                                          tcbn28hpcplusbwp30p140hvt
ctmi_13053                AO22D0BWP30P140HVT
                                          tcbn28hpcplusbwp30p140hvt
ctmi_13054                AO22D0BWP30P140HVT
                                          tcbn28hpcplusbwp30p140hvt
ctmi_13055                AO22D0BWP30P140HVT
                                          tcbn28hpcplusbwp30p140hvt
ctmi_13056                AO22D0BWP30P140HVT
                                          tcbn28hpcplusbwp30p140hvt
ctmi_13057                AO22D0BWP30P140HVT
                                          tcbn28hpcplusbwp30p140hvt
ctmi_13058                AO22D0BWP30P140HVT
                                          tcbn28hpcplusbwp30p140hvt
ctmi_13059                AO22D0BWP30P140HVT
                                          tcbn28hpcplusbwp30p140hvt
ctmi_13060                AO22D0BWP30P140HVT
                                          tcbn28hpcplusbwp30p140hvt
ctmi_13061                AO22D0BWP30P140HVT
                                          tcbn28hpcplusbwp30p140hvt
ctmi_13062                AO22D0BWP30P140HVT
                                          tcbn28hpcplusbwp30p140hvt
ctmi_13063                AO22D0BWP30P140HVT
                                          tcbn28hpcplusbwp30p140hvt
ctmi_13064                AO22D0BWP30P140HVT
                                          tcbn28hpcplusbwp30p140hvt
ctmi_13065                AO22D0BWP30P140HVT
                                          tcbn28hpcplusbwp30p140hvt
ctmi_13066                AO22D0BWP30P140HVT
                                          tcbn28hpcplusbwp30p140hvt
ctmi_13067                AO22D0BWP30P140HVT
                                          tcbn28hpcplusbwp30p140hvt
ctmi_13068                AO22D0BWP30P140HVT
                                          tcbn28hpcplusbwp30p140hvt
ctmi_13069                MUX2D0BWP30P140HVT
                                          tcbn28hpcplusbwp30p140hvt
ctmi_13070                MUX2D0BWP30P140HVT
                                          tcbn28hpcplusbwp30p140hvt
ctmi_13075                MUX2D0BWP30P140HVT
                                          tcbn28hpcplusbwp30p140hvt
ctmi_13078                MUX2D0BWP30P140HVT
                                          tcbn28hpcplusbwp30p140hvt
ctmi_13081                MUX2D0BWP30P140HVT
                                          tcbn28hpcplusbwp30p140hvt
ctmi_13084                CKMUX2D0BWP30P140HVT
                                          tcbn28hpcplusbwp30p140hvt
ctmi_13087                CKMUX2D0BWP30P140HVT
                                          tcbn28hpcplusbwp30p140hvt
ctmi_13090                MUX2D0BWP30P140HVT
                                          tcbn28hpcplusbwp30p140hvt
ctmi_13093                MUX2D0BWP30P140HVT
                                          tcbn28hpcplusbwp30p140hvt
ctmi_13096                MUX2D0BWP30P140HVT
                                          tcbn28hpcplusbwp30p140hvt
ctmi_13099                MUX2D0BWP30P140HVT
                                          tcbn28hpcplusbwp30p140hvt
ctmi_13102                MUX2D0BWP30P140HVT
                                          tcbn28hpcplusbwp30p140hvt
ctmi_13105                MUX2D0BWP30P140HVT
                                          tcbn28hpcplusbwp30p140hvt
ctmi_13108                MUX2D0BWP30P140HVT
                                          tcbn28hpcplusbwp30p140hvt
ctmi_13111                CKMUX2D0BWP30P140HVT
                                          tcbn28hpcplusbwp30p140hvt
ctmi_13114                MUX2D0BWP30P140HVT
                                          tcbn28hpcplusbwp30p140hvt
ctmi_13117                MUX2D0BWP30P140HVT
                                          tcbn28hpcplusbwp30p140hvt
ctmi_13120                MUX2D0BWP30P140HVT
                                          tcbn28hpcplusbwp30p140hvt
ctmi_13121                ND2D0BWP30P140HVT
                                          tcbn28hpcplusbwp30p140hvt
ctmi_13122                MUX2D0BWP30P140HVT
                                          tcbn28hpcplusbwp30p140hvt
ctmi_13123                MUX2D0BWP30P140HVT
                                          tcbn28hpcplusbwp30p140hvt
ctmi_13124                MUX2D0BWP30P140HVT
                                          tcbn28hpcplusbwp30p140hvt
ctmi_13125                CKMUX2D0BWP30P140HVT
                                          tcbn28hpcplusbwp30p140hvt
ctmi_13126                MUX2D0BWP30P140HVT
                                          tcbn28hpcplusbwp30p140hvt
ctmi_13127                MUX2D0BWP30P140HVT
                                          tcbn28hpcplusbwp30p140hvt
ctmi_13128                MUX2D0BWP30P140HVT
                                          tcbn28hpcplusbwp30p140hvt
ctmi_13129                MUX2D0BWP30P140HVT
                                          tcbn28hpcplusbwp30p140hvt
ctmi_13130                MUX2D0BWP30P140HVT
                                          tcbn28hpcplusbwp30p140hvt
ctmi_13131                CKMUX2D0BWP30P140HVT
                                          tcbn28hpcplusbwp30p140hvt
ctmi_13132                MUX2D0BWP30P140HVT
                                          tcbn28hpcplusbwp30p140hvt
ctmi_13133                MUX2D0BWP30P140HVT
                                          tcbn28hpcplusbwp30p140hvt
ctmi_13134                MUX2D0BWP30P140HVT
                                          tcbn28hpcplusbwp30p140hvt
ctmi_13135                MUX2D0BWP30P140HVT
                                          tcbn28hpcplusbwp30p140hvt
ctmi_13136                MUX2D0BWP30P140HVT
                                          tcbn28hpcplusbwp30p140hvt
ctmi_13137                MUX2D0BWP30P140HVT
                                          tcbn28hpcplusbwp30p140hvt
ctmi_13138                MUX2D0BWP30P140HVT
                                          tcbn28hpcplusbwp30p140hvt
ctmi_13139                MUX2D0BWP30P140HVT
                                          tcbn28hpcplusbwp30p140hvt
ctmi_13140                MUX2D0BWP30P140HVT
                                          tcbn28hpcplusbwp30p140hvt
ctmi_13141                MUX2D0BWP30P140HVT
                                          tcbn28hpcplusbwp30p140hvt
ctmi_13142                MUX2D0BWP30P140HVT
                                          tcbn28hpcplusbwp30p140hvt
ctmi_13143                OAI32D0BWP30P140HVT
                                          tcbn28hpcplusbwp30p140hvt
ctmi_13147                OAI22D0BWP30P140HVT
                                          tcbn28hpcplusbwp30p140hvt
ctmi_13148                OAI22D0BWP30P140HVT
                                          tcbn28hpcplusbwp30p140hvt
ctmi_13149                ND2D0BWP30P140HVT
                                          tcbn28hpcplusbwp30p140hvt
ctmi_13152                OAI22D0BWP30P140HVT
                                          tcbn28hpcplusbwp30p140hvt
ctmi_13153                OAI22D0BWP30P140HVT
                                          tcbn28hpcplusbwp30p140hvt
ctmi_13154                OAI22D0BWP30P140HVT
                                          tcbn28hpcplusbwp30p140hvt
ctmi_13155                OAI22D0BWP30P140HVT
                                          tcbn28hpcplusbwp30p140hvt
ctmi_13156                OAI22D0BWP30P140HVT
                                          tcbn28hpcplusbwp30p140hvt
ctmi_13157                OAI22D0BWP30P140HVT
                                          tcbn28hpcplusbwp30p140hvt
ctmi_13158                OAI22D0BWP30P140HVT
                                          tcbn28hpcplusbwp30p140hvt
ctmi_13159                MUX2D0BWP30P140HVT
                                          tcbn28hpcplusbwp30p140hvt
ctmi_13160                AN2D0BWP30P140HVT
                                          tcbn28hpcplusbwp30p140hvt
ctmi_13161                NR3D0BWP30P140HVT
                                          tcbn28hpcplusbwp30p140hvt
ctmi_13162                MUX2D0BWP30P140HVT
                                          tcbn28hpcplusbwp30p140hvt
ctmi_13163                MUX2D0BWP30P140HVT
                                          tcbn28hpcplusbwp30p140hvt
ctmi_13164                MUX2D0BWP30P140HVT
                                          tcbn28hpcplusbwp30p140hvt
ctmi_13165                MUX2D0BWP30P140HVT
                                          tcbn28hpcplusbwp30p140hvt
ctmi_13166                MUX2D0BWP30P140HVT
                                          tcbn28hpcplusbwp30p140hvt
ctmi_13167                MUX2D0BWP30P140HVT
                                          tcbn28hpcplusbwp30p140hvt
ctmi_13168                MUX2D0BWP30P140HVT
                                          tcbn28hpcplusbwp30p140hvt
ctmi_13169                MUX2D0BWP30P140HVT
                                          tcbn28hpcplusbwp30p140hvt
ctmi_13170                AN2D0BWP30P140HVT
                                          tcbn28hpcplusbwp30p140hvt
ctmi_13171                MUX2D0BWP30P140HVT
                                          tcbn28hpcplusbwp30p140hvt
ctmi_13172                MUX2D0BWP30P140HVT
                                          tcbn28hpcplusbwp30p140hvt
ctmi_13173                MUX2D0BWP30P140HVT
                                          tcbn28hpcplusbwp30p140hvt
ctmi_13174                MUX2D0BWP30P140HVT
                                          tcbn28hpcplusbwp30p140hvt
ctmi_13175                MUX2D0BWP30P140HVT
                                          tcbn28hpcplusbwp30p140hvt
ctmi_13176                CKMUX2D0BWP30P140HVT
                                          tcbn28hpcplusbwp30p140hvt
ctmi_13177                MUX2D0BWP30P140HVT
                                          tcbn28hpcplusbwp30p140hvt
ctmi_13178                MUX2D0BWP30P140HVT
                                          tcbn28hpcplusbwp30p140hvt
ctmi_13179                AN2D0BWP30P140HVT
                                          tcbn28hpcplusbwp30p140hvt
ctmi_13180                NR3D0BWP30P140HVT
                                          tcbn28hpcplusbwp30p140hvt
ctmi_13181                MUX2D0BWP30P140HVT
                                          tcbn28hpcplusbwp30p140hvt
ctmi_13182                MUX2D0BWP30P140HVT
                                          tcbn28hpcplusbwp30p140hvt
ctmi_13183                MUX2D0BWP30P140HVT
                                          tcbn28hpcplusbwp30p140hvt
ctmi_13184                MUX2D0BWP30P140HVT
                                          tcbn28hpcplusbwp30p140hvt
ctmi_13185                CKMUX2D0BWP30P140HVT
                                          tcbn28hpcplusbwp30p140hvt
ctmi_13186                MUX2D0BWP30P140HVT
                                          tcbn28hpcplusbwp30p140hvt
ctmi_13187                MUX2D0BWP30P140HVT
                                          tcbn28hpcplusbwp30p140hvt
ctmi_13188                MUX2D0BWP30P140HVT
                                          tcbn28hpcplusbwp30p140hvt
ctmi_13189                AN2D0BWP30P140HVT
                                          tcbn28hpcplusbwp30p140hvt
ctmi_13191                MUX2D0BWP30P140HVT
                                          tcbn28hpcplusbwp30p140hvt
ctmi_13192                MUX2D0BWP30P140HVT
                                          tcbn28hpcplusbwp30p140hvt
ctmi_13193                MUX2D0BWP30P140HVT
                                          tcbn28hpcplusbwp30p140hvt
ctmi_13194                MUX2D0BWP30P140HVT
                                          tcbn28hpcplusbwp30p140hvt
ctmi_13195                MUX2D0BWP30P140HVT
                                          tcbn28hpcplusbwp30p140hvt
ctmi_13196                MUX2D0BWP30P140HVT
                                          tcbn28hpcplusbwp30p140hvt
ctmi_13197                MUX2D0BWP30P140HVT
                                          tcbn28hpcplusbwp30p140hvt
ctmi_13198                MUX2D0BWP30P140HVT
                                          tcbn28hpcplusbwp30p140hvt
ctmi_13199                AN2D0BWP30P140HVT
                                          tcbn28hpcplusbwp30p140hvt
ctmi_13200                NR3D0BWP30P140HVT
                                          tcbn28hpcplusbwp30p140hvt
ctmi_13201                MUX2D0BWP30P140HVT
                                          tcbn28hpcplusbwp30p140hvt
ctmi_13202                MUX2D0BWP30P140HVT
                                          tcbn28hpcplusbwp30p140hvt
ctmi_13203                MUX2D0BWP30P140HVT
                                          tcbn28hpcplusbwp30p140hvt
ctmi_13204                MUX2D0BWP30P140HVT
                                          tcbn28hpcplusbwp30p140hvt
ctmi_13205                MUX2D0BWP30P140HVT
                                          tcbn28hpcplusbwp30p140hvt
ctmi_13206                MUX2D0BWP30P140HVT
                                          tcbn28hpcplusbwp30p140hvt
ctmi_13207                MUX2D0BWP30P140HVT
                                          tcbn28hpcplusbwp30p140hvt
ctmi_13208                MUX2D0BWP30P140HVT
                                          tcbn28hpcplusbwp30p140hvt
ctmi_13209                AN2D0BWP30P140HVT
                                          tcbn28hpcplusbwp30p140hvt
ctmi_13210                MUX2D0BWP30P140HVT
                                          tcbn28hpcplusbwp30p140hvt
ctmi_13211                MUX2D0BWP30P140HVT
                                          tcbn28hpcplusbwp30p140hvt
ctmi_13212                MUX2D0BWP30P140HVT
                                          tcbn28hpcplusbwp30p140hvt
ctmi_13213                MUX2D0BWP30P140HVT
                                          tcbn28hpcplusbwp30p140hvt
ctmi_13214                MUX2D0BWP30P140HVT
                                          tcbn28hpcplusbwp30p140hvt
ctmi_13215                MUX2D0BWP30P140HVT
                                          tcbn28hpcplusbwp30p140hvt
ctmi_13216                MUX2D0BWP30P140HVT
                                          tcbn28hpcplusbwp30p140hvt
ctmi_13217                MUX2D0BWP30P140HVT
                                          tcbn28hpcplusbwp30p140hvt
ctmi_13218                AN2D0BWP30P140HVT
                                          tcbn28hpcplusbwp30p140hvt
ctmi_13219                NR3D0BWP30P140HVT
                                          tcbn28hpcplusbwp30p140hvt
ctmi_13220                MUX2D0BWP30P140HVT
                                          tcbn28hpcplusbwp30p140hvt
ctmi_13221                MUX2D0BWP30P140HVT
                                          tcbn28hpcplusbwp30p140hvt
ctmi_13222                MUX2D0BWP30P140HVT
                                          tcbn28hpcplusbwp30p140hvt
ctmi_13223                MUX2D0BWP30P140HVT
                                          tcbn28hpcplusbwp30p140hvt
ctmi_13224                MUX2D0BWP30P140HVT
                                          tcbn28hpcplusbwp30p140hvt
ctmi_13225                MUX2D0BWP30P140HVT
                                          tcbn28hpcplusbwp30p140hvt
ctmi_13226                MUX2D0BWP30P140HVT
                                          tcbn28hpcplusbwp30p140hvt
ctmi_13227                MUX2D0BWP30P140HVT
                                          tcbn28hpcplusbwp30p140hvt
ctmi_13228                AN2D0BWP30P140HVT
                                          tcbn28hpcplusbwp30p140hvt
ctmi_13229                MUX2D0BWP30P140HVT
                                          tcbn28hpcplusbwp30p140hvt
ctmi_13230                MUX2D0BWP30P140HVT
                                          tcbn28hpcplusbwp30p140hvt
ctmi_13231                MUX2D0BWP30P140HVT
                                          tcbn28hpcplusbwp30p140hvt
ctmi_13232                MUX2D0BWP30P140HVT
                                          tcbn28hpcplusbwp30p140hvt
ctmi_13233                MUX2D0BWP30P140HVT
                                          tcbn28hpcplusbwp30p140hvt
ctmi_13234                MUX2D0BWP30P140HVT
                                          tcbn28hpcplusbwp30p140hvt
ctmi_13235                MUX2D0BWP30P140HVT
                                          tcbn28hpcplusbwp30p140hvt
ctmi_13236                OAI22D0BWP30P140HVT
                                          tcbn28hpcplusbwp30p140hvt
ctmi_13237                ND2D0BWP30P140HVT
                                          tcbn28hpcplusbwp30p140hvt
ctmi_13239                OAI22D0BWP30P140HVT
                                          tcbn28hpcplusbwp30p140hvt
ctmi_13240                OAI22D0BWP30P140HVT
                                          tcbn28hpcplusbwp30p140hvt
ctmi_13241                OAI22D0BWP30P140HVT
                                          tcbn28hpcplusbwp30p140hvt
ctmi_13242                OAI22D0BWP30P140HVT
                                          tcbn28hpcplusbwp30p140hvt
ctmi_13243                OAI22D0BWP30P140HVT
                                          tcbn28hpcplusbwp30p140hvt
ctmi_13244                OAI22D0BWP30P140HVT
                                          tcbn28hpcplusbwp30p140hvt
ctmi_13245                OAI22D0BWP30P140HVT
                                          tcbn28hpcplusbwp30p140hvt
ctmi_13246                OAI22D0BWP30P140HVT
                                          tcbn28hpcplusbwp30p140hvt
ctmi_13247                ND2D0BWP30P140HVT
                                          tcbn28hpcplusbwp30p140hvt
ctmi_13249                OAI22D0BWP30P140HVT
                                          tcbn28hpcplusbwp30p140hvt
ctmi_13250                OAI22D0BWP30P140HVT
                                          tcbn28hpcplusbwp30p140hvt
ctmi_13251                OAI22D0BWP30P140HVT
                                          tcbn28hpcplusbwp30p140hvt
ctmi_13252                OAI22D0BWP30P140HVT
                                          tcbn28hpcplusbwp30p140hvt
ctmi_13253                OAI22D0BWP30P140HVT
                                          tcbn28hpcplusbwp30p140hvt
ctmi_13254                OAI22D0BWP30P140HVT
                                          tcbn28hpcplusbwp30p140hvt
ctmi_13255                OAI22D0BWP30P140HVT
                                          tcbn28hpcplusbwp30p140hvt
ctmi_13256                MUX2D0BWP30P140HVT
                                          tcbn28hpcplusbwp30p140hvt
ctmi_13257                AN2D0BWP30P140HVT
                                          tcbn28hpcplusbwp30p140hvt
ctmi_13258                MUX2D0BWP30P140HVT
                                          tcbn28hpcplusbwp30p140hvt
ctmi_13259                MUX2D0BWP30P140HVT
                                          tcbn28hpcplusbwp30p140hvt
ctmi_13260                MUX2D0BWP30P140HVT
                                          tcbn28hpcplusbwp30p140hvt
ctmi_13261                MUX2D0BWP30P140HVT
                                          tcbn28hpcplusbwp30p140hvt
ctmi_13262                MUX2D0BWP30P140HVT
                                          tcbn28hpcplusbwp30p140hvt
ctmi_13263                MUX2D0BWP30P140HVT
                                          tcbn28hpcplusbwp30p140hvt
ctmi_13264                MUX2D0BWP30P140HVT
                                          tcbn28hpcplusbwp30p140hvt
ctmi_13265                MUX2D0BWP30P140HVT
                                          tcbn28hpcplusbwp30p140hvt
ctmi_13266                AN2D0BWP30P140HVT
                                          tcbn28hpcplusbwp30p140hvt
ctmi_13267                MUX2D0BWP30P140HVT
                                          tcbn28hpcplusbwp30p140hvt
ctmi_13268                MUX2D0BWP30P140HVT
                                          tcbn28hpcplusbwp30p140hvt
ctmi_13269                MUX2D0BWP30P140HVT
                                          tcbn28hpcplusbwp30p140hvt
ctmi_13270                MUX2D0BWP30P140HVT
                                          tcbn28hpcplusbwp30p140hvt
ctmi_13271                CKMUX2D0BWP30P140HVT
                                          tcbn28hpcplusbwp30p140hvt
ctmi_13272                CKMUX2D0BWP30P140HVT
                                          tcbn28hpcplusbwp30p140hvt
ctmi_13273                MUX2D0BWP30P140HVT
                                          tcbn28hpcplusbwp30p140hvt
ctmi_13274                MUX2D0BWP30P140HVT
                                          tcbn28hpcplusbwp30p140hvt
ctmi_13275                AN2D0BWP30P140HVT
                                          tcbn28hpcplusbwp30p140hvt
ctmi_13276                MUX2D0BWP30P140HVT
                                          tcbn28hpcplusbwp30p140hvt
ctmi_13277                MUX2D0BWP30P140HVT
                                          tcbn28hpcplusbwp30p140hvt
ctmi_13278                MUX2D0BWP30P140HVT
                                          tcbn28hpcplusbwp30p140hvt
ctmi_13279                MUX2D0BWP30P140HVT
                                          tcbn28hpcplusbwp30p140hvt
ctmi_13280                MUX2D0BWP30P140HVT
                                          tcbn28hpcplusbwp30p140hvt
ctmi_13281                MUX2D0BWP30P140HVT
                                          tcbn28hpcplusbwp30p140hvt
ctmi_13282                MUX2D0BWP30P140HVT
                                          tcbn28hpcplusbwp30p140hvt
ctmi_13283                MUX2D0BWP30P140HVT
                                          tcbn28hpcplusbwp30p140hvt
ctmi_13287                MUX2D0BWP30P140HVT
                                          tcbn28hpcplusbwp30p140hvt
ctmi_13288                MUX2D0BWP30P140HVT
                                          tcbn28hpcplusbwp30p140hvt
ctmi_13289                MUX2D0BWP30P140HVT
                                          tcbn28hpcplusbwp30p140hvt
ctmi_13290                MUX2D0BWP30P140HVT
                                          tcbn28hpcplusbwp30p140hvt
ctmi_13291                MUX2D0BWP30P140HVT
                                          tcbn28hpcplusbwp30p140hvt
ctmi_13292                MUX2D0BWP30P140HVT
                                          tcbn28hpcplusbwp30p140hvt
ctmi_13293                MUX2D0BWP30P140HVT
                                          tcbn28hpcplusbwp30p140hvt
ctmi_13294                MUX2D0BWP30P140HVT
                                          tcbn28hpcplusbwp30p140hvt
ctmi_13295                AN2D0BWP30P140HVT
                                          tcbn28hpcplusbwp30p140hvt
ctmi_13296                NR2D0BWP30P140HVT
                                          tcbn28hpcplusbwp30p140hvt
ctmi_13297                MUX2D0BWP30P140HVT
                                          tcbn28hpcplusbwp30p140hvt
ctmi_13298                MUX2D0BWP30P140HVT
                                          tcbn28hpcplusbwp30p140hvt
ctmi_13299                MUX2D0BWP30P140HVT
                                          tcbn28hpcplusbwp30p140hvt
ctmi_13300                MUX2D0BWP30P140HVT
                                          tcbn28hpcplusbwp30p140hvt
ctmi_13301                MUX2D0BWP30P140HVT
                                          tcbn28hpcplusbwp30p140hvt
ctmi_13302                MUX2D0BWP30P140HVT
                                          tcbn28hpcplusbwp30p140hvt
ctmi_13303                MUX2D0BWP30P140HVT
                                          tcbn28hpcplusbwp30p140hvt
ctmi_13304                MUX2D0BWP30P140HVT
                                          tcbn28hpcplusbwp30p140hvt
ctmi_13305                AN2D0BWP30P140HVT
                                          tcbn28hpcplusbwp30p140hvt
ctmi_13306                MUX2D0BWP30P140HVT
                                          tcbn28hpcplusbwp30p140hvt
ctmi_13307                MUX2D0BWP30P140HVT
                                          tcbn28hpcplusbwp30p140hvt
ctmi_13308                MUX2D0BWP30P140HVT
                                          tcbn28hpcplusbwp30p140hvt
ctmi_13309                MUX2D0BWP30P140HVT
                                          tcbn28hpcplusbwp30p140hvt
ctmi_13310                CKMUX2D0BWP30P140HVT
                                          tcbn28hpcplusbwp30p140hvt
ctmi_13311                MUX2D0BWP30P140HVT
                                          tcbn28hpcplusbwp30p140hvt
ctmi_13312                MUX2D0BWP30P140HVT
                                          tcbn28hpcplusbwp30p140hvt
ctmi_13313                MUX2D0BWP30P140HVT
                                          tcbn28hpcplusbwp30p140hvt
ctmi_13314                AN2D0BWP30P140HVT
                                          tcbn28hpcplusbwp30p140hvt
ctmi_13315                MUX2D0BWP30P140HVT
                                          tcbn28hpcplusbwp30p140hvt
ctmi_13316                MUX2D0BWP30P140HVT
                                          tcbn28hpcplusbwp30p140hvt
ctmi_13317                MUX2D0BWP30P140HVT
                                          tcbn28hpcplusbwp30p140hvt
ctmi_13318                MUX2D0BWP30P140HVT
                                          tcbn28hpcplusbwp30p140hvt
ctmi_13319                MUX2D0BWP30P140HVT
                                          tcbn28hpcplusbwp30p140hvt
ctmi_13320                MUX2D0BWP30P140HVT
                                          tcbn28hpcplusbwp30p140hvt
ctmi_13321                MUX2D0BWP30P140HVT
                                          tcbn28hpcplusbwp30p140hvt
ctmi_13322                MUX2D0BWP30P140HVT
                                          tcbn28hpcplusbwp30p140hvt
ctmi_13323                AN2D0BWP30P140HVT
                                          tcbn28hpcplusbwp30p140hvt
ctmi_13324                MUX2D0BWP30P140HVT
                                          tcbn28hpcplusbwp30p140hvt
ctmi_13325                MUX2D0BWP30P140HVT
                                          tcbn28hpcplusbwp30p140hvt
ctmi_13326                MUX2D0BWP30P140HVT
                                          tcbn28hpcplusbwp30p140hvt
ctmi_13327                MUX2D0BWP30P140HVT
                                          tcbn28hpcplusbwp30p140hvt
ctmi_13328                MUX2D0BWP30P140HVT
                                          tcbn28hpcplusbwp30p140hvt
ctmi_13329                MUX2D0BWP30P140HVT
                                          tcbn28hpcplusbwp30p140hvt
ctmi_13330                MUX2D0BWP30P140HVT
                                          tcbn28hpcplusbwp30p140hvt
ctmi_13331                MUX2D0BWP30P140HVT
                                          tcbn28hpcplusbwp30p140hvt
ctmi_13332                AN2D0BWP30P140HVT
                                          tcbn28hpcplusbwp30p140hvt
ctmi_13333                MUX2D0BWP30P140HVT
                                          tcbn28hpcplusbwp30p140hvt
ctmi_13334                MUX2D0BWP30P140HVT
                                          tcbn28hpcplusbwp30p140hvt
ctmi_13335                MUX2D0BWP30P140HVT
                                          tcbn28hpcplusbwp30p140hvt
ctmi_13336                MUX2D0BWP30P140HVT
                                          tcbn28hpcplusbwp30p140hvt
ctmi_13337                MUX2D0BWP30P140HVT
                                          tcbn28hpcplusbwp30p140hvt
ctmi_13338                MUX2D0BWP30P140HVT
                                          tcbn28hpcplusbwp30p140hvt
ctmi_13339                MUX2D0BWP30P140HVT
                                          tcbn28hpcplusbwp30p140hvt
ctmi_13340                MUX2D0BWP30P140HVT
                                          tcbn28hpcplusbwp30p140hvt
ctmi_13341                AN2D0BWP30P140HVT
                                          tcbn28hpcplusbwp30p140hvt
ctmi_13342                MUX2D0BWP30P140HVT
                                          tcbn28hpcplusbwp30p140hvt
ctmi_13343                MUX2D0BWP30P140HVT
                                          tcbn28hpcplusbwp30p140hvt
ctmi_13344                MUX2D0BWP30P140HVT
                                          tcbn28hpcplusbwp30p140hvt
ctmi_13345                MUX2D0BWP30P140HVT
                                          tcbn28hpcplusbwp30p140hvt
ctmi_13346                MUX2D0BWP30P140HVT
                                          tcbn28hpcplusbwp30p140hvt
ctmi_13347                CKMUX2D0BWP30P140HVT
                                          tcbn28hpcplusbwp30p140hvt
ctmi_13348                MUX2D0BWP30P140HVT
                                          tcbn28hpcplusbwp30p140hvt
ctmi_13349                MUX2D0BWP30P140HVT
                                          tcbn28hpcplusbwp30p140hvt
ctmi_13350                AN2D0BWP30P140HVT
                                          tcbn28hpcplusbwp30p140hvt
ctmi_13351                MUX2D0BWP30P140HVT
                                          tcbn28hpcplusbwp30p140hvt
ctmi_13352                MUX2D0BWP30P140HVT
                                          tcbn28hpcplusbwp30p140hvt
ctmi_13353                MUX2D0BWP30P140HVT
                                          tcbn28hpcplusbwp30p140hvt
ctmi_13354                MUX2D0BWP30P140HVT
                                          tcbn28hpcplusbwp30p140hvt
ctmi_13355                MUX2D0BWP30P140HVT
                                          tcbn28hpcplusbwp30p140hvt
ctmi_13356                MUX2D0BWP30P140HVT
                                          tcbn28hpcplusbwp30p140hvt
ctmi_13357                MUX2D0BWP30P140HVT
                                          tcbn28hpcplusbwp30p140hvt
ctmi_13358                OAI22D0BWP30P140HVT
                                          tcbn28hpcplusbwp30p140hvt
ctmi_13359                ND2D0BWP30P140HVT
                                          tcbn28hpcplusbwp30p140hvt
ctmi_13361                OAI22D0BWP30P140HVT
                                          tcbn28hpcplusbwp30p140hvt
ctmi_13362                OAI22D0BWP30P140HVT
                                          tcbn28hpcplusbwp30p140hvt
ctmi_13363                OAI22D0BWP30P140HVT
                                          tcbn28hpcplusbwp30p140hvt
ctmi_13364                OAI22D0BWP30P140HVT
                                          tcbn28hpcplusbwp30p140hvt
ctmi_13365                OAI22D0BWP30P140HVT
                                          tcbn28hpcplusbwp30p140hvt
ctmi_13366                OAI22D0BWP30P140HVT
                                          tcbn28hpcplusbwp30p140hvt
ctmi_13367                OAI22D0BWP30P140HVT
                                          tcbn28hpcplusbwp30p140hvt
ctmi_13368                MUX2D0BWP30P140HVT
                                          tcbn28hpcplusbwp30p140hvt
ctmi_13369                AN2D0BWP30P140HVT
                                          tcbn28hpcplusbwp30p140hvt
ctmi_13370                NR2D0BWP30P140HVT
                                          tcbn28hpcplusbwp30p140hvt
ctmi_13371                MUX2D0BWP30P140HVT
                                          tcbn28hpcplusbwp30p140hvt
ctmi_13372                MUX2D0BWP30P140HVT
                                          tcbn28hpcplusbwp30p140hvt
ctmi_13373                MUX2D0BWP30P140HVT
                                          tcbn28hpcplusbwp30p140hvt
ctmi_13374                MUX2D0BWP30P140HVT
                                          tcbn28hpcplusbwp30p140hvt
ctmi_13375                MUX2D0BWP30P140HVT
                                          tcbn28hpcplusbwp30p140hvt
ctmi_13376                MUX2D0BWP30P140HVT
                                          tcbn28hpcplusbwp30p140hvt
ctmi_13377                MUX2D0BWP30P140HVT
                                          tcbn28hpcplusbwp30p140hvt
ctmi_13378                MUX2D0BWP30P140HVT
                                          tcbn28hpcplusbwp30p140hvt
ctmi_13379                AN2D0BWP30P140HVT
                                          tcbn28hpcplusbwp30p140hvt
ctmi_13380                MUX2D0BWP30P140HVT
                                          tcbn28hpcplusbwp30p140hvt
ctmi_13381                MUX2D0BWP30P140HVT
                                          tcbn28hpcplusbwp30p140hvt
ctmi_13382                MUX2D0BWP30P140HVT
                                          tcbn28hpcplusbwp30p140hvt
ctmi_13383                MUX2D0BWP30P140HVT
                                          tcbn28hpcplusbwp30p140hvt
ctmi_13384                MUX2D0BWP30P140HVT
                                          tcbn28hpcplusbwp30p140hvt
ctmi_13385                MUX2D0BWP30P140HVT
                                          tcbn28hpcplusbwp30p140hvt
ctmi_13386                MUX2D0BWP30P140HVT
                                          tcbn28hpcplusbwp30p140hvt
ctmi_13387                MUX2D0BWP30P140HVT
                                          tcbn28hpcplusbwp30p140hvt
ctmi_13388                AN2D0BWP30P140HVT
                                          tcbn28hpcplusbwp30p140hvt
ctmi_13389                MUX2D0BWP30P140HVT
                                          tcbn28hpcplusbwp30p140hvt
ctmi_13390                MUX2D0BWP30P140HVT
                                          tcbn28hpcplusbwp30p140hvt
ctmi_13391                MUX2D0BWP30P140HVT
                                          tcbn28hpcplusbwp30p140hvt
ctmi_13392                MUX2D0BWP30P140HVT
                                          tcbn28hpcplusbwp30p140hvt
ctmi_13393                MUX2D0BWP30P140HVT
                                          tcbn28hpcplusbwp30p140hvt
ctmi_13394                MUX2D0BWP30P140HVT
                                          tcbn28hpcplusbwp30p140hvt
ctmi_13395                MUX2D0BWP30P140HVT
                                          tcbn28hpcplusbwp30p140hvt
ctmi_13396                MUX2D0BWP30P140HVT
                                          tcbn28hpcplusbwp30p140hvt
ctmi_13397                AN2D0BWP30P140HVT
                                          tcbn28hpcplusbwp30p140hvt
ctmi_13398                MUX2D0BWP30P140HVT
                                          tcbn28hpcplusbwp30p140hvt
ctmi_13399                MUX2D0BWP30P140HVT
                                          tcbn28hpcplusbwp30p140hvt
ctmi_13400                MUX2D0BWP30P140HVT
                                          tcbn28hpcplusbwp30p140hvt
ctmi_13401                MUX2D0BWP30P140HVT
                                          tcbn28hpcplusbwp30p140hvt
ctmi_13402                CKMUX2D0BWP30P140HVT
                                          tcbn28hpcplusbwp30p140hvt
ctmi_13403                MUX2D0BWP30P140HVT
                                          tcbn28hpcplusbwp30p140hvt
ctmi_13404                MUX2D0BWP30P140HVT
                                          tcbn28hpcplusbwp30p140hvt
ctmi_13405                MUX2D0BWP30P140HVT
                                          tcbn28hpcplusbwp30p140hvt
ctmi_13406                AN2D0BWP30P140HVT
                                          tcbn28hpcplusbwp30p140hvt
ctmi_13407                MUX2D0BWP30P140HVT
                                          tcbn28hpcplusbwp30p140hvt
ctmi_13408                MUX2D0BWP30P140HVT
                                          tcbn28hpcplusbwp30p140hvt
ctmi_13409                MUX2D0BWP30P140HVT
                                          tcbn28hpcplusbwp30p140hvt
ctmi_13410                MUX2D0BWP30P140HVT
                                          tcbn28hpcplusbwp30p140hvt
ctmi_13411                MUX2D0BWP30P140HVT
                                          tcbn28hpcplusbwp30p140hvt
ctmi_13412                MUX2D0BWP30P140HVT
                                          tcbn28hpcplusbwp30p140hvt
ctmi_13413                MUX2D0BWP30P140HVT
                                          tcbn28hpcplusbwp30p140hvt
ctmi_13414                OAI22D0BWP30P140HVT
                                          tcbn28hpcplusbwp30p140hvt
ctmi_13415                ND2D0BWP30P140HVT
                                          tcbn28hpcplusbwp30p140hvt
ctmi_13417                OAI22D0BWP30P140HVT
                                          tcbn28hpcplusbwp30p140hvt
ctmi_13418                OAI22D0BWP30P140HVT
                                          tcbn28hpcplusbwp30p140hvt
ctmi_13419                OAI22D0BWP30P140HVT
                                          tcbn28hpcplusbwp30p140hvt
ctmi_13420                OAI22D0BWP30P140HVT
                                          tcbn28hpcplusbwp30p140hvt
ctmi_13421                OAI22D0BWP30P140HVT
                                          tcbn28hpcplusbwp30p140hvt
ctmi_13422                OAI22D0BWP30P140HVT
                                          tcbn28hpcplusbwp30p140hvt
ctmi_13423                OAI22D0BWP30P140HVT
                                          tcbn28hpcplusbwp30p140hvt
ctmi_13424                OAI22D0BWP30P140HVT
                                          tcbn28hpcplusbwp30p140hvt
ctmi_13425                ND2D0BWP30P140HVT
                                          tcbn28hpcplusbwp30p140hvt
ctmi_13427                OAI22D0BWP30P140HVT
                                          tcbn28hpcplusbwp30p140hvt
ctmi_13428                OAI22D0BWP30P140HVT
                                          tcbn28hpcplusbwp30p140hvt
ctmi_13429                OAI22D0BWP30P140HVT
                                          tcbn28hpcplusbwp30p140hvt
ctmi_13430                OAI22D0BWP30P140HVT
                                          tcbn28hpcplusbwp30p140hvt
ctmi_13431                OAI22D0BWP30P140HVT
                                          tcbn28hpcplusbwp30p140hvt
ctmi_13432                OAI22D0BWP30P140HVT
                                          tcbn28hpcplusbwp30p140hvt
ctmi_13433                OAI22D0BWP30P140HVT
                                          tcbn28hpcplusbwp30p140hvt
ctmi_13434                OAI22D0BWP30P140HVT
                                          tcbn28hpcplusbwp30p140hvt
ctmi_13435                OAI22D0BWP30P140HVT
                                          tcbn28hpcplusbwp30p140hvt
ctmi_13436                OAI22D0BWP30P140HVT
                                          tcbn28hpcplusbwp30p140hvt
ctmi_13437                OAI22D0BWP30P140HVT
                                          tcbn28hpcplusbwp30p140hvt
ctmi_13438                OAI22D0BWP30P140HVT
                                          tcbn28hpcplusbwp30p140hvt
ctmi_13439                OAI22D0BWP30P140HVT
                                          tcbn28hpcplusbwp30p140hvt
ctmi_13440                OAI22D0BWP30P140HVT
                                          tcbn28hpcplusbwp30p140hvt
ctmi_13441                OAI22D0BWP30P140HVT
                                          tcbn28hpcplusbwp30p140hvt
ctmi_13442                MUX2D0BWP30P140HVT
                                          tcbn28hpcplusbwp30p140hvt
ctmi_13443                AN2D0BWP30P140HVT
                                          tcbn28hpcplusbwp30p140hvt
ctmi_13444                NR3D0BWP30P140HVT
                                          tcbn28hpcplusbwp30p140hvt
ctmi_13445                MUX2D0BWP30P140HVT
                                          tcbn28hpcplusbwp30p140hvt
ctmi_13446                MUX2D0BWP30P140HVT
                                          tcbn28hpcplusbwp30p140hvt
ctmi_13447                MUX2D0BWP30P140HVT
                                          tcbn28hpcplusbwp30p140hvt
ctmi_13448                MUX2D0BWP30P140HVT
                                          tcbn28hpcplusbwp30p140hvt
ctmi_13449                MUX2D0BWP30P140HVT
                                          tcbn28hpcplusbwp30p140hvt
ctmi_13450                MUX2D0BWP30P140HVT
                                          tcbn28hpcplusbwp30p140hvt
ctmi_13451                MUX2D0BWP30P140HVT
                                          tcbn28hpcplusbwp30p140hvt
ctmi_13452                MUX2D0BWP30P140HVT
                                          tcbn28hpcplusbwp30p140hvt
ctmi_13453                AN2D0BWP30P140HVT
                                          tcbn28hpcplusbwp30p140hvt
ctmi_13454                MUX2D0BWP30P140HVT
                                          tcbn28hpcplusbwp30p140hvt
ctmi_13455                MUX2D0BWP30P140HVT
                                          tcbn28hpcplusbwp30p140hvt
ctmi_13456                MUX2D0BWP30P140HVT
                                          tcbn28hpcplusbwp30p140hvt
ctmi_13457                MUX2D0BWP30P140HVT
                                          tcbn28hpcplusbwp30p140hvt
ctmi_13458                MUX2D0BWP30P140HVT
                                          tcbn28hpcplusbwp30p140hvt
ctmi_13459                MUX2D0BWP30P140HVT
                                          tcbn28hpcplusbwp30p140hvt
ctmi_13460                MUX2D0BWP30P140HVT
                                          tcbn28hpcplusbwp30p140hvt
ctmi_13461                MUX2D0BWP30P140HVT
                                          tcbn28hpcplusbwp30p140hvt
ctmi_13462                AN2D0BWP30P140HVT
                                          tcbn28hpcplusbwp30p140hvt
ctmi_13463                MUX2D0BWP30P140HVT
                                          tcbn28hpcplusbwp30p140hvt
ctmi_13464                MUX2D0BWP30P140HVT
                                          tcbn28hpcplusbwp30p140hvt
ctmi_13465                MUX2D0BWP30P140HVT
                                          tcbn28hpcplusbwp30p140hvt
ctmi_13466                MUX2D0BWP30P140HVT
                                          tcbn28hpcplusbwp30p140hvt
ctmi_13467                MUX2D0BWP30P140HVT
                                          tcbn28hpcplusbwp30p140hvt
ctmi_13468                MUX2D0BWP30P140HVT
                                          tcbn28hpcplusbwp30p140hvt
ctmi_13469                MUX2D0BWP30P140HVT
                                          tcbn28hpcplusbwp30p140hvt
ctmi_13470                OAI22D0BWP30P140HVT
                                          tcbn28hpcplusbwp30p140hvt
ctmi_13471                ND2D0BWP30P140HVT
                                          tcbn28hpcplusbwp30p140hvt
ctmi_13473                OAI22D0BWP30P140HVT
                                          tcbn28hpcplusbwp30p140hvt
ctmi_13474                OAI22D0BWP30P140HVT
                                          tcbn28hpcplusbwp30p140hvt
ctmi_13475                OAI22D0BWP30P140HVT
                                          tcbn28hpcplusbwp30p140hvt
ctmi_13476                OAI22D0BWP30P140HVT
                                          tcbn28hpcplusbwp30p140hvt
ctmi_13477                OAI22D0BWP30P140HVT
                                          tcbn28hpcplusbwp30p140hvt
ctmi_13478                OAI22D0BWP30P140HVT
                                          tcbn28hpcplusbwp30p140hvt
ctmi_13479                OAI22D0BWP30P140HVT
                                          tcbn28hpcplusbwp30p140hvt
ctmi_13480                OAI22D0BWP30P140HVT
                                          tcbn28hpcplusbwp30p140hvt
ctmi_13481                ND2D0BWP30P140HVT
                                          tcbn28hpcplusbwp30p140hvt
ctmi_13483                OAI22D0BWP30P140HVT
                                          tcbn28hpcplusbwp30p140hvt
ctmi_13484                OAI22D0BWP30P140HVT
                                          tcbn28hpcplusbwp30p140hvt
ctmi_13485                OAI22D0BWP30P140HVT
                                          tcbn28hpcplusbwp30p140hvt
ctmi_13486                OAI22D0BWP30P140HVT
                                          tcbn28hpcplusbwp30p140hvt
ctmi_13487                OAI22D0BWP30P140HVT
                                          tcbn28hpcplusbwp30p140hvt
ctmi_13488                OAI22D0BWP30P140HVT
                                          tcbn28hpcplusbwp30p140hvt
ctmi_13489                OAI22D0BWP30P140HVT
                                          tcbn28hpcplusbwp30p140hvt
ctmi_13490                MUX2D0BWP30P140HVT
                                          tcbn28hpcplusbwp30p140hvt
ctmi_13491                AN2D0BWP30P140HVT
                                          tcbn28hpcplusbwp30p140hvt
ctmi_13492                MUX2D0BWP30P140HVT
                                          tcbn28hpcplusbwp30p140hvt
ctmi_13493                MUX2D0BWP30P140HVT
                                          tcbn28hpcplusbwp30p140hvt
ctmi_13494                MUX2D0BWP30P140HVT
                                          tcbn28hpcplusbwp30p140hvt
ctmi_13495                MUX2D0BWP30P140HVT
                                          tcbn28hpcplusbwp30p140hvt
ctmi_13496                CKMUX2D0BWP30P140HVT
                                          tcbn28hpcplusbwp30p140hvt
ctmi_13497                CKMUX2D0BWP30P140HVT
                                          tcbn28hpcplusbwp30p140hvt
ctmi_13498                MUX2D0BWP30P140HVT
                                          tcbn28hpcplusbwp30p140hvt
ctmi_13499                OAI22D0BWP30P140HVT
                                          tcbn28hpcplusbwp30p140hvt
ctmi_13500                ND2D0BWP30P140HVT
                                          tcbn28hpcplusbwp30p140hvt
ctmi_13502                OAI22D0BWP30P140HVT
                                          tcbn28hpcplusbwp30p140hvt
ctmi_13503                OAI22D0BWP30P140HVT
                                          tcbn28hpcplusbwp30p140hvt
ctmi_13504                OAI22D0BWP30P140HVT
                                          tcbn28hpcplusbwp30p140hvt
ctmi_13505                OAI22D0BWP30P140HVT
                                          tcbn28hpcplusbwp30p140hvt
ctmi_13506                OAI22D0BWP30P140HVT
                                          tcbn28hpcplusbwp30p140hvt
ctmi_13507                OAI22D0BWP30P140HVT
                                          tcbn28hpcplusbwp30p140hvt
ctmi_13508                OAI22D0BWP30P140HVT
                                          tcbn28hpcplusbwp30p140hvt
ctmi_13509                OAI22D0BWP30P140HVT
                                          tcbn28hpcplusbwp30p140hvt
ctmi_13510                ND2D0BWP30P140HVT
                                          tcbn28hpcplusbwp30p140hvt
ctmi_13512                OAI22D0BWP30P140HVT
                                          tcbn28hpcplusbwp30p140hvt
ctmi_13513                OAI22D0BWP30P140HVT
                                          tcbn28hpcplusbwp30p140hvt
ctmi_13514                OAI22D0BWP30P140HVT
                                          tcbn28hpcplusbwp30p140hvt
ctmi_13515                OAI22D0BWP30P140HVT
                                          tcbn28hpcplusbwp30p140hvt
ctmi_13516                OAI22D0BWP30P140HVT
                                          tcbn28hpcplusbwp30p140hvt
ctmi_13517                OAI22D0BWP30P140HVT
                                          tcbn28hpcplusbwp30p140hvt
ctmi_13518                OAI22D0BWP30P140HVT
                                          tcbn28hpcplusbwp30p140hvt
ctmi_13519                MUX2D0BWP30P140HVT
                                          tcbn28hpcplusbwp30p140hvt
ctmi_13520                AN2D0BWP30P140HVT
                                          tcbn28hpcplusbwp30p140hvt
ctmi_13521                NR3D0BWP30P140HVT
                                          tcbn28hpcplusbwp30p140hvt
ctmi_13522                MUX2D0BWP30P140HVT
                                          tcbn28hpcplusbwp30p140hvt
ctmi_13523                MUX2D0BWP30P140HVT
                                          tcbn28hpcplusbwp30p140hvt
ctmi_13524                MUX2D0BWP30P140HVT
                                          tcbn28hpcplusbwp30p140hvt
ctmi_13525                MUX2D0BWP30P140HVT
                                          tcbn28hpcplusbwp30p140hvt
ctmi_13526                MUX2D0BWP30P140HVT
                                          tcbn28hpcplusbwp30p140hvt
ctmi_13527                MUX2D0BWP30P140HVT
                                          tcbn28hpcplusbwp30p140hvt
ctmi_13528                MUX2D0BWP30P140HVT
                                          tcbn28hpcplusbwp30p140hvt
ctmi_13529                OAI22D0BWP30P140HVT
                                          tcbn28hpcplusbwp30p140hvt
ctmi_13530                ND2D0BWP30P140HVT
                                          tcbn28hpcplusbwp30p140hvt
ctmi_13532                OAI22D0BWP30P140HVT
                                          tcbn28hpcplusbwp30p140hvt
ctmi_13533                OAI22D0BWP30P140HVT
                                          tcbn28hpcplusbwp30p140hvt
ctmi_13534                OAI22D0BWP30P140HVT
                                          tcbn28hpcplusbwp30p140hvt
ctmi_13535                OAI22D0BWP30P140HVT
                                          tcbn28hpcplusbwp30p140hvt
ctmi_13536                OAI22D0BWP30P140HVT
                                          tcbn28hpcplusbwp30p140hvt
ctmi_13537                OAI22D0BWP30P140HVT
                                          tcbn28hpcplusbwp30p140hvt
ctmi_13538                OAI22D0BWP30P140HVT
                                          tcbn28hpcplusbwp30p140hvt
ctmi_13539                MUX2D0BWP30P140HVT
                                          tcbn28hpcplusbwp30p140hvt
ctmi_13540                AN2D0BWP30P140HVT
                                          tcbn28hpcplusbwp30p140hvt
ctmi_13541                MUX2D0BWP30P140HVT
                                          tcbn28hpcplusbwp30p140hvt
ctmi_13542                MUX2D0BWP30P140HVT
                                          tcbn28hpcplusbwp30p140hvt
ctmi_13543                MUX2D0BWP30P140HVT
                                          tcbn28hpcplusbwp30p140hvt
ctmi_13544                MUX2D0BWP30P140HVT
                                          tcbn28hpcplusbwp30p140hvt
ctmi_13545                CKMUX2D0BWP30P140HVT
                                          tcbn28hpcplusbwp30p140hvt
ctmi_13546                CKMUX2D0BWP30P140HVT
                                          tcbn28hpcplusbwp30p140hvt
ctmi_13547                MUX2D0BWP30P140HVT
                                          tcbn28hpcplusbwp30p140hvt
ctmi_13548                OAI22D0BWP30P140HVT
                                          tcbn28hpcplusbwp30p140hvt
ctmi_13549                ND2D0BWP30P140HVT
                                          tcbn28hpcplusbwp30p140hvt
ctmi_13551                OAI22D0BWP30P140HVT
                                          tcbn28hpcplusbwp30p140hvt
ctmi_13552                OAI22D0BWP30P140HVT
                                          tcbn28hpcplusbwp30p140hvt
ctmi_13553                OAI22D0BWP30P140HVT
                                          tcbn28hpcplusbwp30p140hvt
ctmi_13554                OAI22D0BWP30P140HVT
                                          tcbn28hpcplusbwp30p140hvt
ctmi_13555                OAI22D0BWP30P140HVT
                                          tcbn28hpcplusbwp30p140hvt
ctmi_13556                OAI22D0BWP30P140HVT
                                          tcbn28hpcplusbwp30p140hvt
ctmi_13557                OAI22D0BWP30P140HVT
                                          tcbn28hpcplusbwp30p140hvt
ctmi_13558                OAI22D0BWP30P140HVT
                                          tcbn28hpcplusbwp30p140hvt
ctmi_13559                ND2D0BWP30P140HVT
                                          tcbn28hpcplusbwp30p140hvt
ctmi_13561                OAI22D0BWP30P140HVT
                                          tcbn28hpcplusbwp30p140hvt
ctmi_13562                OAI22D0BWP30P140HVT
                                          tcbn28hpcplusbwp30p140hvt
ctmi_13563                OAI22D0BWP30P140HVT
                                          tcbn28hpcplusbwp30p140hvt
ctmi_13564                OAI22D0BWP30P140HVT
                                          tcbn28hpcplusbwp30p140hvt
ctmi_13565                OAI22D0BWP30P140HVT
                                          tcbn28hpcplusbwp30p140hvt
ctmi_13566                OAI22D0BWP30P140HVT
                                          tcbn28hpcplusbwp30p140hvt
ctmi_13567                OAI22D0BWP30P140HVT
                                          tcbn28hpcplusbwp30p140hvt
ctmi_13568                OAI22D0BWP30P140HVT
                                          tcbn28hpcplusbwp30p140hvt
ctmi_13569                ND2D0BWP30P140HVT
                                          tcbn28hpcplusbwp30p140hvt
ctmi_13571                OAI22D0BWP30P140HVT
                                          tcbn28hpcplusbwp30p140hvt
ctmi_13572                OAI22D0BWP30P140HVT
                                          tcbn28hpcplusbwp30p140hvt
ctmi_13573                OAI22D0BWP30P140HVT
                                          tcbn28hpcplusbwp30p140hvt
ctmi_13574                OAI22D0BWP30P140HVT
                                          tcbn28hpcplusbwp30p140hvt
ctmi_13575                OAI22D0BWP30P140HVT
                                          tcbn28hpcplusbwp30p140hvt
ctmi_13576                OAI22D0BWP30P140HVT
                                          tcbn28hpcplusbwp30p140hvt
ctmi_13577                OAI22D0BWP30P140HVT
                                          tcbn28hpcplusbwp30p140hvt
ctmi_13578                OAI22D0BWP30P140HVT
                                          tcbn28hpcplusbwp30p140hvt
ctmi_13579                ND2D0BWP30P140HVT
                                          tcbn28hpcplusbwp30p140hvt
ctmi_13581                OAI22D0BWP30P140HVT
                                          tcbn28hpcplusbwp30p140hvt
ctmi_13582                OAI22D0BWP30P140HVT
                                          tcbn28hpcplusbwp30p140hvt
ctmi_13583                OAI22D0BWP30P140HVT
                                          tcbn28hpcplusbwp30p140hvt
ctmi_13584                OAI22D0BWP30P140HVT
                                          tcbn28hpcplusbwp30p140hvt
ctmi_13585                OAI22D0BWP30P140HVT
                                          tcbn28hpcplusbwp30p140hvt
ctmi_13586                OAI22D0BWP30P140HVT
                                          tcbn28hpcplusbwp30p140hvt
ctmi_13587                OAI22D0BWP30P140HVT
                                          tcbn28hpcplusbwp30p140hvt
ctmi_13588                OAI22D0BWP30P140HVT
                                          tcbn28hpcplusbwp30p140hvt
ctmi_13592                OAI22D0BWP30P140HVT
                                          tcbn28hpcplusbwp30p140hvt
ctmi_13593                OAI22D0BWP30P140HVT
                                          tcbn28hpcplusbwp30p140hvt
ctmi_13594                OAI22D0BWP30P140HVT
                                          tcbn28hpcplusbwp30p140hvt
ctmi_13595                OAI22D0BWP30P140HVT
                                          tcbn28hpcplusbwp30p140hvt
ctmi_13596                OAI22D0BWP30P140HVT
                                          tcbn28hpcplusbwp30p140hvt
ctmi_13597                OAI22D0BWP30P140HVT
                                          tcbn28hpcplusbwp30p140hvt
ctmi_13598                OAI22D0BWP30P140HVT
                                          tcbn28hpcplusbwp30p140hvt
ctmi_13599                MUX2D0BWP30P140HVT
                                          tcbn28hpcplusbwp30p140hvt
ctmi_13600                AN2D0BWP30P140HVT
                                          tcbn28hpcplusbwp30p140hvt
ctmi_13601                NR2D0BWP30P140HVT
                                          tcbn28hpcplusbwp30p140hvt
ctmi_13602                MUX2D0BWP30P140HVT
                                          tcbn28hpcplusbwp30p140hvt
ctmi_13603                MUX2D0BWP30P140HVT
                                          tcbn28hpcplusbwp30p140hvt
ctmi_13604                MUX2D0BWP30P140HVT
                                          tcbn28hpcplusbwp30p140hvt
ctmi_13605                MUX2D0BWP30P140HVT
                                          tcbn28hpcplusbwp30p140hvt
ctmi_13606                MUX2D0BWP30P140HVT
                                          tcbn28hpcplusbwp30p140hvt
ctmi_13607                MUX2D0BWP30P140HVT
                                          tcbn28hpcplusbwp30p140hvt
ctmi_13608                MUX2D0BWP30P140HVT
                                          tcbn28hpcplusbwp30p140hvt
ctmi_13609                MUX2D0BWP30P140HVT
                                          tcbn28hpcplusbwp30p140hvt
ctmi_13610                AN2D0BWP30P140HVT
                                          tcbn28hpcplusbwp30p140hvt
ctmi_13611                MUX2D0BWP30P140HVT
                                          tcbn28hpcplusbwp30p140hvt
ctmi_13612                MUX2D0BWP30P140HVT
                                          tcbn28hpcplusbwp30p140hvt
ctmi_13613                MUX2D0BWP30P140HVT
                                          tcbn28hpcplusbwp30p140hvt
ctmi_13614                MUX2D0BWP30P140HVT
                                          tcbn28hpcplusbwp30p140hvt
ctmi_13615                MUX2D0BWP30P140HVT
                                          tcbn28hpcplusbwp30p140hvt
ctmi_13616                MUX2D0BWP30P140HVT
                                          tcbn28hpcplusbwp30p140hvt
ctmi_13617                MUX2D0BWP30P140HVT
                                          tcbn28hpcplusbwp30p140hvt
ctmi_13618                MUX2D0BWP30P140HVT
                                          tcbn28hpcplusbwp30p140hvt
ctmi_13619                AN2D0BWP30P140HVT
                                          tcbn28hpcplusbwp30p140hvt
ctmi_13620                MUX2D0BWP30P140HVT
                                          tcbn28hpcplusbwp30p140hvt
ctmi_13621                MUX2D0BWP30P140HVT
                                          tcbn28hpcplusbwp30p140hvt
ctmi_13622                MUX2D0BWP30P140HVT
                                          tcbn28hpcplusbwp30p140hvt
ctmi_13623                MUX2D0BWP30P140HVT
                                          tcbn28hpcplusbwp30p140hvt
ctmi_13624                MUX2D0BWP30P140HVT
                                          tcbn28hpcplusbwp30p140hvt
ctmi_13625                MUX2D0BWP30P140HVT
                                          tcbn28hpcplusbwp30p140hvt
ctmi_13626                MUX2D0BWP30P140HVT
                                          tcbn28hpcplusbwp30p140hvt
ctmi_13627                OAI22D0BWP30P140HVT
                                          tcbn28hpcplusbwp30p140hvt
ctmi_13628                ND2D0BWP30P140HVT
                                          tcbn28hpcplusbwp30p140hvt
ctmi_13630                OAI22D0BWP30P140HVT
                                          tcbn28hpcplusbwp30p140hvt
ctmi_13631                OAI22D0BWP30P140HVT
                                          tcbn28hpcplusbwp30p140hvt
ctmi_13632                OAI22D0BWP30P140HVT
                                          tcbn28hpcplusbwp30p140hvt
ctmi_13633                OAI22D0BWP30P140HVT
                                          tcbn28hpcplusbwp30p140hvt
ctmi_13634                OAI22D0BWP30P140HVT
                                          tcbn28hpcplusbwp30p140hvt
ctmi_13635                OAI22D0BWP30P140HVT
                                          tcbn28hpcplusbwp30p140hvt
ctmi_13636                OAI22D0BWP30P140HVT
                                          tcbn28hpcplusbwp30p140hvt
ctmi_13637                OAI22D0BWP30P140HVT
                                          tcbn28hpcplusbwp30p140hvt
ctmi_13638                ND2D0BWP30P140HVT
                                          tcbn28hpcplusbwp30p140hvt
ctmi_13640                OAI22D0BWP30P140HVT
                                          tcbn28hpcplusbwp30p140hvt
ctmi_13641                OAI22D0BWP30P140HVT
                                          tcbn28hpcplusbwp30p140hvt
ctmi_13642                OAI22D0BWP30P140HVT
                                          tcbn28hpcplusbwp30p140hvt
ctmi_13643                OAI22D0BWP30P140HVT
                                          tcbn28hpcplusbwp30p140hvt
ctmi_13644                OAI22D0BWP30P140HVT
                                          tcbn28hpcplusbwp30p140hvt
ctmi_13645                OAI22D0BWP30P140HVT
                                          tcbn28hpcplusbwp30p140hvt
ctmi_13646                OAI22D0BWP30P140HVT
                                          tcbn28hpcplusbwp30p140hvt
ctmi_13647                OAI22D0BWP30P140HVT
                                          tcbn28hpcplusbwp30p140hvt
ctmi_13648                ND2D0BWP30P140HVT
                                          tcbn28hpcplusbwp30p140hvt
ctmi_13650                OAI22D0BWP30P140HVT
                                          tcbn28hpcplusbwp30p140hvt
ctmi_13651                OAI22D0BWP30P140HVT
                                          tcbn28hpcplusbwp30p140hvt
ctmi_13652                OAI22D0BWP30P140HVT
                                          tcbn28hpcplusbwp30p140hvt
ctmi_13653                OAI22D0BWP30P140HVT
                                          tcbn28hpcplusbwp30p140hvt
ctmi_13654                OAI22D0BWP30P140HVT
                                          tcbn28hpcplusbwp30p140hvt
ctmi_13655                OAI22D0BWP30P140HVT
                                          tcbn28hpcplusbwp30p140hvt
ctmi_13656                OAI22D0BWP30P140HVT
                                          tcbn28hpcplusbwp30p140hvt
ctmi_13657                MUX2D0BWP30P140HVT
                                          tcbn28hpcplusbwp30p140hvt
ctmi_13658                AN2D0BWP30P140HVT
                                          tcbn28hpcplusbwp30p140hvt
ctmi_13659                MUX2D0BWP30P140HVT
                                          tcbn28hpcplusbwp30p140hvt
ctmi_13660                MUX2D0BWP30P140HVT
                                          tcbn28hpcplusbwp30p140hvt
ctmi_13661                MUX2D0BWP30P140HVT
                                          tcbn28hpcplusbwp30p140hvt
ctmi_13662                MUX2D0BWP30P140HVT
                                          tcbn28hpcplusbwp30p140hvt
ctmi_13663                MUX2D0BWP30P140HVT
                                          tcbn28hpcplusbwp30p140hvt
ctmi_13664                MUX2D0BWP30P140HVT
                                          tcbn28hpcplusbwp30p140hvt
ctmi_13665                MUX2D0BWP30P140HVT
                                          tcbn28hpcplusbwp30p140hvt
ctmi_13666                OAI22D0BWP30P140HVT
                                          tcbn28hpcplusbwp30p140hvt
ctmi_13667                ND2D0BWP30P140HVT
                                          tcbn28hpcplusbwp30p140hvt
ctmi_13669                OAI22D0BWP30P140HVT
                                          tcbn28hpcplusbwp30p140hvt
ctmi_13670                OAI22D0BWP30P140HVT
                                          tcbn28hpcplusbwp30p140hvt
ctmi_13671                OAI22D0BWP30P140HVT
                                          tcbn28hpcplusbwp30p140hvt
ctmi_13672                OAI22D0BWP30P140HVT
                                          tcbn28hpcplusbwp30p140hvt
ctmi_13673                OAI22D0BWP30P140HVT
                                          tcbn28hpcplusbwp30p140hvt
ctmi_13674                OAI22D0BWP30P140HVT
                                          tcbn28hpcplusbwp30p140hvt
ctmi_13675                OAI22D0BWP30P140HVT
                                          tcbn28hpcplusbwp30p140hvt
ctmi_13676                OAI22D0BWP30P140HVT
                                          tcbn28hpcplusbwp30p140hvt
ctmi_13677                ND2D0BWP30P140HVT
                                          tcbn28hpcplusbwp30p140hvt
ctmi_13678                NR2D0BWP30P140HVT
                                          tcbn28hpcplusbwp30p140hvt
ctmi_13680                OAI22D0BWP30P140HVT
                                          tcbn28hpcplusbwp30p140hvt
ctmi_13681                OAI22D0BWP30P140HVT
                                          tcbn28hpcplusbwp30p140hvt
ctmi_13682                OAI22D0BWP30P140HVT
                                          tcbn28hpcplusbwp30p140hvt
ctmi_13683                OAI22D0BWP30P140HVT
                                          tcbn28hpcplusbwp30p140hvt
ctmi_13684                OAI22D0BWP30P140HVT
                                          tcbn28hpcplusbwp30p140hvt
ctmi_13685                OAI22D0BWP30P140HVT
                                          tcbn28hpcplusbwp30p140hvt
ctmi_13686                OAI22D0BWP30P140HVT
                                          tcbn28hpcplusbwp30p140hvt
ctmi_13687                OAI22D0BWP30P140HVT
                                          tcbn28hpcplusbwp30p140hvt
ctmi_13688                ND2D0BWP30P140HVT
                                          tcbn28hpcplusbwp30p140hvt
ctmi_13690                OAI22D0BWP30P140HVT
                                          tcbn28hpcplusbwp30p140hvt
ctmi_13691                OAI22D0BWP30P140HVT
                                          tcbn28hpcplusbwp30p140hvt
ctmi_13692                OAI22D0BWP30P140HVT
                                          tcbn28hpcplusbwp30p140hvt
ctmi_13693                OAI22D0BWP30P140HVT
                                          tcbn28hpcplusbwp30p140hvt
ctmi_13694                OAI22D0BWP30P140HVT
                                          tcbn28hpcplusbwp30p140hvt
ctmi_13695                OAI22D0BWP30P140HVT
                                          tcbn28hpcplusbwp30p140hvt
ctmi_13696                OAI22D0BWP30P140HVT
                                          tcbn28hpcplusbwp30p140hvt
ctmi_13697                MUX2D0BWP30P140HVT
                                          tcbn28hpcplusbwp30p140hvt
ctmi_13698                AN2D0BWP30P140HVT
                                          tcbn28hpcplusbwp30p140hvt
ctmi_13699                MUX2D0BWP30P140HVT
                                          tcbn28hpcplusbwp30p140hvt
ctmi_13700                MUX2D0BWP30P140HVT
                                          tcbn28hpcplusbwp30p140hvt
ctmi_13701                MUX2D0BWP30P140HVT
                                          tcbn28hpcplusbwp30p140hvt
ctmi_13702                MUX2D0BWP30P140HVT
                                          tcbn28hpcplusbwp30p140hvt
ctmi_13703                CKMUX2D0BWP30P140HVT
                                          tcbn28hpcplusbwp30p140hvt
ctmi_13704                MUX2D0BWP30P140HVT
                                          tcbn28hpcplusbwp30p140hvt
ctmi_13705                MUX2D0BWP30P140HVT
                                          tcbn28hpcplusbwp30p140hvt
ctmi_13706                MUX2D0BWP30P140HVT
                                          tcbn28hpcplusbwp30p140hvt
ctmi_13707                AN2D0BWP30P140HVT
                                          tcbn28hpcplusbwp30p140hvt
ctmi_13708                MUX2D0BWP30P140HVT
                                          tcbn28hpcplusbwp30p140hvt
ctmi_13709                MUX2D0BWP30P140HVT
                                          tcbn28hpcplusbwp30p140hvt
ctmi_13710                MUX2D0BWP30P140HVT
                                          tcbn28hpcplusbwp30p140hvt
ctmi_13711                MUX2D0BWP30P140HVT
                                          tcbn28hpcplusbwp30p140hvt
ctmi_13712                MUX2D0BWP30P140HVT
                                          tcbn28hpcplusbwp30p140hvt
ctmi_13713                MUX2D0BWP30P140HVT
                                          tcbn28hpcplusbwp30p140hvt
ctmi_13714                MUX2D0BWP30P140HVT
                                          tcbn28hpcplusbwp30p140hvt
ctmi_13715                OAI22D0BWP30P140HVT
                                          tcbn28hpcplusbwp30p140hvt
ctmi_13716                ND2D0BWP30P140HVT
                                          tcbn28hpcplusbwp30p140hvt
ctmi_13718                OAI22D0BWP30P140HVT
                                          tcbn28hpcplusbwp30p140hvt
ctmi_13719                OAI22D0BWP30P140HVT
                                          tcbn28hpcplusbwp30p140hvt
ctmi_13720                OAI22D0BWP30P140HVT
                                          tcbn28hpcplusbwp30p140hvt
ctmi_13721                OAI22D0BWP30P140HVT
                                          tcbn28hpcplusbwp30p140hvt
ctmi_13722                OAI22D0BWP30P140HVT
                                          tcbn28hpcplusbwp30p140hvt
ctmi_13723                OAI22D0BWP30P140HVT
                                          tcbn28hpcplusbwp30p140hvt
ctmi_13724                OAI22D0BWP30P140HVT
                                          tcbn28hpcplusbwp30p140hvt
ctmi_13725                OAI22D0BWP30P140HVT
                                          tcbn28hpcplusbwp30p140hvt
ctmi_13726                ND2D0BWP30P140HVT
                                          tcbn28hpcplusbwp30p140hvt
ctmi_13728                OAI22D0BWP30P140HVT
                                          tcbn28hpcplusbwp30p140hvt
ctmi_13729                OAI22D0BWP30P140HVT
                                          tcbn28hpcplusbwp30p140hvt
ctmi_13730                OAI22D0BWP30P140HVT
                                          tcbn28hpcplusbwp30p140hvt
ctmi_13731                OAI22D0BWP30P140HVT
                                          tcbn28hpcplusbwp30p140hvt
ctmi_13732                OAI22D0BWP30P140HVT
                                          tcbn28hpcplusbwp30p140hvt
ctmi_13733                OAI22D0BWP30P140HVT
                                          tcbn28hpcplusbwp30p140hvt
ctmi_13734                OAI22D0BWP30P140HVT
                                          tcbn28hpcplusbwp30p140hvt
ctmi_13735                OAI22D0BWP30P140HVT
                                          tcbn28hpcplusbwp30p140hvt
ctmi_13736                ND2D0BWP30P140HVT
                                          tcbn28hpcplusbwp30p140hvt
ctmi_13738                OAI22D0BWP30P140HVT
                                          tcbn28hpcplusbwp30p140hvt
ctmi_13739                OAI22D0BWP30P140HVT
                                          tcbn28hpcplusbwp30p140hvt
ctmi_13740                OAI22D0BWP30P140HVT
                                          tcbn28hpcplusbwp30p140hvt
ctmi_13741                OAI22D0BWP30P140HVT
                                          tcbn28hpcplusbwp30p140hvt
ctmi_13742                OAI22D0BWP30P140HVT
                                          tcbn28hpcplusbwp30p140hvt
ctmi_13743                OAI22D0BWP30P140HVT
                                          tcbn28hpcplusbwp30p140hvt
ctmi_13744                OAI22D0BWP30P140HVT
                                          tcbn28hpcplusbwp30p140hvt
ctmi_13745                OAI22D0BWP30P140HVT
                                          tcbn28hpcplusbwp30p140hvt
ctmi_13746                OAI22D0BWP30P140HVT
                                          tcbn28hpcplusbwp30p140hvt
ctmi_13747                OAI22D0BWP30P140HVT
                                          tcbn28hpcplusbwp30p140hvt
ctmi_13748                OAI22D0BWP30P140HVT
                                          tcbn28hpcplusbwp30p140hvt
ctmi_13749                OAI22D0BWP30P140HVT
                                          tcbn28hpcplusbwp30p140hvt
ctmi_13750                OAI22D0BWP30P140HVT
                                          tcbn28hpcplusbwp30p140hvt
ctmi_13751                OAI22D0BWP30P140HVT
                                          tcbn28hpcplusbwp30p140hvt
ctmi_13752                OAI22D0BWP30P140HVT
                                          tcbn28hpcplusbwp30p140hvt
ctmi_13753                OAI22D0BWP30P140HVT
                                          tcbn28hpcplusbwp30p140hvt
ctmi_13754                OAI22D0BWP30P140HVT
                                          tcbn28hpcplusbwp30p140hvt
ctmi_13755                OAI22D0BWP30P140HVT
                                          tcbn28hpcplusbwp30p140hvt
ctmi_13756                OAI22D0BWP30P140HVT
                                          tcbn28hpcplusbwp30p140hvt
ctmi_13757                OAI22D0BWP30P140HVT
                                          tcbn28hpcplusbwp30p140hvt
ctmi_13758                OAI22D0BWP30P140HVT
                                          tcbn28hpcplusbwp30p140hvt
ctmi_13759                OAI22D0BWP30P140HVT
                                          tcbn28hpcplusbwp30p140hvt
ctmi_13760                OAI22D0BWP30P140HVT
                                          tcbn28hpcplusbwp30p140hvt
ctmi_13761                MUX2D0BWP30P140HVT
                                          tcbn28hpcplusbwp30p140hvt
ctmi_13762                MUX2D0BWP30P140HVT
                                          tcbn28hpcplusbwp30p140hvt
ctmi_13763                MUX2D0BWP30P140HVT
                                          tcbn28hpcplusbwp30p140hvt
ctmi_13764                MUX2D0BWP30P140HVT
                                          tcbn28hpcplusbwp30p140hvt
ctmi_13765                MUX2D0BWP30P140HVT
                                          tcbn28hpcplusbwp30p140hvt
ctmi_13766                CKMUX2D0BWP30P140HVT
                                          tcbn28hpcplusbwp30p140hvt
ctmi_13767                CKMUX2D0BWP30P140HVT
                                          tcbn28hpcplusbwp30p140hvt
ctmi_13768                MUX2D0BWP30P140HVT
                                          tcbn28hpcplusbwp30p140hvt
ctmi_13769                MUX2D0BWP30P140HVT
                                          tcbn28hpcplusbwp30p140hvt
ctmi_13770                MUX2D0BWP30P140HVT
                                          tcbn28hpcplusbwp30p140hvt
ctmi_13771                MUX2D0BWP30P140HVT
                                          tcbn28hpcplusbwp30p140hvt
ctmi_13772                MUX2D0BWP30P140HVT
                                          tcbn28hpcplusbwp30p140hvt
ctmi_13773                MUX2D0BWP30P140HVT
                                          tcbn28hpcplusbwp30p140hvt
ctmi_13774                MUX2D0BWP30P140HVT
                                          tcbn28hpcplusbwp30p140hvt
ctmi_13775                MUX2D0BWP30P140HVT
                                          tcbn28hpcplusbwp30p140hvt
ctmi_13776                MUX2D0BWP30P140HVT
                                          tcbn28hpcplusbwp30p140hvt
ctmi_13777                MUX2D0BWP30P140HVT
                                          tcbn28hpcplusbwp30p140hvt
ctmi_13778                MUX2D0BWP30P140HVT
                                          tcbn28hpcplusbwp30p140hvt
ctmi_13779                MUX2D0BWP30P140HVT
                                          tcbn28hpcplusbwp30p140hvt
ctmi_13780                MUX2D0BWP30P140HVT
                                          tcbn28hpcplusbwp30p140hvt
ctmi_13781                CKMUX2D0BWP30P140HVT
                                          tcbn28hpcplusbwp30p140hvt
ctmi_13782                MUX2D0BWP30P140HVT
                                          tcbn28hpcplusbwp30p140hvt
ctmi_13783                MUX2D0BWP30P140HVT
                                          tcbn28hpcplusbwp30p140hvt
ctmi_13784                MUX2D0BWP30P140HVT
                                          tcbn28hpcplusbwp30p140hvt
ctmi_13785                MUX2D0BWP30P140HVT
                                          tcbn28hpcplusbwp30p140hvt
ctmi_13786                MUX2D0BWP30P140HVT
                                          tcbn28hpcplusbwp30p140hvt
ctmi_13787                MUX2D0BWP30P140HVT
                                          tcbn28hpcplusbwp30p140hvt
ctmi_13788                MUX2D0BWP30P140HVT
                                          tcbn28hpcplusbwp30p140hvt
ctmi_13789                MUX2D0BWP30P140HVT
                                          tcbn28hpcplusbwp30p140hvt
ctmi_13790                MUX2D0BWP30P140HVT
                                          tcbn28hpcplusbwp30p140hvt
ctmi_13791                MUX2D0BWP30P140HVT
                                          tcbn28hpcplusbwp30p140hvt
ctmi_13792                MUX2D0BWP30P140HVT
                                          tcbn28hpcplusbwp30p140hvt
ctmi_13793                MUX2D0BWP30P140HVT
                                          tcbn28hpcplusbwp30p140hvt
ctmi_13794                MUX2D0BWP30P140HVT
                                          tcbn28hpcplusbwp30p140hvt
ctmi_13795                MUX2D0BWP30P140HVT
                                          tcbn28hpcplusbwp30p140hvt
ctmi_13796                MUX2D0BWP30P140HVT
                                          tcbn28hpcplusbwp30p140hvt
ctmi_13797                MUX2D0BWP30P140HVT
                                          tcbn28hpcplusbwp30p140hvt
ctmi_13798                MUX2D0BWP30P140HVT
                                          tcbn28hpcplusbwp30p140hvt
ctmi_13799                MUX2D0BWP30P140HVT
                                          tcbn28hpcplusbwp30p140hvt
ctmi_13800                MUX2D0BWP30P140HVT
                                          tcbn28hpcplusbwp30p140hvt
ctmi_13801                MUX2D0BWP30P140HVT
                                          tcbn28hpcplusbwp30p140hvt
ctmi_13802                MUX2D0BWP30P140HVT
                                          tcbn28hpcplusbwp30p140hvt
ctmi_13803                CKMUX2D0BWP30P140HVT
                                          tcbn28hpcplusbwp30p140hvt
ctmi_13804                MUX2D0BWP30P140HVT
                                          tcbn28hpcplusbwp30p140hvt
ctmi_13805                MUX2D0BWP30P140HVT
                                          tcbn28hpcplusbwp30p140hvt
ctmi_13806                MUX2D0BWP30P140HVT
                                          tcbn28hpcplusbwp30p140hvt
ctmi_13807                MUX2D0BWP30P140HVT
                                          tcbn28hpcplusbwp30p140hvt
ctmi_13808                MUX2D0BWP30P140HVT
                                          tcbn28hpcplusbwp30p140hvt
ctmi_13809                MUX2D0BWP30P140HVT
                                          tcbn28hpcplusbwp30p140hvt
ctmi_13810                MUX2D0BWP30P140HVT
                                          tcbn28hpcplusbwp30p140hvt
ctmi_13811                MUX2D0BWP30P140HVT
                                          tcbn28hpcplusbwp30p140hvt
ctmi_13812                MUX2D0BWP30P140HVT
                                          tcbn28hpcplusbwp30p140hvt
ctmi_13813                MUX2D0BWP30P140HVT
                                          tcbn28hpcplusbwp30p140hvt
ctmi_13814                CKMUX2D0BWP30P140HVT
                                          tcbn28hpcplusbwp30p140hvt
ctmi_13815                MUX2D0BWP30P140HVT
                                          tcbn28hpcplusbwp30p140hvt
ctmi_13816                MUX2D0BWP30P140HVT
                                          tcbn28hpcplusbwp30p140hvt
ctmi_13817                MUX2D0BWP30P140HVT
                                          tcbn28hpcplusbwp30p140hvt
ctmi_13818                MUX2D0BWP30P140HVT
                                          tcbn28hpcplusbwp30p140hvt
ctmi_13819                CKMUX2D0BWP30P140HVT
                                          tcbn28hpcplusbwp30p140hvt
ctmi_13820                MUX2D0BWP30P140HVT
                                          tcbn28hpcplusbwp30p140hvt
ctmi_13821                CKMUX2D0BWP30P140HVT
                                          tcbn28hpcplusbwp30p140hvt
ctmi_13822                MUX2D0BWP30P140HVT
                                          tcbn28hpcplusbwp30p140hvt
ctmi_13823                MUX2D0BWP30P140HVT
                                          tcbn28hpcplusbwp30p140hvt
ctmi_13824                MUX2D0BWP30P140HVT
                                          tcbn28hpcplusbwp30p140hvt
ctmi_13825                OAI22D0BWP30P140HVT
                                          tcbn28hpcplusbwp30p140hvt
ctmi_13826                OAI22D0BWP30P140HVT
                                          tcbn28hpcplusbwp30p140hvt
ctmi_13827                OAI22D0BWP30P140HVT
                                          tcbn28hpcplusbwp30p140hvt
ctmi_13828                OAI22D0BWP30P140HVT
                                          tcbn28hpcplusbwp30p140hvt
ctmi_13829                OAI22D0BWP30P140HVT
                                          tcbn28hpcplusbwp30p140hvt
ctmi_13830                OAI22D0BWP30P140HVT
                                          tcbn28hpcplusbwp30p140hvt
ctmi_13831                OAI22D0BWP30P140HVT
                                          tcbn28hpcplusbwp30p140hvt
ctmi_13832                OAI22D0BWP30P140HVT
                                          tcbn28hpcplusbwp30p140hvt
ctmi_13833                OAI22D0BWP30P140HVT
                                          tcbn28hpcplusbwp30p140hvt
ctmi_13834                OAI22D0BWP30P140HVT
                                          tcbn28hpcplusbwp30p140hvt
ctmi_13835                OAI22D0BWP30P140HVT
                                          tcbn28hpcplusbwp30p140hvt
ctmi_13836                OAI22D0BWP30P140HVT
                                          tcbn28hpcplusbwp30p140hvt
ctmi_13837                OAI22D0BWP30P140HVT
                                          tcbn28hpcplusbwp30p140hvt
ctmi_13838                OAI22D0BWP30P140HVT
                                          tcbn28hpcplusbwp30p140hvt
ctmi_13839                OAI22D0BWP30P140HVT
                                          tcbn28hpcplusbwp30p140hvt
ctmi_13840                OAI22D0BWP30P140HVT
                                          tcbn28hpcplusbwp30p140hvt
ctmi_13841                MUX2D0BWP30P140HVT
                                          tcbn28hpcplusbwp30p140hvt
ctmi_13842                MUX2D0BWP30P140HVT
                                          tcbn28hpcplusbwp30p140hvt
ctmi_13843                MUX2D0BWP30P140HVT
                                          tcbn28hpcplusbwp30p140hvt
ctmi_13844                MUX2D0BWP30P140HVT
                                          tcbn28hpcplusbwp30p140hvt
ctmi_13845                MUX2D0BWP30P140HVT
                                          tcbn28hpcplusbwp30p140hvt
ctmi_13846                MUX2D0BWP30P140HVT
                                          tcbn28hpcplusbwp30p140hvt
ctmi_13847                MUX2D0BWP30P140HVT
                                          tcbn28hpcplusbwp30p140hvt
ctmi_13848                MUX2D0BWP30P140HVT
                                          tcbn28hpcplusbwp30p140hvt
ctmi_13849                MUX2D0BWP30P140HVT
                                          tcbn28hpcplusbwp30p140hvt
ctmi_13850                MUX2D0BWP30P140HVT
                                          tcbn28hpcplusbwp30p140hvt
ctmi_13851                CKMUX2D0BWP30P140HVT
                                          tcbn28hpcplusbwp30p140hvt
ctmi_13852                MUX2D0BWP30P140HVT
                                          tcbn28hpcplusbwp30p140hvt
ctmi_13853                MUX2D0BWP30P140HVT
                                          tcbn28hpcplusbwp30p140hvt
ctmi_13854                CKMUX2D0BWP30P140HVT
                                          tcbn28hpcplusbwp30p140hvt
ctmi_13855                MUX2D0BWP30P140HVT
                                          tcbn28hpcplusbwp30p140hvt
ctmi_13856                MUX2D0BWP30P140HVT
                                          tcbn28hpcplusbwp30p140hvt
ctmi_13857                MUX2D0BWP30P140HVT
                                          tcbn28hpcplusbwp30p140hvt
ctmi_13858                MUX2D0BWP30P140HVT
                                          tcbn28hpcplusbwp30p140hvt
ctmi_13859                MUX2D0BWP30P140HVT
                                          tcbn28hpcplusbwp30p140hvt
ctmi_13860                MUX2D0BWP30P140HVT
                                          tcbn28hpcplusbwp30p140hvt
ctmi_13861                MUX2D0BWP30P140HVT
                                          tcbn28hpcplusbwp30p140hvt
ctmi_13862                CKMUX2D0BWP30P140HVT
                                          tcbn28hpcplusbwp30p140hvt
ctmi_13863                MUX2D0BWP30P140HVT
                                          tcbn28hpcplusbwp30p140hvt
ctmi_13864                MUX2D0BWP30P140HVT
                                          tcbn28hpcplusbwp30p140hvt
ctmi_13865                MUX2D0BWP30P140HVT
                                          tcbn28hpcplusbwp30p140hvt
ctmi_13866                MUX2D0BWP30P140HVT
                                          tcbn28hpcplusbwp30p140hvt
ctmi_13867                MUX2D0BWP30P140HVT
                                          tcbn28hpcplusbwp30p140hvt
ctmi_13868                MUX2D0BWP30P140HVT
                                          tcbn28hpcplusbwp30p140hvt
ctmi_13869                MUX2D0BWP30P140HVT
                                          tcbn28hpcplusbwp30p140hvt
ctmi_13870                CKMUX2D0BWP30P140HVT
                                          tcbn28hpcplusbwp30p140hvt
ctmi_13871                MUX2D0BWP30P140HVT
                                          tcbn28hpcplusbwp30p140hvt
ctmi_13872                MUX2D0BWP30P140HVT
                                          tcbn28hpcplusbwp30p140hvt
ctmi_13873                MUX2D0BWP30P140HVT
                                          tcbn28hpcplusbwp30p140hvt
ctmi_13874                MUX2D0BWP30P140HVT
                                          tcbn28hpcplusbwp30p140hvt
ctmi_13875                MUX2D0BWP30P140HVT
                                          tcbn28hpcplusbwp30p140hvt
ctmi_13876                MUX2D0BWP30P140HVT
                                          tcbn28hpcplusbwp30p140hvt
ctmi_13877                MUX2D0BWP30P140HVT
                                          tcbn28hpcplusbwp30p140hvt
ctmi_13878                MUX2D0BWP30P140HVT
                                          tcbn28hpcplusbwp30p140hvt
ctmi_13879                MUX2D0BWP30P140HVT
                                          tcbn28hpcplusbwp30p140hvt
ctmi_13880                MUX2D0BWP30P140HVT
                                          tcbn28hpcplusbwp30p140hvt
ctmi_13881                MUX2D0BWP30P140HVT
                                          tcbn28hpcplusbwp30p140hvt
ctmi_13882                MUX2D0BWP30P140HVT
                                          tcbn28hpcplusbwp30p140hvt
ctmi_13883                MUX2D0BWP30P140HVT
                                          tcbn28hpcplusbwp30p140hvt
ctmi_13884                MUX2D0BWP30P140HVT
                                          tcbn28hpcplusbwp30p140hvt
ctmi_13885                MUX2D0BWP30P140HVT
                                          tcbn28hpcplusbwp30p140hvt
ctmi_13886                CKMUX2D0BWP30P140HVT
                                          tcbn28hpcplusbwp30p140hvt
ctmi_13887                MUX2D0BWP30P140HVT
                                          tcbn28hpcplusbwp30p140hvt
ctmi_13888                MUX2D0BWP30P140HVT
                                          tcbn28hpcplusbwp30p140hvt
ctmi_13889                MUX2D0BWP30P140HVT
                                          tcbn28hpcplusbwp30p140hvt
ctmi_13890                MUX2D0BWP30P140HVT
                                          tcbn28hpcplusbwp30p140hvt
ctmi_13891                MUX2D0BWP30P140HVT
                                          tcbn28hpcplusbwp30p140hvt
ctmi_13892                MUX2D0BWP30P140HVT
                                          tcbn28hpcplusbwp30p140hvt
ctmi_13893                MUX2D0BWP30P140HVT
                                          tcbn28hpcplusbwp30p140hvt
ctmi_13894                MUX2D0BWP30P140HVT
                                          tcbn28hpcplusbwp30p140hvt
ctmi_13895                MUX2D0BWP30P140HVT
                                          tcbn28hpcplusbwp30p140hvt
ctmi_13896                MUX2D0BWP30P140HVT
                                          tcbn28hpcplusbwp30p140hvt
ctmi_13897                MUX2D0BWP30P140HVT
                                          tcbn28hpcplusbwp30p140hvt
ctmi_13898                MUX2D0BWP30P140HVT
                                          tcbn28hpcplusbwp30p140hvt
ctmi_13899                MUX2D0BWP30P140HVT
                                          tcbn28hpcplusbwp30p140hvt
ctmi_13900                MUX2D0BWP30P140HVT
                                          tcbn28hpcplusbwp30p140hvt
ctmi_13901                CKMUX2D0BWP30P140HVT
                                          tcbn28hpcplusbwp30p140hvt
ctmi_13902                MUX2D0BWP30P140HVT
                                          tcbn28hpcplusbwp30p140hvt
ctmi_13903                MUX2D0BWP30P140HVT
                                          tcbn28hpcplusbwp30p140hvt
ctmi_13904                MUX2D0BWP30P140HVT
                                          tcbn28hpcplusbwp30p140hvt
ctmi_13905                MUX2D0BWP30P140HVT
                                          tcbn28hpcplusbwp30p140hvt
ctmi_13906                MUX2D0BWP30P140HVT
                                          tcbn28hpcplusbwp30p140hvt
ctmi_13907                MUX2D0BWP30P140HVT
                                          tcbn28hpcplusbwp30p140hvt
ctmi_13908                MUX2D0BWP30P140HVT
                                          tcbn28hpcplusbwp30p140hvt
ctmi_13909                MUX2D0BWP30P140HVT
                                          tcbn28hpcplusbwp30p140hvt
ctmi_13910                MUX2D0BWP30P140HVT
                                          tcbn28hpcplusbwp30p140hvt
ctmi_13911                MUX2D0BWP30P140HVT
                                          tcbn28hpcplusbwp30p140hvt
ctmi_13912                MUX2D0BWP30P140HVT
                                          tcbn28hpcplusbwp30p140hvt
ctmi_13913                MUX2D0BWP30P140HVT
                                          tcbn28hpcplusbwp30p140hvt
ctmi_13914                MUX2D0BWP30P140HVT
                                          tcbn28hpcplusbwp30p140hvt
ctmi_13915                MUX2D0BWP30P140HVT
                                          tcbn28hpcplusbwp30p140hvt
ctmi_13916                MUX2D0BWP30P140HVT
                                          tcbn28hpcplusbwp30p140hvt
ctmi_13917                CKMUX2D0BWP30P140HVT
                                          tcbn28hpcplusbwp30p140hvt
ctmi_13918                MUX2D0BWP30P140HVT
                                          tcbn28hpcplusbwp30p140hvt
ctmi_13919                MUX2D0BWP30P140HVT
                                          tcbn28hpcplusbwp30p140hvt
ctmi_13920                MUX2D0BWP30P140HVT
                                          tcbn28hpcplusbwp30p140hvt
ctmi_13921                MUX2D0BWP30P140HVT
                                          tcbn28hpcplusbwp30p140hvt
ctmi_13922                MUX2D0BWP30P140HVT
                                          tcbn28hpcplusbwp30p140hvt
ctmi_13923                MUX2D0BWP30P140HVT
                                          tcbn28hpcplusbwp30p140hvt
ctmi_13924                MUX2D0BWP30P140HVT
                                          tcbn28hpcplusbwp30p140hvt
ctmi_13925                CKMUX2D0BWP30P140HVT
                                          tcbn28hpcplusbwp30p140hvt
ctmi_13926                MUX2D0BWP30P140HVT
                                          tcbn28hpcplusbwp30p140hvt
ctmi_13927                MUX2D0BWP30P140HVT
                                          tcbn28hpcplusbwp30p140hvt
ctmi_13928                MUX2D0BWP30P140HVT
                                          tcbn28hpcplusbwp30p140hvt
ctmi_13929                OAI22D0BWP30P140HVT
                                          tcbn28hpcplusbwp30p140hvt
ctmi_13930                OAI22D0BWP30P140HVT
                                          tcbn28hpcplusbwp30p140hvt
ctmi_13931                OAI22D0BWP30P140HVT
                                          tcbn28hpcplusbwp30p140hvt
ctmi_13932                OAI22D0BWP30P140HVT
                                          tcbn28hpcplusbwp30p140hvt
ctmi_13933                OAI22D0BWP30P140HVT
                                          tcbn28hpcplusbwp30p140hvt
ctmi_13934                OAI22D0BWP30P140HVT
                                          tcbn28hpcplusbwp30p140hvt
ctmi_13935                OAI22D0BWP30P140HVT
                                          tcbn28hpcplusbwp30p140hvt
ctmi_13936                OAI22D0BWP30P140HVT
                                          tcbn28hpcplusbwp30p140hvt
ctmi_13937                MUX2D0BWP30P140HVT
                                          tcbn28hpcplusbwp30p140hvt
ctmi_13938                MUX2D0BWP30P140HVT
                                          tcbn28hpcplusbwp30p140hvt
ctmi_13939                CKMUX2D0BWP30P140HVT
                                          tcbn28hpcplusbwp30p140hvt
ctmi_13940                MUX2D0BWP30P140HVT
                                          tcbn28hpcplusbwp30p140hvt
ctmi_13941                MUX2D0BWP30P140HVT
                                          tcbn28hpcplusbwp30p140hvt
ctmi_13942                MUX2D0BWP30P140HVT
                                          tcbn28hpcplusbwp30p140hvt
ctmi_13943                MUX2D0BWP30P140HVT
                                          tcbn28hpcplusbwp30p140hvt
ctmi_13944                MUX2D0BWP30P140HVT
                                          tcbn28hpcplusbwp30p140hvt
ctmi_13945                MUX2D0BWP30P140HVT
                                          tcbn28hpcplusbwp30p140hvt
ctmi_13946                MUX2D0BWP30P140HVT
                                          tcbn28hpcplusbwp30p140hvt
ctmi_13947                MUX2D0BWP30P140HVT
                                          tcbn28hpcplusbwp30p140hvt
ctmi_13948                MUX2D0BWP30P140HVT
                                          tcbn28hpcplusbwp30p140hvt
ctmi_13949                MUX2D0BWP30P140HVT
                                          tcbn28hpcplusbwp30p140hvt
ctmi_13950                MUX2D0BWP30P140HVT
                                          tcbn28hpcplusbwp30p140hvt
ctmi_13951                MUX2D0BWP30P140HVT
                                          tcbn28hpcplusbwp30p140hvt
ctmi_13952                MUX2D0BWP30P140HVT
                                          tcbn28hpcplusbwp30p140hvt
ctmi_13953                MUX2D0BWP30P140HVT
                                          tcbn28hpcplusbwp30p140hvt
ctmi_13954                MUX2D0BWP30P140HVT
                                          tcbn28hpcplusbwp30p140hvt
ctmi_13955                MUX2D0BWP30P140HVT
                                          tcbn28hpcplusbwp30p140hvt
ctmi_13956                MUX2D0BWP30P140HVT
                                          tcbn28hpcplusbwp30p140hvt
ctmi_13957                MUX2D0BWP30P140HVT
                                          tcbn28hpcplusbwp30p140hvt
ctmi_13958                MUX2D0BWP30P140HVT
                                          tcbn28hpcplusbwp30p140hvt
ctmi_13959                MUX2D0BWP30P140HVT
                                          tcbn28hpcplusbwp30p140hvt
ctmi_13960                MUX2D0BWP30P140HVT
                                          tcbn28hpcplusbwp30p140hvt
ctmi_13961                MUX2D0BWP30P140HVT
                                          tcbn28hpcplusbwp30p140hvt
ctmi_13962                MUX2D0BWP30P140HVT
                                          tcbn28hpcplusbwp30p140hvt
ctmi_13963                MUX2D0BWP30P140HVT
                                          tcbn28hpcplusbwp30p140hvt
ctmi_13964                MUX2D0BWP30P140HVT
                                          tcbn28hpcplusbwp30p140hvt
ctmi_13965                CKMUX2D0BWP30P140HVT
                                          tcbn28hpcplusbwp30p140hvt
ctmi_13966                MUX2D0BWP30P140HVT
                                          tcbn28hpcplusbwp30p140hvt
ctmi_13967                CKMUX2D0BWP30P140HVT
                                          tcbn28hpcplusbwp30p140hvt
ctmi_13968                MUX2D0BWP30P140HVT
                                          tcbn28hpcplusbwp30p140hvt
ctmi_13969                MUX2D0BWP30P140HVT
                                          tcbn28hpcplusbwp30p140hvt
ctmi_13970                MUX2D0BWP30P140HVT
                                          tcbn28hpcplusbwp30p140hvt
ctmi_13971                MUX2D0BWP30P140HVT
                                          tcbn28hpcplusbwp30p140hvt
ctmi_13972                MUX2D0BWP30P140HVT
                                          tcbn28hpcplusbwp30p140hvt
ctmi_13973                MUX2D0BWP30P140HVT
                                          tcbn28hpcplusbwp30p140hvt
ctmi_13974                MUX2D0BWP30P140HVT
                                          tcbn28hpcplusbwp30p140hvt
ctmi_13975                MUX2D0BWP30P140HVT
                                          tcbn28hpcplusbwp30p140hvt
ctmi_13976                MUX2D0BWP30P140HVT
                                          tcbn28hpcplusbwp30p140hvt
ctmi_13977                OAI22D0BWP30P140HVT
                                          tcbn28hpcplusbwp30p140hvt
ctmi_13978                OAI22D0BWP30P140HVT
                                          tcbn28hpcplusbwp30p140hvt
ctmi_13979                OAI22D0BWP30P140HVT
                                          tcbn28hpcplusbwp30p140hvt
ctmi_13980                OAI22D0BWP30P140HVT
                                          tcbn28hpcplusbwp30p140hvt
ctmi_13981                OAI22D0BWP30P140HVT
                                          tcbn28hpcplusbwp30p140hvt
ctmi_13982                OAI22D0BWP30P140HVT
                                          tcbn28hpcplusbwp30p140hvt
ctmi_13983                OAI22D0BWP30P140HVT
                                          tcbn28hpcplusbwp30p140hvt
ctmi_13984                OAI22D0BWP30P140HVT
                                          tcbn28hpcplusbwp30p140hvt
ctmi_13985                OAI22D0BWP30P140HVT
                                          tcbn28hpcplusbwp30p140hvt
ctmi_13986                OAI22D0BWP30P140HVT
                                          tcbn28hpcplusbwp30p140hvt
ctmi_13987                OAI22D0BWP30P140HVT
                                          tcbn28hpcplusbwp30p140hvt
ctmi_13988                OAI22D0BWP30P140HVT
                                          tcbn28hpcplusbwp30p140hvt
ctmi_13989                OAI22D0BWP30P140HVT
                                          tcbn28hpcplusbwp30p140hvt
ctmi_13990                OAI22D0BWP30P140HVT
                                          tcbn28hpcplusbwp30p140hvt
ctmi_13991                OAI22D0BWP30P140HVT
                                          tcbn28hpcplusbwp30p140hvt
ctmi_13992                OAI22D0BWP30P140HVT
                                          tcbn28hpcplusbwp30p140hvt
ctmi_13993                OAI22D0BWP30P140HVT
                                          tcbn28hpcplusbwp30p140hvt
ctmi_13994                OAI22D0BWP30P140HVT
                                          tcbn28hpcplusbwp30p140hvt
ctmi_13995                OAI22D0BWP30P140HVT
                                          tcbn28hpcplusbwp30p140hvt
ctmi_13996                OAI22D0BWP30P140HVT
                                          tcbn28hpcplusbwp30p140hvt
ctmi_13997                OAI22D0BWP30P140HVT
                                          tcbn28hpcplusbwp30p140hvt
ctmi_13998                OAI22D0BWP30P140HVT
                                          tcbn28hpcplusbwp30p140hvt
ctmi_13999                OAI22D0BWP30P140HVT
                                          tcbn28hpcplusbwp30p140hvt
ctmi_14000                OAI22D0BWP30P140HVT
                                          tcbn28hpcplusbwp30p140hvt
ctmi_14001                MUX2D0BWP30P140HVT
                                          tcbn28hpcplusbwp30p140hvt
ctmi_14002                MUX2D0BWP30P140HVT
                                          tcbn28hpcplusbwp30p140hvt
ctmi_14003                MUX2D0BWP30P140HVT
                                          tcbn28hpcplusbwp30p140hvt
ctmi_14004                MUX2D0BWP30P140HVT
                                          tcbn28hpcplusbwp30p140hvt
ctmi_14005                MUX2D0BWP30P140HVT
                                          tcbn28hpcplusbwp30p140hvt
ctmi_14006                MUX2D0BWP30P140HVT
                                          tcbn28hpcplusbwp30p140hvt
ctmi_14007                MUX2D0BWP30P140HVT
                                          tcbn28hpcplusbwp30p140hvt
ctmi_14008                MUX2D0BWP30P140HVT
                                          tcbn28hpcplusbwp30p140hvt
ctmi_14009                MUX2D0BWP30P140HVT
                                          tcbn28hpcplusbwp30p140hvt
ctmi_14010                MUX2D0BWP30P140HVT
                                          tcbn28hpcplusbwp30p140hvt
ctmi_14011                CKMUX2D0BWP30P140HVT
                                          tcbn28hpcplusbwp30p140hvt
ctmi_14012                MUX2D0BWP30P140HVT
                                          tcbn28hpcplusbwp30p140hvt
ctmi_14013                CKMUX2D0BWP30P140HVT
                                          tcbn28hpcplusbwp30p140hvt
ctmi_14014                MUX2D0BWP30P140HVT
                                          tcbn28hpcplusbwp30p140hvt
ctmi_14015                MUX2D0BWP30P140HVT
                                          tcbn28hpcplusbwp30p140hvt
ctmi_14016                MUX2D0BWP30P140HVT
                                          tcbn28hpcplusbwp30p140hvt
ctmi_14017                MUX2D0BWP30P140HVT
                                          tcbn28hpcplusbwp30p140hvt
ctmi_14018                MUX2D0BWP30P140HVT
                                          tcbn28hpcplusbwp30p140hvt
ctmi_14019                MUX2D0BWP30P140HVT
                                          tcbn28hpcplusbwp30p140hvt
ctmi_1402                 IAO21D0BWP30P140HVT
                                          tcbn28hpcplusbwp30p140hvt
ctmi_14020                MUX2D0BWP30P140HVT
                                          tcbn28hpcplusbwp30p140hvt
ctmi_14021                MUX2D0BWP30P140HVT
                                          tcbn28hpcplusbwp30p140hvt
ctmi_14022                MUX2D0BWP30P140HVT
                                          tcbn28hpcplusbwp30p140hvt
ctmi_14023                MUX2D0BWP30P140HVT
                                          tcbn28hpcplusbwp30p140hvt
ctmi_14024                MUX2D0BWP30P140HVT
                                          tcbn28hpcplusbwp30p140hvt
ctmi_14025                OAI22D0BWP30P140HVT
                                          tcbn28hpcplusbwp30p140hvt
ctmi_14026                OAI22D0BWP30P140HVT
                                          tcbn28hpcplusbwp30p140hvt
ctmi_14027                OAI22D0BWP30P140HVT
                                          tcbn28hpcplusbwp30p140hvt
ctmi_14028                OAI22D0BWP30P140HVT
                                          tcbn28hpcplusbwp30p140hvt
ctmi_14029                OAI22D0BWP30P140HVT
                                          tcbn28hpcplusbwp30p140hvt
ctmi_14030                OAI22D0BWP30P140HVT
                                          tcbn28hpcplusbwp30p140hvt
ctmi_14031                OAI22D0BWP30P140HVT
                                          tcbn28hpcplusbwp30p140hvt
ctmi_14032                OAI22D0BWP30P140HVT
                                          tcbn28hpcplusbwp30p140hvt
ctmi_14033                OAI22D0BWP30P140HVT
                                          tcbn28hpcplusbwp30p140hvt
ctmi_14034                OAI22D0BWP30P140HVT
                                          tcbn28hpcplusbwp30p140hvt
ctmi_14035                OAI22D0BWP30P140HVT
                                          tcbn28hpcplusbwp30p140hvt
ctmi_14036                OAI22D0BWP30P140HVT
                                          tcbn28hpcplusbwp30p140hvt
ctmi_14037                OAI22D0BWP30P140HVT
                                          tcbn28hpcplusbwp30p140hvt
ctmi_14038                OAI22D0BWP30P140HVT
                                          tcbn28hpcplusbwp30p140hvt
ctmi_14039                OAI22D0BWP30P140HVT
                                          tcbn28hpcplusbwp30p140hvt
ctmi_1404                 AN2D1BWP30P140HVT
                                          tcbn28hpcplusbwp30p140hvt
ctmi_14040                OAI22D0BWP30P140HVT
                                          tcbn28hpcplusbwp30p140hvt
ctmi_14041                MUX2D0BWP30P140HVT
                                          tcbn28hpcplusbwp30p140hvt
ctmi_14042                MUX2D0BWP30P140HVT
                                          tcbn28hpcplusbwp30p140hvt
ctmi_14043                MUX2D0BWP30P140HVT
                                          tcbn28hpcplusbwp30p140hvt
ctmi_14044                MUX2D0BWP30P140HVT
                                          tcbn28hpcplusbwp30p140hvt
ctmi_14045                MUX2D0BWP30P140HVT
                                          tcbn28hpcplusbwp30p140hvt
ctmi_14046                MUX2D0BWP30P140HVT
                                          tcbn28hpcplusbwp30p140hvt
ctmi_14047                MUX2D0BWP30P140HVT
                                          tcbn28hpcplusbwp30p140hvt
ctmi_14048                MUX2D0BWP30P140HVT
                                          tcbn28hpcplusbwp30p140hvt
ctmi_14049                OAI22D0BWP30P140HVT
                                          tcbn28hpcplusbwp30p140hvt
ctmi_14050                OAI22D0BWP30P140HVT
                                          tcbn28hpcplusbwp30p140hvt
ctmi_14051                OAI22D0BWP30P140HVT
                                          tcbn28hpcplusbwp30p140hvt
ctmi_14052                OAI22D0BWP30P140HVT
                                          tcbn28hpcplusbwp30p140hvt
ctmi_14053                OAI22D0BWP30P140HVT
                                          tcbn28hpcplusbwp30p140hvt
ctmi_14054                OAI22D0BWP30P140HVT
                                          tcbn28hpcplusbwp30p140hvt
ctmi_14055                OAI22D0BWP30P140HVT
                                          tcbn28hpcplusbwp30p140hvt
ctmi_14056                OAI22D0BWP30P140HVT
                                          tcbn28hpcplusbwp30p140hvt
ctmi_14057                OAI22D0BWP30P140HVT
                                          tcbn28hpcplusbwp30p140hvt
ctmi_14058                OAI22D0BWP30P140HVT
                                          tcbn28hpcplusbwp30p140hvt
ctmi_14059                OAI22D0BWP30P140HVT
                                          tcbn28hpcplusbwp30p140hvt
ctmi_1406                 AN3D0BWP30P140HVT
                                          tcbn28hpcplusbwp30p140hvt
ctmi_14060                OAI22D0BWP30P140HVT
                                          tcbn28hpcplusbwp30p140hvt
ctmi_14061                OAI22D0BWP30P140HVT
                                          tcbn28hpcplusbwp30p140hvt
ctmi_14062                OAI22D0BWP30P140HVT
                                          tcbn28hpcplusbwp30p140hvt
ctmi_14063                OAI22D0BWP30P140HVT
                                          tcbn28hpcplusbwp30p140hvt
ctmi_14064                OAI22D0BWP30P140HVT
                                          tcbn28hpcplusbwp30p140hvt
ctmi_14065                MUX2D0BWP30P140HVT
                                          tcbn28hpcplusbwp30p140hvt
ctmi_14066                MUX2D0BWP30P140HVT
                                          tcbn28hpcplusbwp30p140hvt
ctmi_14067                MUX2D0BWP30P140HVT
                                          tcbn28hpcplusbwp30p140hvt
ctmi_14068                MUX2D0BWP30P140HVT
                                          tcbn28hpcplusbwp30p140hvt
ctmi_14069                CKMUX2D0BWP30P140HVT
                                          tcbn28hpcplusbwp30p140hvt
ctmi_1407                 AN2D0BWP30P140HVT
                                          tcbn28hpcplusbwp30p140hvt
ctmi_14070                CKMUX2D0BWP30P140HVT
                                          tcbn28hpcplusbwp30p140hvt
ctmi_14071                MUX2D0BWP30P140HVT
                                          tcbn28hpcplusbwp30p140hvt
ctmi_14072                MUX2D0BWP30P140HVT
                                          tcbn28hpcplusbwp30p140hvt
ctmi_14073                OAI22D0BWP30P140HVT
                                          tcbn28hpcplusbwp30p140hvt
ctmi_14074                OAI22D0BWP30P140HVT
                                          tcbn28hpcplusbwp30p140hvt
ctmi_14075                OAI22D0BWP30P140HVT
                                          tcbn28hpcplusbwp30p140hvt
ctmi_14076                OAI22D0BWP30P140HVT
                                          tcbn28hpcplusbwp30p140hvt
ctmi_14077                OAI22D0BWP30P140HVT
                                          tcbn28hpcplusbwp30p140hvt
ctmi_14078                OAI22D0BWP30P140HVT
                                          tcbn28hpcplusbwp30p140hvt
ctmi_14079                OAI22D0BWP30P140HVT
                                          tcbn28hpcplusbwp30p140hvt
ctmi_1408                 AN2D1BWP30P140HVT
                                          tcbn28hpcplusbwp30p140hvt
ctmi_14080                OAI22D0BWP30P140HVT
                                          tcbn28hpcplusbwp30p140hvt
ctmi_14081                MUX2D0BWP30P140HVT
                                          tcbn28hpcplusbwp30p140hvt
ctmi_14082                MUX2D0BWP30P140HVT
                                          tcbn28hpcplusbwp30p140hvt
ctmi_14083                CKMUX2D0BWP30P140HVT
                                          tcbn28hpcplusbwp30p140hvt
ctmi_14084                MUX2D0BWP30P140HVT
                                          tcbn28hpcplusbwp30p140hvt
ctmi_14085                CKMUX2D0BWP30P140HVT
                                          tcbn28hpcplusbwp30p140hvt
ctmi_14086                MUX2D0BWP30P140HVT
                                          tcbn28hpcplusbwp30p140hvt
ctmi_14087                CKMUX2D0BWP30P140HVT
                                          tcbn28hpcplusbwp30p140hvt
ctmi_14088                MUX2D0BWP30P140HVT
                                          tcbn28hpcplusbwp30p140hvt
ctmi_14089                OAI22D0BWP30P140HVT
                                          tcbn28hpcplusbwp30p140hvt
ctmi_1409                 AN2D1BWP30P140HVT
                                          tcbn28hpcplusbwp30p140hvt
ctmi_14090                OAI22D0BWP30P140HVT
                                          tcbn28hpcplusbwp30p140hvt
ctmi_14091                OAI22D0BWP30P140HVT
                                          tcbn28hpcplusbwp30p140hvt
ctmi_14092                OAI22D0BWP30P140HVT
                                          tcbn28hpcplusbwp30p140hvt
ctmi_14093                OAI22D0BWP30P140HVT
                                          tcbn28hpcplusbwp30p140hvt
ctmi_14094                OAI22D0BWP30P140HVT
                                          tcbn28hpcplusbwp30p140hvt
ctmi_14095                OAI22D0BWP30P140HVT
                                          tcbn28hpcplusbwp30p140hvt
ctmi_14096                OAI22D0BWP30P140HVT
                                          tcbn28hpcplusbwp30p140hvt
ctmi_14097                OAI22D0BWP30P140HVT
                                          tcbn28hpcplusbwp30p140hvt
ctmi_14098                OAI22D0BWP30P140HVT
                                          tcbn28hpcplusbwp30p140hvt
ctmi_14099                OAI22D0BWP30P140HVT
                                          tcbn28hpcplusbwp30p140hvt
ctmi_14100                OAI22D0BWP30P140HVT
                                          tcbn28hpcplusbwp30p140hvt
ctmi_14101                OAI22D0BWP30P140HVT
                                          tcbn28hpcplusbwp30p140hvt
ctmi_14102                OAI22D0BWP30P140HVT
                                          tcbn28hpcplusbwp30p140hvt
ctmi_14103                OAI22D0BWP30P140HVT
                                          tcbn28hpcplusbwp30p140hvt
ctmi_14104                OAI22D0BWP30P140HVT
                                          tcbn28hpcplusbwp30p140hvt
ctmi_14105                OAI22D0BWP30P140HVT
                                          tcbn28hpcplusbwp30p140hvt
ctmi_14106                OAI22D0BWP30P140HVT
                                          tcbn28hpcplusbwp30p140hvt
ctmi_14107                OAI22D0BWP30P140HVT
                                          tcbn28hpcplusbwp30p140hvt
ctmi_14108                OAI22D0BWP30P140HVT
                                          tcbn28hpcplusbwp30p140hvt
ctmi_14109                OAI22D0BWP30P140HVT
                                          tcbn28hpcplusbwp30p140hvt
ctmi_1411                 NR2D0BWP30P140HVT
                                          tcbn28hpcplusbwp30p140hvt
ctmi_14110                OAI22D0BWP30P140HVT
                                          tcbn28hpcplusbwp30p140hvt
ctmi_14111                OAI22D0BWP30P140HVT
                                          tcbn28hpcplusbwp30p140hvt
ctmi_14112                OAI22D0BWP30P140HVT
                                          tcbn28hpcplusbwp30p140hvt
ctmi_14113                OAI22D0BWP30P140HVT
                                          tcbn28hpcplusbwp30p140hvt
ctmi_14114                OAI22D0BWP30P140HVT
                                          tcbn28hpcplusbwp30p140hvt
ctmi_14115                OAI22D0BWP30P140HVT
                                          tcbn28hpcplusbwp30p140hvt
ctmi_14116                OAI22D0BWP30P140HVT
                                          tcbn28hpcplusbwp30p140hvt
ctmi_14117                OAI22D0BWP30P140HVT
                                          tcbn28hpcplusbwp30p140hvt
ctmi_14118                OAI22D0BWP30P140HVT
                                          tcbn28hpcplusbwp30p140hvt
ctmi_14119                OAI22D0BWP30P140HVT
                                          tcbn28hpcplusbwp30p140hvt
ctmi_1412                 AN2D1BWP30P140HVT
                                          tcbn28hpcplusbwp30p140hvt
ctmi_14120                OAI22D0BWP30P140HVT
                                          tcbn28hpcplusbwp30p140hvt
ctmi_14121                OAI22D0BWP30P140HVT
                                          tcbn28hpcplusbwp30p140hvt
ctmi_14122                OAI22D0BWP30P140HVT
                                          tcbn28hpcplusbwp30p140hvt
ctmi_14123                OAI22D0BWP30P140HVT
                                          tcbn28hpcplusbwp30p140hvt
ctmi_14124                OAI22D0BWP30P140HVT
                                          tcbn28hpcplusbwp30p140hvt
ctmi_14125                OAI22D0BWP30P140HVT
                                          tcbn28hpcplusbwp30p140hvt
ctmi_14126                OAI22D0BWP30P140HVT
                                          tcbn28hpcplusbwp30p140hvt
ctmi_14127                OAI22D0BWP30P140HVT
                                          tcbn28hpcplusbwp30p140hvt
ctmi_14128                OAI22D0BWP30P140HVT
                                          tcbn28hpcplusbwp30p140hvt
ctmi_14129                MUX2D0BWP30P140HVT
                                          tcbn28hpcplusbwp30p140hvt
ctmi_1413                 CKND2D1BWP30P140HVT
                                          tcbn28hpcplusbwp30p140hvt
ctmi_14130                MUX2D0BWP30P140HVT
                                          tcbn28hpcplusbwp30p140hvt
ctmi_14131                MUX2D0BWP30P140HVT
                                          tcbn28hpcplusbwp30p140hvt
ctmi_14132                MUX2D0BWP30P140HVT
                                          tcbn28hpcplusbwp30p140hvt
ctmi_14133                MUX2D0BWP30P140HVT
                                          tcbn28hpcplusbwp30p140hvt
ctmi_14134                MUX2D0BWP30P140HVT
                                          tcbn28hpcplusbwp30p140hvt
ctmi_14135                MUX2D0BWP30P140HVT
                                          tcbn28hpcplusbwp30p140hvt
ctmi_14136                MUX2D0BWP30P140HVT
                                          tcbn28hpcplusbwp30p140hvt
ctmi_14137                MUX2D0BWP30P140HVT
                                          tcbn28hpcplusbwp30p140hvt
ctmi_14138                MUX2D0BWP30P140HVT
                                          tcbn28hpcplusbwp30p140hvt
ctmi_14139                MUX2D0BWP30P140HVT
                                          tcbn28hpcplusbwp30p140hvt
ctmi_14140                MUX2D0BWP30P140HVT
                                          tcbn28hpcplusbwp30p140hvt
ctmi_14141                MUX2D0BWP30P140HVT
                                          tcbn28hpcplusbwp30p140hvt
ctmi_14142                CKMUX2D0BWP30P140HVT
                                          tcbn28hpcplusbwp30p140hvt
ctmi_14143                MUX2D0BWP30P140HVT
                                          tcbn28hpcplusbwp30p140hvt
ctmi_14144                MUX2D0BWP30P140HVT
                                          tcbn28hpcplusbwp30p140hvt
ctmi_14145                MUX2D0BWP30P140HVT
                                          tcbn28hpcplusbwp30p140hvt
ctmi_14146                MUX2D0BWP30P140HVT
                                          tcbn28hpcplusbwp30p140hvt
ctmi_14147                MUX2D0BWP30P140HVT
                                          tcbn28hpcplusbwp30p140hvt
ctmi_14148                MUX2D0BWP30P140HVT
                                          tcbn28hpcplusbwp30p140hvt
ctmi_14149                MUX2D0BWP30P140HVT
                                          tcbn28hpcplusbwp30p140hvt
ctmi_1415                 AN2D0BWP30P140HVT
                                          tcbn28hpcplusbwp30p140hvt
ctmi_14150                MUX2D0BWP30P140HVT
                                          tcbn28hpcplusbwp30p140hvt
ctmi_14151                MUX2D0BWP30P140HVT
                                          tcbn28hpcplusbwp30p140hvt
ctmi_14152                MUX2D0BWP30P140HVT
                                          tcbn28hpcplusbwp30p140hvt
ctmi_14153                OAI22D0BWP30P140HVT
                                          tcbn28hpcplusbwp30p140hvt
ctmi_14154                OAI22D0BWP30P140HVT
                                          tcbn28hpcplusbwp30p140hvt
ctmi_14155                OAI22D0BWP30P140HVT
                                          tcbn28hpcplusbwp30p140hvt
ctmi_14156                OAI22D0BWP30P140HVT
                                          tcbn28hpcplusbwp30p140hvt
ctmi_14157                OAI22D0BWP30P140HVT
                                          tcbn28hpcplusbwp30p140hvt
ctmi_14158                OAI22D0BWP30P140HVT
                                          tcbn28hpcplusbwp30p140hvt
ctmi_14159                OAI22D0BWP30P140HVT
                                          tcbn28hpcplusbwp30p140hvt
ctmi_1416                 AN2D1BWP30P140HVT
                                          tcbn28hpcplusbwp30p140hvt
ctmi_14160                OAI22D0BWP30P140HVT
                                          tcbn28hpcplusbwp30p140hvt
ctmi_14161                OAI22D0BWP30P140HVT
                                          tcbn28hpcplusbwp30p140hvt
ctmi_14162                OAI22D0BWP30P140HVT
                                          tcbn28hpcplusbwp30p140hvt
ctmi_14163                OAI22D0BWP30P140HVT
                                          tcbn28hpcplusbwp30p140hvt
ctmi_14164                OAI22D0BWP30P140HVT
                                          tcbn28hpcplusbwp30p140hvt
ctmi_14165                OAI22D0BWP30P140HVT
                                          tcbn28hpcplusbwp30p140hvt
ctmi_14166                OAI22D0BWP30P140HVT
                                          tcbn28hpcplusbwp30p140hvt
ctmi_14167                OAI22D0BWP30P140HVT
                                          tcbn28hpcplusbwp30p140hvt
ctmi_14168                OAI22D0BWP30P140HVT
                                          tcbn28hpcplusbwp30p140hvt
ctmi_14169                OAI22D0BWP30P140HVT
                                          tcbn28hpcplusbwp30p140hvt
ctmi_1417                 ND2D0P7BWP30P140HVT
                                          tcbn28hpcplusbwp30p140hvt
ctmi_14170                OAI22D0BWP30P140HVT
                                          tcbn28hpcplusbwp30p140hvt
ctmi_14171                OAI22D0BWP30P140HVT
                                          tcbn28hpcplusbwp30p140hvt
ctmi_14172                OAI22D0BWP30P140HVT
                                          tcbn28hpcplusbwp30p140hvt
ctmi_14173                OAI22D0BWP30P140HVT
                                          tcbn28hpcplusbwp30p140hvt
ctmi_14174                OAI22D0BWP30P140HVT
                                          tcbn28hpcplusbwp30p140hvt
ctmi_14175                OAI22D0BWP30P140HVT
                                          tcbn28hpcplusbwp30p140hvt
ctmi_14176                OAI22D0BWP30P140HVT
                                          tcbn28hpcplusbwp30p140hvt
ctmi_14177                MUX2D0BWP30P140HVT
                                          tcbn28hpcplusbwp30p140hvt
ctmi_14178                MUX2D0BWP30P140HVT
                                          tcbn28hpcplusbwp30p140hvt
ctmi_14179                CKMUX2D0BWP30P140HVT
                                          tcbn28hpcplusbwp30p140hvt
ctmi_1418                 OR2D0BWP30P140HVT
                                          tcbn28hpcplusbwp30p140hvt
ctmi_14180                MUX2D0BWP30P140HVT
                                          tcbn28hpcplusbwp30p140hvt
ctmi_14181                MUX2D0BWP30P140HVT
                                          tcbn28hpcplusbwp30p140hvt
ctmi_14182                MUX2D0BWP30P140HVT
                                          tcbn28hpcplusbwp30p140hvt
ctmi_14183                MUX2D0BWP30P140HVT
                                          tcbn28hpcplusbwp30p140hvt
ctmi_14184                MUX2D0BWP30P140HVT
                                          tcbn28hpcplusbwp30p140hvt
ctmi_14185                OAI22D0BWP30P140HVT
                                          tcbn28hpcplusbwp30p140hvt
ctmi_14186                OAI22D0BWP30P140HVT
                                          tcbn28hpcplusbwp30p140hvt
ctmi_14187                OAI22D0BWP30P140HVT
                                          tcbn28hpcplusbwp30p140hvt
ctmi_14188                OAI22D0BWP30P140HVT
                                          tcbn28hpcplusbwp30p140hvt
ctmi_14189                OAI22D0BWP30P140HVT
                                          tcbn28hpcplusbwp30p140hvt
ctmi_14190                OAI22D0BWP30P140HVT
                                          tcbn28hpcplusbwp30p140hvt
ctmi_14191                OAI22D0BWP30P140HVT
                                          tcbn28hpcplusbwp30p140hvt
ctmi_14192                OAI22D0BWP30P140HVT
                                          tcbn28hpcplusbwp30p140hvt
ctmi_14193                OAI22D0BWP30P140HVT
                                          tcbn28hpcplusbwp30p140hvt
ctmi_14194                OAI22D0BWP30P140HVT
                                          tcbn28hpcplusbwp30p140hvt
ctmi_14195                OAI22D0BWP30P140HVT
                                          tcbn28hpcplusbwp30p140hvt
ctmi_14196                OAI22D0BWP30P140HVT
                                          tcbn28hpcplusbwp30p140hvt
ctmi_14197                OAI22D0BWP30P140HVT
                                          tcbn28hpcplusbwp30p140hvt
ctmi_14198                OAI22D0BWP30P140HVT
                                          tcbn28hpcplusbwp30p140hvt
ctmi_14199                OAI22D0BWP30P140HVT
                                          tcbn28hpcplusbwp30p140hvt
ctmi_1420                 NR2D0BWP30P140HVT
                                          tcbn28hpcplusbwp30p140hvt
ctmi_14200                OAI22D0BWP30P140HVT
                                          tcbn28hpcplusbwp30p140hvt
ctmi_14201                OAI22D0BWP30P140HVT
                                          tcbn28hpcplusbwp30p140hvt
ctmi_14202                OAI22D0BWP30P140HVT
                                          tcbn28hpcplusbwp30p140hvt
ctmi_14203                OAI22D0BWP30P140HVT
                                          tcbn28hpcplusbwp30p140hvt
ctmi_14204                OAI22D0BWP30P140HVT
                                          tcbn28hpcplusbwp30p140hvt
ctmi_14205                OAI22D0BWP30P140HVT
                                          tcbn28hpcplusbwp30p140hvt
ctmi_14206                OAI22D0BWP30P140HVT
                                          tcbn28hpcplusbwp30p140hvt
ctmi_14207                OAI22D0BWP30P140HVT
                                          tcbn28hpcplusbwp30p140hvt
ctmi_14208                OAI22D0BWP30P140HVT
                                          tcbn28hpcplusbwp30p140hvt
ctmi_14209                MUX2D0BWP30P140HVT
                                          tcbn28hpcplusbwp30p140hvt
ctmi_1421                 ND2D0BWP30P140HVT
                                          tcbn28hpcplusbwp30p140hvt
ctmi_14210                MUX2D0BWP30P140HVT
                                          tcbn28hpcplusbwp30p140hvt
ctmi_14211                MUX2D0BWP30P140HVT
                                          tcbn28hpcplusbwp30p140hvt
ctmi_14212                MUX2D0BWP30P140HVT
                                          tcbn28hpcplusbwp30p140hvt
ctmi_14213                MUX2D0BWP30P140HVT
                                          tcbn28hpcplusbwp30p140hvt
ctmi_14214                MUX2D0BWP30P140HVT
                                          tcbn28hpcplusbwp30p140hvt
ctmi_14215                MUX2D0BWP30P140HVT
                                          tcbn28hpcplusbwp30p140hvt
ctmi_14216                MUX2D0BWP30P140HVT
                                          tcbn28hpcplusbwp30p140hvt
ctmi_14217                MUX2D0BWP30P140HVT
                                          tcbn28hpcplusbwp30p140hvt
ctmi_14218                MUX2D0BWP30P140HVT
                                          tcbn28hpcplusbwp30p140hvt
ctmi_14219                MUX2D0BWP30P140HVT
                                          tcbn28hpcplusbwp30p140hvt
ctmi_14220                MUX2D0BWP30P140HVT
                                          tcbn28hpcplusbwp30p140hvt
ctmi_14221                MUX2D0BWP30P140HVT
                                          tcbn28hpcplusbwp30p140hvt
ctmi_14222                MUX2D0BWP30P140HVT
                                          tcbn28hpcplusbwp30p140hvt
ctmi_14223                MUX2D0BWP30P140HVT
                                          tcbn28hpcplusbwp30p140hvt
ctmi_14224                MUX2D0BWP30P140HVT
                                          tcbn28hpcplusbwp30p140hvt
ctmi_14225                OAI22D0BWP30P140HVT
                                          tcbn28hpcplusbwp30p140hvt
ctmi_14226                OAI22D0BWP30P140HVT
                                          tcbn28hpcplusbwp30p140hvt
ctmi_14227                OAI22D0BWP30P140HVT
                                          tcbn28hpcplusbwp30p140hvt
ctmi_14228                OAI22D0BWP30P140HVT
                                          tcbn28hpcplusbwp30p140hvt
ctmi_14229                OAI22D0BWP30P140HVT
                                          tcbn28hpcplusbwp30p140hvt
ctmi_1423                 ND2D0BWP30P140HVT
                                          tcbn28hpcplusbwp30p140hvt
ctmi_14230                OAI22D0BWP30P140HVT
                                          tcbn28hpcplusbwp30p140hvt
ctmi_14231                OAI22D0BWP30P140HVT
                                          tcbn28hpcplusbwp30p140hvt
ctmi_14232                OAI22D0BWP30P140HVT
                                          tcbn28hpcplusbwp30p140hvt
ctmi_14233                OAI22D0BWP30P140HVT
                                          tcbn28hpcplusbwp30p140hvt
ctmi_14234                OAI22D0BWP30P140HVT
                                          tcbn28hpcplusbwp30p140hvt
ctmi_14235                OAI22D0BWP30P140HVT
                                          tcbn28hpcplusbwp30p140hvt
ctmi_14236                OAI22D0BWP30P140HVT
                                          tcbn28hpcplusbwp30p140hvt
ctmi_14237                OAI22D0BWP30P140HVT
                                          tcbn28hpcplusbwp30p140hvt
ctmi_14238                OAI22D0BWP30P140HVT
                                          tcbn28hpcplusbwp30p140hvt
ctmi_14239                OAI22D0BWP30P140HVT
                                          tcbn28hpcplusbwp30p140hvt
ctmi_1424                 INR2D0BWP30P140HVT
                                          tcbn28hpcplusbwp30p140hvt
ctmi_14240                OAI22D0BWP30P140HVT
                                          tcbn28hpcplusbwp30p140hvt
ctmi_14241                OAI22D0BWP30P140HVT
                                          tcbn28hpcplusbwp30p140hvt
ctmi_14242                OAI22D0BWP30P140HVT
                                          tcbn28hpcplusbwp30p140hvt
ctmi_14243                OAI22D0BWP30P140HVT
                                          tcbn28hpcplusbwp30p140hvt
ctmi_14244                OAI22D0BWP30P140HVT
                                          tcbn28hpcplusbwp30p140hvt
ctmi_14245                OAI22D0BWP30P140HVT
                                          tcbn28hpcplusbwp30p140hvt
ctmi_14246                OAI22D0BWP30P140HVT
                                          tcbn28hpcplusbwp30p140hvt
ctmi_14247                OAI22D0BWP30P140HVT
                                          tcbn28hpcplusbwp30p140hvt
ctmi_14248                OAI22D0BWP30P140HVT
                                          tcbn28hpcplusbwp30p140hvt
ctmi_14249                OAI22D0BWP30P140HVT
                                          tcbn28hpcplusbwp30p140hvt
ctmi_1425                 AN2D0BWP30P140HVT
                                          tcbn28hpcplusbwp30p140hvt
ctmi_14250                OAI22D0BWP30P140HVT
                                          tcbn28hpcplusbwp30p140hvt
ctmi_14251                OAI22D0BWP30P140HVT
                                          tcbn28hpcplusbwp30p140hvt
ctmi_14252                OAI22D0BWP30P140HVT
                                          tcbn28hpcplusbwp30p140hvt
ctmi_14253                OAI22D0BWP30P140HVT
                                          tcbn28hpcplusbwp30p140hvt
ctmi_14254                OAI22D0BWP30P140HVT
                                          tcbn28hpcplusbwp30p140hvt
ctmi_14255                OAI22D0BWP30P140HVT
                                          tcbn28hpcplusbwp30p140hvt
ctmi_14256                OAI22D0BWP30P140HVT
                                          tcbn28hpcplusbwp30p140hvt
ctmi_1426                 NR2D0BWP30P140HVT
                                          tcbn28hpcplusbwp30p140hvt
ctmi_1427                 AN2D0BWP30P140HVT
                                          tcbn28hpcplusbwp30p140hvt
ctmi_1428                 ND2D0BWP30P140HVT
                                          tcbn28hpcplusbwp30p140hvt
ctmi_1429                 IND2D0BWP30P140HVT
                                          tcbn28hpcplusbwp30p140hvt
ctmi_1430                 ND2D0BWP30P140HVT
                                          tcbn28hpcplusbwp30p140hvt
ctmi_1432                 AN2D1BWP30P140HVT
                                          tcbn28hpcplusbwp30p140hvt
ctmi_1434                 CKND2D0BWP30P140HVT
                                          tcbn28hpcplusbwp30p140hvt
ctmi_1436                 ND2D0P7BWP30P140HVT
                                          tcbn28hpcplusbwp30p140hvt
ctmi_1438                 ND2D0P7BWP30P140HVT
                                          tcbn28hpcplusbwp30p140hvt
ctmi_1440                 AN2D0BWP30P140HVT
                                          tcbn28hpcplusbwp30p140hvt
ctmi_1448                 CKND2D0BWP30P140HVT
                                          tcbn28hpcplusbwp30p140hvt
ctmi_1450                 AN2D1BWP30P140HVT
                                          tcbn28hpcplusbwp30p140hvt
ctmi_150                  CKND0BWP30P140HVT
                                          tcbn28hpcplusbwp30p140hvt
ctmi_178                  CKND0BWP30P140HVT
                                          tcbn28hpcplusbwp30p140hvt
ctmi_179                  CKND0BWP30P140HVT
                                          tcbn28hpcplusbwp30p140hvt
ctmi_180                  CKND0BWP30P140HVT
                                          tcbn28hpcplusbwp30p140hvt
ctmi_181                  CKND0BWP30P140HVT
                                          tcbn28hpcplusbwp30p140hvt
ctmi_182                  CKND0BWP30P140HVT
                                          tcbn28hpcplusbwp30p140hvt
ctmi_183                  CKND0BWP30P140HVT
                                          tcbn28hpcplusbwp30p140hvt
ctmi_184                  CKND0BWP30P140HVT
                                          tcbn28hpcplusbwp30p140hvt
ctmi_185                  CKND0BWP30P140HVT
                                          tcbn28hpcplusbwp30p140hvt
ctmi_186                  CKND0BWP30P140HVT
                                          tcbn28hpcplusbwp30p140hvt
ctmi_187                  CKND0BWP30P140HVT
                                          tcbn28hpcplusbwp30p140hvt
ctmi_188                  CKND0BWP30P140HVT
                                          tcbn28hpcplusbwp30p140hvt
ctmi_189                  CKND0BWP30P140HVT
                                          tcbn28hpcplusbwp30p140hvt
ctmi_190                  CKND0BWP30P140HVT
                                          tcbn28hpcplusbwp30p140hvt
ctmi_191                  CKND0BWP30P140HVT
                                          tcbn28hpcplusbwp30p140hvt
ctmi_192                  CKND0BWP30P140HVT
                                          tcbn28hpcplusbwp30p140hvt
ctmi_193                  INVD1BWP30P140HVT
                                          tcbn28hpcplusbwp30p140hvt
ctrl_inst/ac_mem_en_reg   SDFQD0BWP30P140HVT
                                          tcbn28hpcplusbwp30p140hvt
                                                           n, S
ctrl_inst/chip_sel_d_reg  SDFQD0BWP30P140HVT
                                          tcbn28hpcplusbwp30p140hvt
                                                           n, S
ctrl_inst/ctrl_state_reg[0]
                          SDFQD0BWP30P140HVT
                                          tcbn28hpcplusbwp30p140hvt
                                                           n, S
ctrl_inst/ctrl_state_reg[1]
                          SDFQD0BWP30P140HVT
                                          tcbn28hpcplusbwp30p140hvt
                                                           n, S
ctrl_inst/ctrl_state_reg[2]
                          SDFQD0BWP30P140HVT
                                          tcbn28hpcplusbwp30p140hvt
                                                           n, S
ctrl_inst/mul_mem_en_reg  SDFKCND0BWP30P140HVT
                                          tcbn28hpcplusbwp30p140hvt
                                                           n, S
ctrl_inst/out_cnt_reg[0]  SDFQD0BWP30P140HVT
                                          tcbn28hpcplusbwp30p140hvt
                                                           n, S
ctrl_inst/out_cnt_reg[1]  SDFQD0BWP30P140HVT
                                          tcbn28hpcplusbwp30p140hvt
                                                           n, S
ctrl_inst/output_ready_reg
                          SDFQD0BWP30P140HVT
                                          tcbn28hpcplusbwp30p140hvt
                                                           n, S
ctrl_inst/rd_ptr_reg[0]   SDFQD0BWP30P140HVT
                                          tcbn28hpcplusbwp30p140hvt
                                                           n, S
ctrl_inst/rd_ptr_reg[1]   SDFQD0BWP30P140HVT
                                          tcbn28hpcplusbwp30p140hvt
                                                           n, S
ctrl_inst/rd_ptr_reg[2]   SDFQD0BWP30P140HVT
                                          tcbn28hpcplusbwp30p140hvt
                                                           n, S
ctrl_inst/rd_ptr_reg[3]   SDFQD0BWP30P140HVT
                                          tcbn28hpcplusbwp30p140hvt
                                                           n, S
ctrl_inst/rd_ptr_reg[4]   SDFQD0BWP30P140HVT
                                          tcbn28hpcplusbwp30p140hvt
                                                           n, S
ctrl_inst/rd_ptr_reg[5]   SDFQD0BWP30P140HVT
                                          tcbn28hpcplusbwp30p140hvt
                                                           n, S
ctrl_inst/rst_mem_reg     SDFQD0BWP30P140HVT
                                          tcbn28hpcplusbwp30p140hvt
                                                           n, S
ctrl_inst/thresh_cnt_reg[0]
                          SEDFQARD0BWP30P140HVT
                                          tcbn28hpcplusbwp30p140hvt
                                                           n, S
ctrl_inst/wr_ptr_reg[0]   SDFQD0BWP30P140HVT
                                          tcbn28hpcplusbwp30p140hvt
                                                           n, S
ctrl_inst/wr_ptr_reg[1]   SDFQD0BWP30P140HVT
                                          tcbn28hpcplusbwp30p140hvt
                                                           n, S
ctrl_inst/wr_ptr_reg[2]   SDFQD0BWP30P140HVT
                                          tcbn28hpcplusbwp30p140hvt
                                                           n, S
ctrl_inst/wr_ptr_reg[3]   SDFQD0BWP30P140HVT
                                          tcbn28hpcplusbwp30p140hvt
                                                           n, S
ctrl_inst/wr_ptr_reg[4]   SDFQD0BWP30P140HVT
                                          tcbn28hpcplusbwp30p140hvt
                                                           n, S
ctrl_inst/wr_ptr_reg[5]   SDFQD0BWP30P140HVT
                                          tcbn28hpcplusbwp30p140hvt
                                                           n, S
image_mem/data_out_reg[0] SDFQD0BWP30P140HVT
                                          tcbn28hpcplusbwp30p140hvt
                                                           n, S
image_mem/data_out_reg[1] SDFQD0BWP30P140HVT
                                          tcbn28hpcplusbwp30p140hvt
                                                           n, S
image_mem/data_out_reg[2] SDFQD0BWP30P140HVT
                                          tcbn28hpcplusbwp30p140hvt
                                                           n, S
image_mem/data_out_reg[3] SDFQD0BWP30P140HVT
                                          tcbn28hpcplusbwp30p140hvt
                                                           n, S
image_mem/data_out_reg[4] SDFQD0BWP30P140HVT
                                          tcbn28hpcplusbwp30p140hvt
                                                           n, S
image_mem/data_out_reg[5] SDFQD0BWP30P140HVT
                                          tcbn28hpcplusbwp30p140hvt
                                                           n, S
image_mem/data_out_reg[6] SDFQD0BWP30P140HVT
                                          tcbn28hpcplusbwp30p140hvt
                                                           n, S
image_mem/data_out_reg[7] SDFQD0BWP30P140HVT
                                          tcbn28hpcplusbwp30p140hvt
                                                           n, S
image_mem/mem_reg[0][0]   SDFQD0BWP30P140HVT
                                          tcbn28hpcplusbwp30p140hvt
                                                           n, S
image_mem/mem_reg[0][1]   SDFQD0BWP30P140HVT
                                          tcbn28hpcplusbwp30p140hvt
                                                           n, S
image_mem/mem_reg[0][2]   SDFQD0BWP30P140HVT
                                          tcbn28hpcplusbwp30p140hvt
                                                           n, S
image_mem/mem_reg[0][3]   SDFQD0BWP30P140HVT
                                          tcbn28hpcplusbwp30p140hvt
                                                           n, S
image_mem/mem_reg[0][4]   SDFQD0BWP30P140HVT
                                          tcbn28hpcplusbwp30p140hvt
                                                           n, S
image_mem/mem_reg[0][5]   SDFQD0BWP30P140HVT
                                          tcbn28hpcplusbwp30p140hvt
                                                           n, S
image_mem/mem_reg[0][6]   SDFQD0BWP30P140HVT
                                          tcbn28hpcplusbwp30p140hvt
                                                           n, S
image_mem/mem_reg[0][7]   SDFQD0BWP30P140HVT
                                          tcbn28hpcplusbwp30p140hvt
                                                           n, S
image_mem/mem_reg[10][0]  SDFQND0BWP30P140HVT
                                          tcbn28hpcplusbwp30p140hvt
                                                           n, S
image_mem/mem_reg[10][1]  SDFQND0BWP30P140HVT
                                          tcbn28hpcplusbwp30p140hvt
                                                           n, S
image_mem/mem_reg[10][2]  SDFQND0BWP30P140HVT
                                          tcbn28hpcplusbwp30p140hvt
                                                           n, S
image_mem/mem_reg[10][3]  SDFQND0BWP30P140HVT
                                          tcbn28hpcplusbwp30p140hvt
                                                           n, S
image_mem/mem_reg[10][4]  SDFQND0BWP30P140HVT
                                          tcbn28hpcplusbwp30p140hvt
                                                           n, S
image_mem/mem_reg[10][5]  SDFQND0BWP30P140HVT
                                          tcbn28hpcplusbwp30p140hvt
                                                           n, S
image_mem/mem_reg[10][6]  SDFQND0BWP30P140HVT
                                          tcbn28hpcplusbwp30p140hvt
                                                           n, S
image_mem/mem_reg[10][7]  SDFQND0BWP30P140HVT
                                          tcbn28hpcplusbwp30p140hvt
                                                           n, S
image_mem/mem_reg[11][0]  SDFQND0BWP30P140HVT
                                          tcbn28hpcplusbwp30p140hvt
                                                           n, S
image_mem/mem_reg[11][1]  SDFQND0BWP30P140HVT
                                          tcbn28hpcplusbwp30p140hvt
                                                           n, S
image_mem/mem_reg[11][2]  SDFQND0BWP30P140HVT
                                          tcbn28hpcplusbwp30p140hvt
                                                           n, S
image_mem/mem_reg[11][3]  SDFQND0BWP30P140HVT
                                          tcbn28hpcplusbwp30p140hvt
                                                           n, S
image_mem/mem_reg[11][4]  SDFQND0BWP30P140HVT
                                          tcbn28hpcplusbwp30p140hvt
                                                           n, S
image_mem/mem_reg[11][5]  SDFQND0BWP30P140HVT
                                          tcbn28hpcplusbwp30p140hvt
                                                           n, S
image_mem/mem_reg[11][6]  SDFQND0BWP30P140HVT
                                          tcbn28hpcplusbwp30p140hvt
                                                           n, S
image_mem/mem_reg[11][7]  SDFQND0BWP30P140HVT
                                          tcbn28hpcplusbwp30p140hvt
                                                           n, S
image_mem/mem_reg[12][0]  SDFQD0BWP30P140HVT
                                          tcbn28hpcplusbwp30p140hvt
                                                           n, S
image_mem/mem_reg[12][1]  SDFQD0BWP30P140HVT
                                          tcbn28hpcplusbwp30p140hvt
                                                           n, S
image_mem/mem_reg[12][2]  SDFQD0BWP30P140HVT
                                          tcbn28hpcplusbwp30p140hvt
                                                           n, S
image_mem/mem_reg[12][3]  SDFQD0BWP30P140HVT
                                          tcbn28hpcplusbwp30p140hvt
                                                           n, S
image_mem/mem_reg[12][4]  SDFQD0BWP30P140HVT
                                          tcbn28hpcplusbwp30p140hvt
                                                           n, S
image_mem/mem_reg[12][5]  SDFQD0BWP30P140HVT
                                          tcbn28hpcplusbwp30p140hvt
                                                           n, S
image_mem/mem_reg[12][6]  SDFQD0BWP30P140HVT
                                          tcbn28hpcplusbwp30p140hvt
                                                           n, S
image_mem/mem_reg[12][7]  SDFQD0BWP30P140HVT
                                          tcbn28hpcplusbwp30p140hvt
                                                           n, S
image_mem/mem_reg[13][0]  SDFQD0BWP30P140HVT
                                          tcbn28hpcplusbwp30p140hvt
                                                           n, S
image_mem/mem_reg[13][1]  SDFQD0BWP30P140HVT
                                          tcbn28hpcplusbwp30p140hvt
                                                           n, S
image_mem/mem_reg[13][2]  SDFQD0BWP30P140HVT
                                          tcbn28hpcplusbwp30p140hvt
                                                           n, S
image_mem/mem_reg[13][3]  SDFQD0BWP30P140HVT
                                          tcbn28hpcplusbwp30p140hvt
                                                           n, S
image_mem/mem_reg[13][4]  SDFQD0BWP30P140HVT
                                          tcbn28hpcplusbwp30p140hvt
                                                           n, S
image_mem/mem_reg[13][5]  SDFQD0BWP30P140HVT
                                          tcbn28hpcplusbwp30p140hvt
                                                           n, S
image_mem/mem_reg[13][6]  SDFQD0BWP30P140HVT
                                          tcbn28hpcplusbwp30p140hvt
                                                           n, S
image_mem/mem_reg[13][7]  SDFQD0BWP30P140HVT
                                          tcbn28hpcplusbwp30p140hvt
                                                           n, S
image_mem/mem_reg[14][0]  SDFQD0BWP30P140HVT
                                          tcbn28hpcplusbwp30p140hvt
                                                           n, S
image_mem/mem_reg[14][1]  SDFQD0BWP30P140HVT
                                          tcbn28hpcplusbwp30p140hvt
                                                           n, S
image_mem/mem_reg[14][2]  SDFQD0BWP30P140HVT
                                          tcbn28hpcplusbwp30p140hvt
                                                           n, S
image_mem/mem_reg[14][3]  SDFQD0BWP30P140HVT
                                          tcbn28hpcplusbwp30p140hvt
                                                           n, S
image_mem/mem_reg[14][4]  SDFQD0BWP30P140HVT
                                          tcbn28hpcplusbwp30p140hvt
                                                           n, S
image_mem/mem_reg[14][5]  SDFQD0BWP30P140HVT
                                          tcbn28hpcplusbwp30p140hvt
                                                           n, S
image_mem/mem_reg[14][6]  SDFQD0BWP30P140HVT
                                          tcbn28hpcplusbwp30p140hvt
                                                           n, S
image_mem/mem_reg[14][7]  SDFQD0BWP30P140HVT
                                          tcbn28hpcplusbwp30p140hvt
                                                           n, S
image_mem/mem_reg[15][0]  SDFQD0BWP30P140HVT
                                          tcbn28hpcplusbwp30p140hvt
                                                           n, S
image_mem/mem_reg[15][1]  SDFQD0BWP30P140HVT
                                          tcbn28hpcplusbwp30p140hvt
                                                           n, S
image_mem/mem_reg[15][2]  SDFQD0BWP30P140HVT
                                          tcbn28hpcplusbwp30p140hvt
                                                           n, S
image_mem/mem_reg[15][3]  SDFQD0BWP30P140HVT
                                          tcbn28hpcplusbwp30p140hvt
                                                           n, S
image_mem/mem_reg[15][4]  SDFQD0BWP30P140HVT
                                          tcbn28hpcplusbwp30p140hvt
                                                           n, S
image_mem/mem_reg[15][5]  SDFQD0BWP30P140HVT
                                          tcbn28hpcplusbwp30p140hvt
                                                           n, S
image_mem/mem_reg[15][6]  SDFQD0BWP30P140HVT
                                          tcbn28hpcplusbwp30p140hvt
                                                           n, S
image_mem/mem_reg[15][7]  SDFQD0BWP30P140HVT
                                          tcbn28hpcplusbwp30p140hvt
                                                           n, S
image_mem/mem_reg[16][0]  SDFQD0BWP30P140HVT
                                          tcbn28hpcplusbwp30p140hvt
                                                           n, S
image_mem/mem_reg[16][1]  SDFQD0BWP30P140HVT
                                          tcbn28hpcplusbwp30p140hvt
                                                           n, S
image_mem/mem_reg[16][2]  SDFQD0BWP30P140HVT
                                          tcbn28hpcplusbwp30p140hvt
                                                           n, S
image_mem/mem_reg[16][3]  SDFQD0BWP30P140HVT
                                          tcbn28hpcplusbwp30p140hvt
                                                           n, S
image_mem/mem_reg[16][4]  SDFQD0BWP30P140HVT
                                          tcbn28hpcplusbwp30p140hvt
                                                           n, S
image_mem/mem_reg[16][5]  SDFQD0BWP30P140HVT
                                          tcbn28hpcplusbwp30p140hvt
                                                           n, S
image_mem/mem_reg[16][6]  SDFQD0BWP30P140HVT
                                          tcbn28hpcplusbwp30p140hvt
                                                           n, S
image_mem/mem_reg[16][7]  SDFQD0BWP30P140HVT
                                          tcbn28hpcplusbwp30p140hvt
                                                           n, S
image_mem/mem_reg[17][0]  SDFQD0BWP30P140HVT
                                          tcbn28hpcplusbwp30p140hvt
                                                           n, S
image_mem/mem_reg[17][1]  SDFQD0BWP30P140HVT
                                          tcbn28hpcplusbwp30p140hvt
                                                           n, S
image_mem/mem_reg[17][2]  SDFQD0BWP30P140HVT
                                          tcbn28hpcplusbwp30p140hvt
                                                           n, S
image_mem/mem_reg[17][3]  SDFQD0BWP30P140HVT
                                          tcbn28hpcplusbwp30p140hvt
                                                           n, S
image_mem/mem_reg[17][4]  SDFQD0BWP30P140HVT
                                          tcbn28hpcplusbwp30p140hvt
                                                           n, S
image_mem/mem_reg[17][5]  SDFQD0BWP30P140HVT
                                          tcbn28hpcplusbwp30p140hvt
                                                           n, S
image_mem/mem_reg[17][6]  SDFQD0BWP30P140HVT
                                          tcbn28hpcplusbwp30p140hvt
                                                           n, S
image_mem/mem_reg[17][7]  SDFQD0BWP30P140HVT
                                          tcbn28hpcplusbwp30p140hvt
                                                           n, S
image_mem/mem_reg[18][0]  SDFQD0BWP30P140HVT
                                          tcbn28hpcplusbwp30p140hvt
                                                           n, S
image_mem/mem_reg[18][1]  SDFQD0BWP30P140HVT
                                          tcbn28hpcplusbwp30p140hvt
                                                           n, S
image_mem/mem_reg[18][2]  SDFQD0BWP30P140HVT
                                          tcbn28hpcplusbwp30p140hvt
                                                           n, S
image_mem/mem_reg[18][3]  SDFQD0BWP30P140HVT
                                          tcbn28hpcplusbwp30p140hvt
                                                           n, S
image_mem/mem_reg[18][4]  SDFQD0BWP30P140HVT
                                          tcbn28hpcplusbwp30p140hvt
                                                           n, S
image_mem/mem_reg[18][5]  SDFQD0BWP30P140HVT
                                          tcbn28hpcplusbwp30p140hvt
                                                           n, S
image_mem/mem_reg[18][6]  SDFQD0BWP30P140HVT
                                          tcbn28hpcplusbwp30p140hvt
                                                           n, S
image_mem/mem_reg[18][7]  SDFQD0BWP30P140HVT
                                          tcbn28hpcplusbwp30p140hvt
                                                           n, S
image_mem/mem_reg[19][0]  SDFQD0BWP30P140HVT
                                          tcbn28hpcplusbwp30p140hvt
                                                           n, S
image_mem/mem_reg[19][1]  SDFQD0BWP30P140HVT
                                          tcbn28hpcplusbwp30p140hvt
                                                           n, S
image_mem/mem_reg[19][2]  SDFQD0BWP30P140HVT
                                          tcbn28hpcplusbwp30p140hvt
                                                           n, S
image_mem/mem_reg[19][3]  SDFQD0BWP30P140HVT
                                          tcbn28hpcplusbwp30p140hvt
                                                           n, S
image_mem/mem_reg[19][4]  SDFQD0BWP30P140HVT
                                          tcbn28hpcplusbwp30p140hvt
                                                           n, S
image_mem/mem_reg[19][5]  SDFQD0BWP30P140HVT
                                          tcbn28hpcplusbwp30p140hvt
                                                           n, S
image_mem/mem_reg[19][6]  SDFQD0BWP30P140HVT
                                          tcbn28hpcplusbwp30p140hvt
                                                           n, S
image_mem/mem_reg[19][7]  SDFQD0BWP30P140HVT
                                          tcbn28hpcplusbwp30p140hvt
                                                           n, S
image_mem/mem_reg[1][0]   SDFQND0BWP30P140HVT
                                          tcbn28hpcplusbwp30p140hvt
                                                           n, S
image_mem/mem_reg[1][1]   SDFQND0BWP30P140HVT
                                          tcbn28hpcplusbwp30p140hvt
                                                           n, S
image_mem/mem_reg[1][2]   SDFQND0BWP30P140HVT
                                          tcbn28hpcplusbwp30p140hvt
                                                           n, S
image_mem/mem_reg[1][3]   SDFQND0BWP30P140HVT
                                          tcbn28hpcplusbwp30p140hvt
                                                           n, S
image_mem/mem_reg[1][4]   SDFQND0BWP30P140HVT
                                          tcbn28hpcplusbwp30p140hvt
                                                           n, S
image_mem/mem_reg[1][5]   SDFQND0BWP30P140HVT
                                          tcbn28hpcplusbwp30p140hvt
                                                           n, S
image_mem/mem_reg[1][6]   SDFQND0BWP30P140HVT
                                          tcbn28hpcplusbwp30p140hvt
                                                           n, S
image_mem/mem_reg[1][7]   SDFQND0BWP30P140HVT
                                          tcbn28hpcplusbwp30p140hvt
                                                           n, S
image_mem/mem_reg[20][0]  SDFQD0BWP30P140HVT
                                          tcbn28hpcplusbwp30p140hvt
                                                           n, S
image_mem/mem_reg[20][1]  SDFQD0BWP30P140HVT
                                          tcbn28hpcplusbwp30p140hvt
                                                           n, S
image_mem/mem_reg[20][2]  SDFQD0BWP30P140HVT
                                          tcbn28hpcplusbwp30p140hvt
                                                           n, S
image_mem/mem_reg[20][3]  SDFQD0BWP30P140HVT
                                          tcbn28hpcplusbwp30p140hvt
                                                           n, S
image_mem/mem_reg[20][4]  SDFQD0BWP30P140HVT
                                          tcbn28hpcplusbwp30p140hvt
                                                           n, S
image_mem/mem_reg[20][5]  SDFQD0BWP30P140HVT
                                          tcbn28hpcplusbwp30p140hvt
                                                           n, S
image_mem/mem_reg[20][6]  SDFQD0BWP30P140HVT
                                          tcbn28hpcplusbwp30p140hvt
                                                           n, S
image_mem/mem_reg[20][7]  SDFQD0BWP30P140HVT
                                          tcbn28hpcplusbwp30p140hvt
                                                           n, S
image_mem/mem_reg[21][0]  SDFQD0BWP30P140HVT
                                          tcbn28hpcplusbwp30p140hvt
                                                           n, S
image_mem/mem_reg[21][1]  SDFQD0BWP30P140HVT
                                          tcbn28hpcplusbwp30p140hvt
                                                           n, S
image_mem/mem_reg[21][2]  SDFQD0BWP30P140HVT
                                          tcbn28hpcplusbwp30p140hvt
                                                           n, S
image_mem/mem_reg[21][3]  SDFQD0BWP30P140HVT
                                          tcbn28hpcplusbwp30p140hvt
                                                           n, S
image_mem/mem_reg[21][4]  SDFQD0BWP30P140HVT
                                          tcbn28hpcplusbwp30p140hvt
                                                           n, S
image_mem/mem_reg[21][5]  SDFQD0BWP30P140HVT
                                          tcbn28hpcplusbwp30p140hvt
                                                           n, S
image_mem/mem_reg[21][6]  SDFQD0BWP30P140HVT
                                          tcbn28hpcplusbwp30p140hvt
                                                           n, S
image_mem/mem_reg[21][7]  SDFQD0BWP30P140HVT
                                          tcbn28hpcplusbwp30p140hvt
                                                           n, S
image_mem/mem_reg[22][0]  SDFQD0BWP30P140HVT
                                          tcbn28hpcplusbwp30p140hvt
                                                           n, S
image_mem/mem_reg[22][1]  SDFQD0BWP30P140HVT
                                          tcbn28hpcplusbwp30p140hvt
                                                           n, S
image_mem/mem_reg[22][2]  SDFQD0BWP30P140HVT
                                          tcbn28hpcplusbwp30p140hvt
                                                           n, S
image_mem/mem_reg[22][3]  SDFQD0BWP30P140HVT
                                          tcbn28hpcplusbwp30p140hvt
                                                           n, S
image_mem/mem_reg[22][4]  SDFQD0BWP30P140HVT
                                          tcbn28hpcplusbwp30p140hvt
                                                           n, S
image_mem/mem_reg[22][5]  SDFQD0BWP30P140HVT
                                          tcbn28hpcplusbwp30p140hvt
                                                           n, S
image_mem/mem_reg[22][6]  SDFQD0BWP30P140HVT
                                          tcbn28hpcplusbwp30p140hvt
                                                           n, S
image_mem/mem_reg[22][7]  SDFQD0BWP30P140HVT
                                          tcbn28hpcplusbwp30p140hvt
                                                           n, S
image_mem/mem_reg[23][0]  SDFQND0BWP30P140HVT
                                          tcbn28hpcplusbwp30p140hvt
                                                           n, S
image_mem/mem_reg[23][1]  SDFQND0BWP30P140HVT
                                          tcbn28hpcplusbwp30p140hvt
                                                           n, S
image_mem/mem_reg[23][2]  SDFQND0BWP30P140HVT
                                          tcbn28hpcplusbwp30p140hvt
                                                           n, S
image_mem/mem_reg[23][3]  SDFQND0BWP30P140HVT
                                          tcbn28hpcplusbwp30p140hvt
                                                           n, S
image_mem/mem_reg[23][4]  SDFQND0BWP30P140HVT
                                          tcbn28hpcplusbwp30p140hvt
                                                           n, S
image_mem/mem_reg[23][5]  SDFQND0BWP30P140HVT
                                          tcbn28hpcplusbwp30p140hvt
                                                           n, S
image_mem/mem_reg[23][6]  SDFQND0BWP30P140HVT
                                          tcbn28hpcplusbwp30p140hvt
                                                           n, S
image_mem/mem_reg[23][7]  SDFQND0BWP30P140HVT
                                          tcbn28hpcplusbwp30p140hvt
                                                           n, S
image_mem/mem_reg[24][0]  SDFQD0BWP30P140HVT
                                          tcbn28hpcplusbwp30p140hvt
                                                           n, S
image_mem/mem_reg[24][1]  SDFQD0BWP30P140HVT
                                          tcbn28hpcplusbwp30p140hvt
                                                           n, S
image_mem/mem_reg[24][2]  SDFQD0BWP30P140HVT
                                          tcbn28hpcplusbwp30p140hvt
                                                           n, S
image_mem/mem_reg[24][3]  SDFQD0BWP30P140HVT
                                          tcbn28hpcplusbwp30p140hvt
                                                           n, S
image_mem/mem_reg[24][4]  SDFQD0BWP30P140HVT
                                          tcbn28hpcplusbwp30p140hvt
                                                           n, S
image_mem/mem_reg[24][5]  SDFQD0BWP30P140HVT
                                          tcbn28hpcplusbwp30p140hvt
                                                           n, S
image_mem/mem_reg[24][6]  SDFQD0BWP30P140HVT
                                          tcbn28hpcplusbwp30p140hvt
                                                           n, S
image_mem/mem_reg[24][7]  SDFQD0BWP30P140HVT
                                          tcbn28hpcplusbwp30p140hvt
                                                           n, S
image_mem/mem_reg[25][0]  SDFQD0BWP30P140HVT
                                          tcbn28hpcplusbwp30p140hvt
                                                           n, S
image_mem/mem_reg[25][1]  SDFQD0BWP30P140HVT
                                          tcbn28hpcplusbwp30p140hvt
                                                           n, S
image_mem/mem_reg[25][2]  SDFQD0BWP30P140HVT
                                          tcbn28hpcplusbwp30p140hvt
                                                           n, S
image_mem/mem_reg[25][3]  SDFQD0BWP30P140HVT
                                          tcbn28hpcplusbwp30p140hvt
                                                           n, S
image_mem/mem_reg[25][4]  SDFQD0BWP30P140HVT
                                          tcbn28hpcplusbwp30p140hvt
                                                           n, S
image_mem/mem_reg[25][5]  SDFQD0BWP30P140HVT
                                          tcbn28hpcplusbwp30p140hvt
                                                           n, S
image_mem/mem_reg[25][6]  SDFQD0BWP30P140HVT
                                          tcbn28hpcplusbwp30p140hvt
                                                           n, S
image_mem/mem_reg[25][7]  SDFQD0BWP30P140HVT
                                          tcbn28hpcplusbwp30p140hvt
                                                           n, S
image_mem/mem_reg[26][0]  SDFQD0BWP30P140HVT
                                          tcbn28hpcplusbwp30p140hvt
                                                           n, S
image_mem/mem_reg[26][1]  SDFQD0BWP30P140HVT
                                          tcbn28hpcplusbwp30p140hvt
                                                           n, S
image_mem/mem_reg[26][2]  SDFQD0BWP30P140HVT
                                          tcbn28hpcplusbwp30p140hvt
                                                           n, S
image_mem/mem_reg[26][3]  SDFQD0BWP30P140HVT
                                          tcbn28hpcplusbwp30p140hvt
                                                           n, S
image_mem/mem_reg[26][4]  SDFQD0BWP30P140HVT
                                          tcbn28hpcplusbwp30p140hvt
                                                           n, S
image_mem/mem_reg[26][5]  SDFQD0BWP30P140HVT
                                          tcbn28hpcplusbwp30p140hvt
                                                           n, S
image_mem/mem_reg[26][6]  SDFQD0BWP30P140HVT
                                          tcbn28hpcplusbwp30p140hvt
                                                           n, S
image_mem/mem_reg[26][7]  SDFQD0BWP30P140HVT
                                          tcbn28hpcplusbwp30p140hvt
                                                           n, S
image_mem/mem_reg[27][0]  SDFQD0BWP30P140HVT
                                          tcbn28hpcplusbwp30p140hvt
                                                           n, S
image_mem/mem_reg[27][1]  SDFQD0BWP30P140HVT
                                          tcbn28hpcplusbwp30p140hvt
                                                           n, S
image_mem/mem_reg[27][2]  SDFQD0BWP30P140HVT
                                          tcbn28hpcplusbwp30p140hvt
                                                           n, S
image_mem/mem_reg[27][3]  SDFQD0BWP30P140HVT
                                          tcbn28hpcplusbwp30p140hvt
                                                           n, S
image_mem/mem_reg[27][4]  SDFQD0BWP30P140HVT
                                          tcbn28hpcplusbwp30p140hvt
                                                           n, S
image_mem/mem_reg[27][5]  SDFQD0BWP30P140HVT
                                          tcbn28hpcplusbwp30p140hvt
                                                           n, S
image_mem/mem_reg[27][6]  SDFQD0BWP30P140HVT
                                          tcbn28hpcplusbwp30p140hvt
                                                           n, S
image_mem/mem_reg[27][7]  SDFQD0BWP30P140HVT
                                          tcbn28hpcplusbwp30p140hvt
                                                           n, S
image_mem/mem_reg[28][0]  SDFQD0BWP30P140HVT
                                          tcbn28hpcplusbwp30p140hvt
                                                           n, S
image_mem/mem_reg[28][1]  SDFQD0BWP30P140HVT
                                          tcbn28hpcplusbwp30p140hvt
                                                           n, S
image_mem/mem_reg[28][2]  SDFQD0BWP30P140HVT
                                          tcbn28hpcplusbwp30p140hvt
                                                           n, S
image_mem/mem_reg[28][3]  SDFQD0BWP30P140HVT
                                          tcbn28hpcplusbwp30p140hvt
                                                           n, S
image_mem/mem_reg[28][4]  SDFQD0BWP30P140HVT
                                          tcbn28hpcplusbwp30p140hvt
                                                           n, S
image_mem/mem_reg[28][5]  SDFQD0BWP30P140HVT
                                          tcbn28hpcplusbwp30p140hvt
                                                           n, S
image_mem/mem_reg[28][6]  SDFQD0BWP30P140HVT
                                          tcbn28hpcplusbwp30p140hvt
                                                           n, S
image_mem/mem_reg[28][7]  SDFQD0BWP30P140HVT
                                          tcbn28hpcplusbwp30p140hvt
                                                           n, S
image_mem/mem_reg[29][0]  SDFQND0BWP30P140HVT
                                          tcbn28hpcplusbwp30p140hvt
                                                           n, S
image_mem/mem_reg[29][1]  SDFQND0BWP30P140HVT
                                          tcbn28hpcplusbwp30p140hvt
                                                           n, S
image_mem/mem_reg[29][2]  SDFQND0BWP30P140HVT
                                          tcbn28hpcplusbwp30p140hvt
                                                           n, S
image_mem/mem_reg[29][3]  SDFQND0BWP30P140HVT
                                          tcbn28hpcplusbwp30p140hvt
                                                           n, S
image_mem/mem_reg[29][4]  SDFQND0BWP30P140HVT
                                          tcbn28hpcplusbwp30p140hvt
                                                           n, S
image_mem/mem_reg[29][5]  SDFQND0BWP30P140HVT
                                          tcbn28hpcplusbwp30p140hvt
                                                           n, S
image_mem/mem_reg[29][6]  SDFQND0BWP30P140HVT
                                          tcbn28hpcplusbwp30p140hvt
                                                           n, S
image_mem/mem_reg[29][7]  SDFQND0BWP30P140HVT
                                          tcbn28hpcplusbwp30p140hvt
                                                           n, S
image_mem/mem_reg[2][0]   SDFQD0BWP30P140HVT
                                          tcbn28hpcplusbwp30p140hvt
                                                           n, S
image_mem/mem_reg[2][1]   SDFQD0BWP30P140HVT
                                          tcbn28hpcplusbwp30p140hvt
                                                           n, S
image_mem/mem_reg[2][2]   SDFQD0BWP30P140HVT
                                          tcbn28hpcplusbwp30p140hvt
                                                           n, S
image_mem/mem_reg[2][3]   SDFQD0BWP30P140HVT
                                          tcbn28hpcplusbwp30p140hvt
                                                           n, S
image_mem/mem_reg[2][4]   SDFQD0BWP30P140HVT
                                          tcbn28hpcplusbwp30p140hvt
                                                           n, S
image_mem/mem_reg[2][5]   SDFQD0BWP30P140HVT
                                          tcbn28hpcplusbwp30p140hvt
                                                           n, S
image_mem/mem_reg[2][6]   SDFQD0BWP30P140HVT
                                          tcbn28hpcplusbwp30p140hvt
                                                           n, S
image_mem/mem_reg[2][7]   SDFQD0BWP30P140HVT
                                          tcbn28hpcplusbwp30p140hvt
                                                           n, S
image_mem/mem_reg[30][0]  SDFQND0BWP30P140HVT
                                          tcbn28hpcplusbwp30p140hvt
                                                           n, S
image_mem/mem_reg[30][1]  SDFQND0BWP30P140HVT
                                          tcbn28hpcplusbwp30p140hvt
                                                           n, S
image_mem/mem_reg[30][2]  SDFQND0BWP30P140HVT
                                          tcbn28hpcplusbwp30p140hvt
                                                           n, S
image_mem/mem_reg[30][3]  SDFQND0BWP30P140HVT
                                          tcbn28hpcplusbwp30p140hvt
                                                           n, S
image_mem/mem_reg[30][4]  SDFQND0BWP30P140HVT
                                          tcbn28hpcplusbwp30p140hvt
                                                           n, S
image_mem/mem_reg[30][5]  SDFQND0BWP30P140HVT
                                          tcbn28hpcplusbwp30p140hvt
                                                           n, S
image_mem/mem_reg[30][6]  SDFQND0BWP30P140HVT
                                          tcbn28hpcplusbwp30p140hvt
                                                           n, S
image_mem/mem_reg[30][7]  SDFQND0BWP30P140HVT
                                          tcbn28hpcplusbwp30p140hvt
                                                           n, S
image_mem/mem_reg[31][0]  SDFQND0BWP30P140HVT
                                          tcbn28hpcplusbwp30p140hvt
                                                           n, S
image_mem/mem_reg[31][1]  SDFQND0BWP30P140HVT
                                          tcbn28hpcplusbwp30p140hvt
                                                           n, S
image_mem/mem_reg[31][2]  SDFQND0BWP30P140HVT
                                          tcbn28hpcplusbwp30p140hvt
                                                           n, S
image_mem/mem_reg[31][3]  SDFQND0BWP30P140HVT
                                          tcbn28hpcplusbwp30p140hvt
                                                           n, S
image_mem/mem_reg[31][4]  SDFQND0BWP30P140HVT
                                          tcbn28hpcplusbwp30p140hvt
                                                           n, S
image_mem/mem_reg[31][5]  SDFQND0BWP30P140HVT
                                          tcbn28hpcplusbwp30p140hvt
                                                           n, S
image_mem/mem_reg[31][6]  SDFQND0BWP30P140HVT
                                          tcbn28hpcplusbwp30p140hvt
                                                           n, S
image_mem/mem_reg[31][7]  SDFQND0BWP30P140HVT
                                          tcbn28hpcplusbwp30p140hvt
                                                           n, S
image_mem/mem_reg[32][0]  SDFQD0BWP30P140HVT
                                          tcbn28hpcplusbwp30p140hvt
                                                           n, S
image_mem/mem_reg[32][1]  SDFQD0BWP30P140HVT
                                          tcbn28hpcplusbwp30p140hvt
                                                           n, S
image_mem/mem_reg[32][2]  SDFQD0BWP30P140HVT
                                          tcbn28hpcplusbwp30p140hvt
                                                           n, S
image_mem/mem_reg[32][3]  SDFQD0BWP30P140HVT
                                          tcbn28hpcplusbwp30p140hvt
                                                           n, S
image_mem/mem_reg[32][4]  SDFQD0BWP30P140HVT
                                          tcbn28hpcplusbwp30p140hvt
                                                           n, S
image_mem/mem_reg[32][5]  SDFQD0BWP30P140HVT
                                          tcbn28hpcplusbwp30p140hvt
                                                           n, S
image_mem/mem_reg[32][6]  SDFQD0BWP30P140HVT
                                          tcbn28hpcplusbwp30p140hvt
                                                           n, S
image_mem/mem_reg[32][7]  SDFQD0BWP30P140HVT
                                          tcbn28hpcplusbwp30p140hvt
                                                           n, S
image_mem/mem_reg[33][0]  SDFQD0BWP30P140HVT
                                          tcbn28hpcplusbwp30p140hvt
                                                           n, S
image_mem/mem_reg[33][1]  SDFQD0BWP30P140HVT
                                          tcbn28hpcplusbwp30p140hvt
                                                           n, S
image_mem/mem_reg[33][2]  SDFQD0BWP30P140HVT
                                          tcbn28hpcplusbwp30p140hvt
                                                           n, S
image_mem/mem_reg[33][3]  SDFQD0BWP30P140HVT
                                          tcbn28hpcplusbwp30p140hvt
                                                           n, S
image_mem/mem_reg[33][4]  SDFQD0BWP30P140HVT
                                          tcbn28hpcplusbwp30p140hvt
                                                           n, S
image_mem/mem_reg[33][5]  SDFQD0BWP30P140HVT
                                          tcbn28hpcplusbwp30p140hvt
                                                           n, S
image_mem/mem_reg[33][6]  SDFQD0BWP30P140HVT
                                          tcbn28hpcplusbwp30p140hvt
                                                           n, S
image_mem/mem_reg[33][7]  SDFQD0BWP30P140HVT
                                          tcbn28hpcplusbwp30p140hvt
                                                           n, S
image_mem/mem_reg[34][0]  SDFQD0BWP30P140HVT
                                          tcbn28hpcplusbwp30p140hvt
                                                           n, S
image_mem/mem_reg[34][1]  SDFQD0BWP30P140HVT
                                          tcbn28hpcplusbwp30p140hvt
                                                           n, S
image_mem/mem_reg[34][2]  SDFQD0BWP30P140HVT
                                          tcbn28hpcplusbwp30p140hvt
                                                           n, S
image_mem/mem_reg[34][3]  SDFQD0BWP30P140HVT
                                          tcbn28hpcplusbwp30p140hvt
                                                           n, S
image_mem/mem_reg[34][4]  SDFQD0BWP30P140HVT
                                          tcbn28hpcplusbwp30p140hvt
                                                           n, S
image_mem/mem_reg[34][5]  SDFQD0BWP30P140HVT
                                          tcbn28hpcplusbwp30p140hvt
                                                           n, S
image_mem/mem_reg[34][6]  SDFQD0BWP30P140HVT
                                          tcbn28hpcplusbwp30p140hvt
                                                           n, S
image_mem/mem_reg[34][7]  SDFQD0BWP30P140HVT
                                          tcbn28hpcplusbwp30p140hvt
                                                           n, S
image_mem/mem_reg[35][0]  SDFQND0BWP30P140HVT
                                          tcbn28hpcplusbwp30p140hvt
                                                           n, S
image_mem/mem_reg[35][1]  SDFQND0BWP30P140HVT
                                          tcbn28hpcplusbwp30p140hvt
                                                           n, S
image_mem/mem_reg[35][2]  SDFQND0BWP30P140HVT
                                          tcbn28hpcplusbwp30p140hvt
                                                           n, S
image_mem/mem_reg[35][3]  SDFQND0BWP30P140HVT
                                          tcbn28hpcplusbwp30p140hvt
                                                           n, S
image_mem/mem_reg[35][4]  SDFQND0BWP30P140HVT
                                          tcbn28hpcplusbwp30p140hvt
                                                           n, S
image_mem/mem_reg[35][5]  SDFQND0BWP30P140HVT
                                          tcbn28hpcplusbwp30p140hvt
                                                           n, S
image_mem/mem_reg[35][6]  SDFQND0BWP30P140HVT
                                          tcbn28hpcplusbwp30p140hvt
                                                           n, S
image_mem/mem_reg[35][7]  SDFQND0BWP30P140HVT
                                          tcbn28hpcplusbwp30p140hvt
                                                           n, S
image_mem/mem_reg[36][0]  SDFQND0BWP30P140HVT
                                          tcbn28hpcplusbwp30p140hvt
                                                           n, S
image_mem/mem_reg[36][1]  SDFQND0BWP30P140HVT
                                          tcbn28hpcplusbwp30p140hvt
                                                           n, S
image_mem/mem_reg[36][2]  SDFQND0BWP30P140HVT
                                          tcbn28hpcplusbwp30p140hvt
                                                           n, S
image_mem/mem_reg[36][3]  SDFQND0BWP30P140HVT
                                          tcbn28hpcplusbwp30p140hvt
                                                           n, S
image_mem/mem_reg[36][4]  SDFQND0BWP30P140HVT
                                          tcbn28hpcplusbwp30p140hvt
                                                           n, S
image_mem/mem_reg[36][5]  SDFQND0BWP30P140HVT
                                          tcbn28hpcplusbwp30p140hvt
                                                           n, S
image_mem/mem_reg[36][6]  SDFQND0BWP30P140HVT
                                          tcbn28hpcplusbwp30p140hvt
                                                           n, S
image_mem/mem_reg[36][7]  SDFQND0BWP30P140HVT
                                          tcbn28hpcplusbwp30p140hvt
                                                           n, S
image_mem/mem_reg[37][0]  SDFQD0BWP30P140HVT
                                          tcbn28hpcplusbwp30p140hvt
                                                           n, S
image_mem/mem_reg[37][1]  SDFQD0BWP30P140HVT
                                          tcbn28hpcplusbwp30p140hvt
                                                           n, S
image_mem/mem_reg[37][2]  SDFQD0BWP30P140HVT
                                          tcbn28hpcplusbwp30p140hvt
                                                           n, S
image_mem/mem_reg[37][3]  SDFQD0BWP30P140HVT
                                          tcbn28hpcplusbwp30p140hvt
                                                           n, S
image_mem/mem_reg[37][4]  SDFQD0BWP30P140HVT
                                          tcbn28hpcplusbwp30p140hvt
                                                           n, S
image_mem/mem_reg[37][5]  SDFQD0BWP30P140HVT
                                          tcbn28hpcplusbwp30p140hvt
                                                           n, S
image_mem/mem_reg[37][6]  SDFQD0BWP30P140HVT
                                          tcbn28hpcplusbwp30p140hvt
                                                           n, S
image_mem/mem_reg[37][7]  SDFQD0BWP30P140HVT
                                          tcbn28hpcplusbwp30p140hvt
                                                           n, S
image_mem/mem_reg[38][0]  SDFQND0BWP30P140HVT
                                          tcbn28hpcplusbwp30p140hvt
                                                           n, S
image_mem/mem_reg[38][1]  SDFQND0BWP30P140HVT
                                          tcbn28hpcplusbwp30p140hvt
                                                           n, S
image_mem/mem_reg[38][2]  SDFQND0BWP30P140HVT
                                          tcbn28hpcplusbwp30p140hvt
                                                           n, S
image_mem/mem_reg[38][3]  SDFQND0BWP30P140HVT
                                          tcbn28hpcplusbwp30p140hvt
                                                           n, S
image_mem/mem_reg[38][4]  SDFQND0BWP30P140HVT
                                          tcbn28hpcplusbwp30p140hvt
                                                           n, S
image_mem/mem_reg[38][5]  SDFQND0BWP30P140HVT
                                          tcbn28hpcplusbwp30p140hvt
                                                           n, S
image_mem/mem_reg[38][6]  SDFQND0BWP30P140HVT
                                          tcbn28hpcplusbwp30p140hvt
                                                           n, S
image_mem/mem_reg[38][7]  SDFQND0BWP30P140HVT
                                          tcbn28hpcplusbwp30p140hvt
                                                           n, S
image_mem/mem_reg[39][0]  SDFQND0BWP30P140HVT
                                          tcbn28hpcplusbwp30p140hvt
                                                           n, S
image_mem/mem_reg[39][1]  SDFQND0BWP30P140HVT
                                          tcbn28hpcplusbwp30p140hvt
                                                           n, S
image_mem/mem_reg[39][2]  SDFQND0BWP30P140HVT
                                          tcbn28hpcplusbwp30p140hvt
                                                           n, S
image_mem/mem_reg[39][3]  SDFQND0BWP30P140HVT
                                          tcbn28hpcplusbwp30p140hvt
                                                           n, S
image_mem/mem_reg[39][4]  SDFQND0BWP30P140HVT
                                          tcbn28hpcplusbwp30p140hvt
                                                           n, S
image_mem/mem_reg[39][5]  SDFQND0BWP30P140HVT
                                          tcbn28hpcplusbwp30p140hvt
                                                           n, S
image_mem/mem_reg[39][6]  SDFQND0BWP30P140HVT
                                          tcbn28hpcplusbwp30p140hvt
                                                           n, S
image_mem/mem_reg[39][7]  SDFQND0BWP30P140HVT
                                          tcbn28hpcplusbwp30p140hvt
                                                           n, S
image_mem/mem_reg[3][0]   SDFQD0BWP30P140HVT
                                          tcbn28hpcplusbwp30p140hvt
                                                           n, S
image_mem/mem_reg[3][1]   SDFQD0BWP30P140HVT
                                          tcbn28hpcplusbwp30p140hvt
                                                           n, S
image_mem/mem_reg[3][2]   SDFQD0BWP30P140HVT
                                          tcbn28hpcplusbwp30p140hvt
                                                           n, S
image_mem/mem_reg[3][3]   SDFQD0BWP30P140HVT
                                          tcbn28hpcplusbwp30p140hvt
                                                           n, S
image_mem/mem_reg[3][4]   SDFQD0BWP30P140HVT
                                          tcbn28hpcplusbwp30p140hvt
                                                           n, S
image_mem/mem_reg[3][5]   SDFQD0BWP30P140HVT
                                          tcbn28hpcplusbwp30p140hvt
                                                           n, S
image_mem/mem_reg[3][6]   SDFQD0BWP30P140HVT
                                          tcbn28hpcplusbwp30p140hvt
                                                           n, S
image_mem/mem_reg[3][7]   SDFQD0BWP30P140HVT
                                          tcbn28hpcplusbwp30p140hvt
                                                           n, S
image_mem/mem_reg[40][0]  SDFQD0BWP30P140HVT
                                          tcbn28hpcplusbwp30p140hvt
                                                           n, S
image_mem/mem_reg[40][1]  SDFQD0BWP30P140HVT
                                          tcbn28hpcplusbwp30p140hvt
                                                           n, S
image_mem/mem_reg[40][2]  SDFQD0BWP30P140HVT
                                          tcbn28hpcplusbwp30p140hvt
                                                           n, S
image_mem/mem_reg[40][3]  SDFQD0BWP30P140HVT
                                          tcbn28hpcplusbwp30p140hvt
                                                           n, S
image_mem/mem_reg[40][4]  SDFQD0BWP30P140HVT
                                          tcbn28hpcplusbwp30p140hvt
                                                           n, S
image_mem/mem_reg[40][5]  SDFQD0BWP30P140HVT
                                          tcbn28hpcplusbwp30p140hvt
                                                           n, S
image_mem/mem_reg[40][6]  SDFQD0BWP30P140HVT
                                          tcbn28hpcplusbwp30p140hvt
                                                           n, S
image_mem/mem_reg[40][7]  SDFQD0BWP30P140HVT
                                          tcbn28hpcplusbwp30p140hvt
                                                           n, S
image_mem/mem_reg[41][0]  SDFQND0BWP30P140HVT
                                          tcbn28hpcplusbwp30p140hvt
                                                           n, S
image_mem/mem_reg[41][1]  SDFQND0BWP30P140HVT
                                          tcbn28hpcplusbwp30p140hvt
                                                           n, S
image_mem/mem_reg[41][2]  SDFQND0BWP30P140HVT
                                          tcbn28hpcplusbwp30p140hvt
                                                           n, S
image_mem/mem_reg[41][3]  SDFQND0BWP30P140HVT
                                          tcbn28hpcplusbwp30p140hvt
                                                           n, S
image_mem/mem_reg[41][4]  SDFQND0BWP30P140HVT
                                          tcbn28hpcplusbwp30p140hvt
                                                           n, S
image_mem/mem_reg[41][5]  SDFQND0BWP30P140HVT
                                          tcbn28hpcplusbwp30p140hvt
                                                           n, S
image_mem/mem_reg[41][6]  SDFQND0BWP30P140HVT
                                          tcbn28hpcplusbwp30p140hvt
                                                           n, S
image_mem/mem_reg[41][7]  SDFQND0BWP30P140HVT
                                          tcbn28hpcplusbwp30p140hvt
                                                           n, S
image_mem/mem_reg[42][0]  SDFQD0BWP30P140HVT
                                          tcbn28hpcplusbwp30p140hvt
                                                           n, S
image_mem/mem_reg[42][1]  SDFQD0BWP30P140HVT
                                          tcbn28hpcplusbwp30p140hvt
                                                           n, S
image_mem/mem_reg[42][2]  SDFQD0BWP30P140HVT
                                          tcbn28hpcplusbwp30p140hvt
                                                           n, S
image_mem/mem_reg[42][3]  SDFQD0BWP30P140HVT
                                          tcbn28hpcplusbwp30p140hvt
                                                           n, S
image_mem/mem_reg[42][4]  SDFQD0BWP30P140HVT
                                          tcbn28hpcplusbwp30p140hvt
                                                           n, S
image_mem/mem_reg[42][5]  SDFQD0BWP30P140HVT
                                          tcbn28hpcplusbwp30p140hvt
                                                           n, S
image_mem/mem_reg[42][6]  SDFQD0BWP30P140HVT
                                          tcbn28hpcplusbwp30p140hvt
                                                           n, S
image_mem/mem_reg[42][7]  SDFQD0BWP30P140HVT
                                          tcbn28hpcplusbwp30p140hvt
                                                           n, S
image_mem/mem_reg[43][0]  SDFQND0BWP30P140HVT
                                          tcbn28hpcplusbwp30p140hvt
                                                           n, S
image_mem/mem_reg[43][1]  SDFQND0BWP30P140HVT
                                          tcbn28hpcplusbwp30p140hvt
                                                           n, S
image_mem/mem_reg[43][2]  SDFQND0BWP30P140HVT
                                          tcbn28hpcplusbwp30p140hvt
                                                           n, S
image_mem/mem_reg[43][3]  SDFQND0BWP30P140HVT
                                          tcbn28hpcplusbwp30p140hvt
                                                           n, S
image_mem/mem_reg[43][4]  SDFQND0BWP30P140HVT
                                          tcbn28hpcplusbwp30p140hvt
                                                           n, S
image_mem/mem_reg[43][5]  SDFQND0BWP30P140HVT
                                          tcbn28hpcplusbwp30p140hvt
                                                           n, S
image_mem/mem_reg[43][6]  SDFQND0BWP30P140HVT
                                          tcbn28hpcplusbwp30p140hvt
                                                           n, S
image_mem/mem_reg[43][7]  SDFQND0BWP30P140HVT
                                          tcbn28hpcplusbwp30p140hvt
                                                           n, S
image_mem/mem_reg[44][0]  SDFQND0BWP30P140HVT
                                          tcbn28hpcplusbwp30p140hvt
                                                           n, S
image_mem/mem_reg[44][1]  SDFQND0BWP30P140HVT
                                          tcbn28hpcplusbwp30p140hvt
                                                           n, S
image_mem/mem_reg[44][2]  SDFQND0BWP30P140HVT
                                          tcbn28hpcplusbwp30p140hvt
                                                           n, S
image_mem/mem_reg[44][3]  SDFQND0BWP30P140HVT
                                          tcbn28hpcplusbwp30p140hvt
                                                           n, S
image_mem/mem_reg[44][4]  SDFQND0BWP30P140HVT
                                          tcbn28hpcplusbwp30p140hvt
                                                           n, S
image_mem/mem_reg[44][5]  SDFQND0BWP30P140HVT
                                          tcbn28hpcplusbwp30p140hvt
                                                           n, S
image_mem/mem_reg[44][6]  SDFQND0BWP30P140HVT
                                          tcbn28hpcplusbwp30p140hvt
                                                           n, S
image_mem/mem_reg[44][7]  SDFQND0BWP30P140HVT
                                          tcbn28hpcplusbwp30p140hvt
                                                           n, S
image_mem/mem_reg[45][0]  SDFQND0BWP30P140HVT
                                          tcbn28hpcplusbwp30p140hvt
                                                           n, S
image_mem/mem_reg[45][1]  SDFQND0BWP30P140HVT
                                          tcbn28hpcplusbwp30p140hvt
                                                           n, S
image_mem/mem_reg[45][2]  SDFQND0BWP30P140HVT
                                          tcbn28hpcplusbwp30p140hvt
                                                           n, S
image_mem/mem_reg[45][3]  SDFQND0BWP30P140HVT
                                          tcbn28hpcplusbwp30p140hvt
                                                           n, S
image_mem/mem_reg[45][4]  SDFQND0BWP30P140HVT
                                          tcbn28hpcplusbwp30p140hvt
                                                           n, S
image_mem/mem_reg[45][5]  SDFQND0BWP30P140HVT
                                          tcbn28hpcplusbwp30p140hvt
                                                           n, S
image_mem/mem_reg[45][6]  SDFQND0BWP30P140HVT
                                          tcbn28hpcplusbwp30p140hvt
                                                           n, S
image_mem/mem_reg[45][7]  SDFQND0BWP30P140HVT
                                          tcbn28hpcplusbwp30p140hvt
                                                           n, S
image_mem/mem_reg[46][0]  SDFQND0BWP30P140HVT
                                          tcbn28hpcplusbwp30p140hvt
                                                           n, S
image_mem/mem_reg[46][1]  SDFQND0BWP30P140HVT
                                          tcbn28hpcplusbwp30p140hvt
                                                           n, S
image_mem/mem_reg[46][2]  SDFQND0BWP30P140HVT
                                          tcbn28hpcplusbwp30p140hvt
                                                           n, S
image_mem/mem_reg[46][3]  SDFQND0BWP30P140HVT
                                          tcbn28hpcplusbwp30p140hvt
                                                           n, S
image_mem/mem_reg[46][4]  SDFQND0BWP30P140HVT
                                          tcbn28hpcplusbwp30p140hvt
                                                           n, S
image_mem/mem_reg[46][5]  SDFQND0BWP30P140HVT
                                          tcbn28hpcplusbwp30p140hvt
                                                           n, S
image_mem/mem_reg[46][6]  SDFQND0BWP30P140HVT
                                          tcbn28hpcplusbwp30p140hvt
                                                           n, S
image_mem/mem_reg[46][7]  SDFQND0BWP30P140HVT
                                          tcbn28hpcplusbwp30p140hvt
                                                           n, S
image_mem/mem_reg[47][0]  SDFQND0BWP30P140HVT
                                          tcbn28hpcplusbwp30p140hvt
                                                           n, S
image_mem/mem_reg[47][1]  SDFQND0BWP30P140HVT
                                          tcbn28hpcplusbwp30p140hvt
                                                           n, S
image_mem/mem_reg[47][2]  SDFQND0BWP30P140HVT
                                          tcbn28hpcplusbwp30p140hvt
                                                           n, S
image_mem/mem_reg[47][3]  SDFQND0BWP30P140HVT
                                          tcbn28hpcplusbwp30p140hvt
                                                           n, S
image_mem/mem_reg[47][4]  SDFQND0BWP30P140HVT
                                          tcbn28hpcplusbwp30p140hvt
                                                           n, S
image_mem/mem_reg[47][5]  SDFQND0BWP30P140HVT
                                          tcbn28hpcplusbwp30p140hvt
                                                           n, S
image_mem/mem_reg[47][6]  SDFQND0BWP30P140HVT
                                          tcbn28hpcplusbwp30p140hvt
                                                           n, S
image_mem/mem_reg[47][7]  SDFQND0BWP30P140HVT
                                          tcbn28hpcplusbwp30p140hvt
                                                           n, S
image_mem/mem_reg[48][0]  SDFQD0BWP30P140HVT
                                          tcbn28hpcplusbwp30p140hvt
                                                           n, S
image_mem/mem_reg[48][1]  SDFQD0BWP30P140HVT
                                          tcbn28hpcplusbwp30p140hvt
                                                           n, S
image_mem/mem_reg[48][2]  SDFQD0BWP30P140HVT
                                          tcbn28hpcplusbwp30p140hvt
                                                           n, S
image_mem/mem_reg[48][3]  SDFQD0BWP30P140HVT
                                          tcbn28hpcplusbwp30p140hvt
                                                           n, S
image_mem/mem_reg[48][4]  SDFQD0BWP30P140HVT
                                          tcbn28hpcplusbwp30p140hvt
                                                           n, S
image_mem/mem_reg[48][5]  SDFQD0BWP30P140HVT
                                          tcbn28hpcplusbwp30p140hvt
                                                           n, S
image_mem/mem_reg[48][6]  SDFQD0BWP30P140HVT
                                          tcbn28hpcplusbwp30p140hvt
                                                           n, S
image_mem/mem_reg[48][7]  SDFQD0BWP30P140HVT
                                          tcbn28hpcplusbwp30p140hvt
                                                           n, S
image_mem/mem_reg[49][0]  SDFQD0BWP30P140HVT
                                          tcbn28hpcplusbwp30p140hvt
                                                           n, S
image_mem/mem_reg[49][1]  SDFQD0BWP30P140HVT
                                          tcbn28hpcplusbwp30p140hvt
                                                           n, S
image_mem/mem_reg[49][2]  SDFQD0BWP30P140HVT
                                          tcbn28hpcplusbwp30p140hvt
                                                           n, S
image_mem/mem_reg[49][3]  SDFQD0BWP30P140HVT
                                          tcbn28hpcplusbwp30p140hvt
                                                           n, S
image_mem/mem_reg[49][4]  SDFQD0BWP30P140HVT
                                          tcbn28hpcplusbwp30p140hvt
                                                           n, S
image_mem/mem_reg[49][5]  SDFQD0BWP30P140HVT
                                          tcbn28hpcplusbwp30p140hvt
                                                           n, S
image_mem/mem_reg[49][6]  SDFQD0BWP30P140HVT
                                          tcbn28hpcplusbwp30p140hvt
                                                           n, S
image_mem/mem_reg[49][7]  SDFQD0BWP30P140HVT
                                          tcbn28hpcplusbwp30p140hvt
                                                           n, S
image_mem/mem_reg[4][0]   SDFQD0BWP30P140HVT
                                          tcbn28hpcplusbwp30p140hvt
                                                           n, S
image_mem/mem_reg[4][1]   SDFQD0BWP30P140HVT
                                          tcbn28hpcplusbwp30p140hvt
                                                           n, S
image_mem/mem_reg[4][2]   SDFQD0BWP30P140HVT
                                          tcbn28hpcplusbwp30p140hvt
                                                           n, S
image_mem/mem_reg[4][3]   SDFQD0BWP30P140HVT
                                          tcbn28hpcplusbwp30p140hvt
                                                           n, S
image_mem/mem_reg[4][4]   SDFQD0BWP30P140HVT
                                          tcbn28hpcplusbwp30p140hvt
                                                           n, S
image_mem/mem_reg[4][5]   SDFQD0BWP30P140HVT
                                          tcbn28hpcplusbwp30p140hvt
                                                           n, S
image_mem/mem_reg[4][6]   SDFQD0BWP30P140HVT
                                          tcbn28hpcplusbwp30p140hvt
                                                           n, S
image_mem/mem_reg[4][7]   SDFQD0BWP30P140HVT
                                          tcbn28hpcplusbwp30p140hvt
                                                           n, S
image_mem/mem_reg[50][0]  SDFQD0BWP30P140HVT
                                          tcbn28hpcplusbwp30p140hvt
                                                           n, S
image_mem/mem_reg[50][1]  SDFQD0BWP30P140HVT
                                          tcbn28hpcplusbwp30p140hvt
                                                           n, S
image_mem/mem_reg[50][2]  SDFQD0BWP30P140HVT
                                          tcbn28hpcplusbwp30p140hvt
                                                           n, S
image_mem/mem_reg[50][3]  SDFQD0BWP30P140HVT
                                          tcbn28hpcplusbwp30p140hvt
                                                           n, S
image_mem/mem_reg[50][4]  SDFQD0BWP30P140HVT
                                          tcbn28hpcplusbwp30p140hvt
                                                           n, S
image_mem/mem_reg[50][5]  SDFQD0BWP30P140HVT
                                          tcbn28hpcplusbwp30p140hvt
                                                           n, S
image_mem/mem_reg[50][6]  SDFQD0BWP30P140HVT
                                          tcbn28hpcplusbwp30p140hvt
                                                           n, S
image_mem/mem_reg[50][7]  SDFQD0BWP30P140HVT
                                          tcbn28hpcplusbwp30p140hvt
                                                           n, S
image_mem/mem_reg[51][0]  SDFQND0BWP30P140HVT
                                          tcbn28hpcplusbwp30p140hvt
                                                           n, S
image_mem/mem_reg[51][1]  SDFQND0BWP30P140HVT
                                          tcbn28hpcplusbwp30p140hvt
                                                           n, S
image_mem/mem_reg[51][2]  SDFQND0BWP30P140HVT
                                          tcbn28hpcplusbwp30p140hvt
                                                           n, S
image_mem/mem_reg[51][3]  SDFQND0BWP30P140HVT
                                          tcbn28hpcplusbwp30p140hvt
                                                           n, S
image_mem/mem_reg[51][4]  SDFQND0BWP30P140HVT
                                          tcbn28hpcplusbwp30p140hvt
                                                           n, S
image_mem/mem_reg[51][5]  SDFQND0BWP30P140HVT
                                          tcbn28hpcplusbwp30p140hvt
                                                           n, S
image_mem/mem_reg[51][6]  SDFQND0BWP30P140HVT
                                          tcbn28hpcplusbwp30p140hvt
                                                           n, S
image_mem/mem_reg[51][7]  SDFQND0BWP30P140HVT
                                          tcbn28hpcplusbwp30p140hvt
                                                           n, S
image_mem/mem_reg[52][0]  SDFQND0BWP30P140HVT
                                          tcbn28hpcplusbwp30p140hvt
                                                           n, S
image_mem/mem_reg[52][1]  SDFQND0BWP30P140HVT
                                          tcbn28hpcplusbwp30p140hvt
                                                           n, S
image_mem/mem_reg[52][2]  SDFQND0BWP30P140HVT
                                          tcbn28hpcplusbwp30p140hvt
                                                           n, S
image_mem/mem_reg[52][3]  SDFQND0BWP30P140HVT
                                          tcbn28hpcplusbwp30p140hvt
                                                           n, S
image_mem/mem_reg[52][4]  SDFQND0BWP30P140HVT
                                          tcbn28hpcplusbwp30p140hvt
                                                           n, S
image_mem/mem_reg[52][5]  SDFQND0BWP30P140HVT
                                          tcbn28hpcplusbwp30p140hvt
                                                           n, S
image_mem/mem_reg[52][6]  SDFQND0BWP30P140HVT
                                          tcbn28hpcplusbwp30p140hvt
                                                           n, S
image_mem/mem_reg[52][7]  SDFQND0BWP30P140HVT
                                          tcbn28hpcplusbwp30p140hvt
                                                           n, S
image_mem/mem_reg[53][0]  SDFQND0BWP30P140HVT
                                          tcbn28hpcplusbwp30p140hvt
                                                           n, S
image_mem/mem_reg[53][1]  SDFQND0BWP30P140HVT
                                          tcbn28hpcplusbwp30p140hvt
                                                           n, S
image_mem/mem_reg[53][2]  SDFQND0BWP30P140HVT
                                          tcbn28hpcplusbwp30p140hvt
                                                           n, S
image_mem/mem_reg[53][3]  SDFQND0BWP30P140HVT
                                          tcbn28hpcplusbwp30p140hvt
                                                           n, S
image_mem/mem_reg[53][4]  SDFQND0BWP30P140HVT
                                          tcbn28hpcplusbwp30p140hvt
                                                           n, S
image_mem/mem_reg[53][5]  SDFQND0BWP30P140HVT
                                          tcbn28hpcplusbwp30p140hvt
                                                           n, S
image_mem/mem_reg[53][6]  SDFQND0BWP30P140HVT
                                          tcbn28hpcplusbwp30p140hvt
                                                           n, S
image_mem/mem_reg[53][7]  SDFQND0BWP30P140HVT
                                          tcbn28hpcplusbwp30p140hvt
                                                           n, S
image_mem/mem_reg[54][0]  SDFQD0BWP30P140HVT
                                          tcbn28hpcplusbwp30p140hvt
                                                           n, S
image_mem/mem_reg[54][1]  SDFQD0BWP30P140HVT
                                          tcbn28hpcplusbwp30p140hvt
                                                           n, S
image_mem/mem_reg[54][2]  SDFQD0BWP30P140HVT
                                          tcbn28hpcplusbwp30p140hvt
                                                           n, S
image_mem/mem_reg[54][3]  SDFQD0BWP30P140HVT
                                          tcbn28hpcplusbwp30p140hvt
                                                           n, S
image_mem/mem_reg[54][4]  SDFQD0BWP30P140HVT
                                          tcbn28hpcplusbwp30p140hvt
                                                           n, S
image_mem/mem_reg[54][5]  SDFQD0BWP30P140HVT
                                          tcbn28hpcplusbwp30p140hvt
                                                           n, S
image_mem/mem_reg[54][6]  SDFQD0BWP30P140HVT
                                          tcbn28hpcplusbwp30p140hvt
                                                           n, S
image_mem/mem_reg[54][7]  SDFQD0BWP30P140HVT
                                          tcbn28hpcplusbwp30p140hvt
                                                           n, S
image_mem/mem_reg[55][0]  SDFQND0BWP30P140HVT
                                          tcbn28hpcplusbwp30p140hvt
                                                           n, S
image_mem/mem_reg[55][1]  SDFQND0BWP30P140HVT
                                          tcbn28hpcplusbwp30p140hvt
                                                           n, S
image_mem/mem_reg[55][2]  SDFQND0BWP30P140HVT
                                          tcbn28hpcplusbwp30p140hvt
                                                           n, S
image_mem/mem_reg[55][3]  SDFQND0BWP30P140HVT
                                          tcbn28hpcplusbwp30p140hvt
                                                           n, S
image_mem/mem_reg[55][4]  SDFQND0BWP30P140HVT
                                          tcbn28hpcplusbwp30p140hvt
                                                           n, S
image_mem/mem_reg[55][5]  SDFQND0BWP30P140HVT
                                          tcbn28hpcplusbwp30p140hvt
                                                           n, S
image_mem/mem_reg[55][6]  SDFQND0BWP30P140HVT
                                          tcbn28hpcplusbwp30p140hvt
                                                           n, S
image_mem/mem_reg[55][7]  SDFQND0BWP30P140HVT
                                          tcbn28hpcplusbwp30p140hvt
                                                           n, S
image_mem/mem_reg[56][0]  SDFQND0BWP30P140HVT
                                          tcbn28hpcplusbwp30p140hvt
                                                           n, S
image_mem/mem_reg[56][1]  SDFQND0BWP30P140HVT
                                          tcbn28hpcplusbwp30p140hvt
                                                           n, S
image_mem/mem_reg[56][2]  SDFQND0BWP30P140HVT
                                          tcbn28hpcplusbwp30p140hvt
                                                           n, S
image_mem/mem_reg[56][3]  SDFQND0BWP30P140HVT
                                          tcbn28hpcplusbwp30p140hvt
                                                           n, S
image_mem/mem_reg[56][4]  SDFQND0BWP30P140HVT
                                          tcbn28hpcplusbwp30p140hvt
                                                           n, S
image_mem/mem_reg[56][5]  SDFQND0BWP30P140HVT
                                          tcbn28hpcplusbwp30p140hvt
                                                           n, S
image_mem/mem_reg[56][6]  SDFQND0BWP30P140HVT
                                          tcbn28hpcplusbwp30p140hvt
                                                           n, S
image_mem/mem_reg[56][7]  SDFQND0BWP30P140HVT
                                          tcbn28hpcplusbwp30p140hvt
                                                           n, S
image_mem/mem_reg[57][0]  SDFQND0BWP30P140HVT
                                          tcbn28hpcplusbwp30p140hvt
                                                           n, S
image_mem/mem_reg[57][1]  SDFQND0BWP30P140HVT
                                          tcbn28hpcplusbwp30p140hvt
                                                           n, S
image_mem/mem_reg[57][2]  SDFQND0BWP30P140HVT
                                          tcbn28hpcplusbwp30p140hvt
                                                           n, S
image_mem/mem_reg[57][3]  SDFQND0BWP30P140HVT
                                          tcbn28hpcplusbwp30p140hvt
                                                           n, S
image_mem/mem_reg[57][4]  SDFQND0BWP30P140HVT
                                          tcbn28hpcplusbwp30p140hvt
                                                           n, S
image_mem/mem_reg[57][5]  SDFQND0BWP30P140HVT
                                          tcbn28hpcplusbwp30p140hvt
                                                           n, S
image_mem/mem_reg[57][6]  SDFQND0BWP30P140HVT
                                          tcbn28hpcplusbwp30p140hvt
                                                           n, S
image_mem/mem_reg[57][7]  SDFQND0BWP30P140HVT
                                          tcbn28hpcplusbwp30p140hvt
                                                           n, S
image_mem/mem_reg[58][0]  SDFQD0BWP30P140HVT
                                          tcbn28hpcplusbwp30p140hvt
                                                           n, S
image_mem/mem_reg[58][1]  SDFQD0BWP30P140HVT
                                          tcbn28hpcplusbwp30p140hvt
                                                           n, S
image_mem/mem_reg[58][2]  SDFQD0BWP30P140HVT
                                          tcbn28hpcplusbwp30p140hvt
                                                           n, S
image_mem/mem_reg[58][3]  SDFQD0BWP30P140HVT
                                          tcbn28hpcplusbwp30p140hvt
                                                           n, S
image_mem/mem_reg[58][4]  SDFQD0BWP30P140HVT
                                          tcbn28hpcplusbwp30p140hvt
                                                           n, S
image_mem/mem_reg[58][5]  SDFQD0BWP30P140HVT
                                          tcbn28hpcplusbwp30p140hvt
                                                           n, S
image_mem/mem_reg[58][6]  SDFQD0BWP30P140HVT
                                          tcbn28hpcplusbwp30p140hvt
                                                           n, S
image_mem/mem_reg[58][7]  SDFQD0BWP30P140HVT
                                          tcbn28hpcplusbwp30p140hvt
                                                           n, S
image_mem/mem_reg[59][0]  SDFQD0BWP30P140HVT
                                          tcbn28hpcplusbwp30p140hvt
                                                           n, S
image_mem/mem_reg[59][1]  SDFQD0BWP30P140HVT
                                          tcbn28hpcplusbwp30p140hvt
                                                           n, S
image_mem/mem_reg[59][2]  SDFQD0BWP30P140HVT
                                          tcbn28hpcplusbwp30p140hvt
                                                           n, S
image_mem/mem_reg[59][3]  SDFQD0BWP30P140HVT
                                          tcbn28hpcplusbwp30p140hvt
                                                           n, S
image_mem/mem_reg[59][4]  SDFQD0BWP30P140HVT
                                          tcbn28hpcplusbwp30p140hvt
                                                           n, S
image_mem/mem_reg[59][5]  SDFQD0BWP30P140HVT
                                          tcbn28hpcplusbwp30p140hvt
                                                           n, S
image_mem/mem_reg[59][6]  SDFQD0BWP30P140HVT
                                          tcbn28hpcplusbwp30p140hvt
                                                           n, S
image_mem/mem_reg[59][7]  SDFQD0BWP30P140HVT
                                          tcbn28hpcplusbwp30p140hvt
                                                           n, S
image_mem/mem_reg[5][0]   SDFQD0BWP30P140HVT
                                          tcbn28hpcplusbwp30p140hvt
                                                           n, S
image_mem/mem_reg[5][1]   SDFQD0BWP30P140HVT
                                          tcbn28hpcplusbwp30p140hvt
                                                           n, S
image_mem/mem_reg[5][2]   SDFQD0BWP30P140HVT
                                          tcbn28hpcplusbwp30p140hvt
                                                           n, S
image_mem/mem_reg[5][3]   SDFQD0BWP30P140HVT
                                          tcbn28hpcplusbwp30p140hvt
                                                           n, S
image_mem/mem_reg[5][4]   SDFQD0BWP30P140HVT
                                          tcbn28hpcplusbwp30p140hvt
                                                           n, S
image_mem/mem_reg[5][5]   SDFQD0BWP30P140HVT
                                          tcbn28hpcplusbwp30p140hvt
                                                           n, S
image_mem/mem_reg[5][6]   SDFQD0BWP30P140HVT
                                          tcbn28hpcplusbwp30p140hvt
                                                           n, S
image_mem/mem_reg[5][7]   SDFQD0BWP30P140HVT
                                          tcbn28hpcplusbwp30p140hvt
                                                           n, S
image_mem/mem_reg[60][0]  SDFQND0BWP30P140HVT
                                          tcbn28hpcplusbwp30p140hvt
                                                           n, S
image_mem/mem_reg[60][1]  SDFQND0BWP30P140HVT
                                          tcbn28hpcplusbwp30p140hvt
                                                           n, S
image_mem/mem_reg[60][2]  SDFQND0BWP30P140HVT
                                          tcbn28hpcplusbwp30p140hvt
                                                           n, S
image_mem/mem_reg[60][3]  SDFQND0BWP30P140HVT
                                          tcbn28hpcplusbwp30p140hvt
                                                           n, S
image_mem/mem_reg[60][4]  SDFQND0BWP30P140HVT
                                          tcbn28hpcplusbwp30p140hvt
                                                           n, S
image_mem/mem_reg[60][5]  SDFQND0BWP30P140HVT
                                          tcbn28hpcplusbwp30p140hvt
                                                           n, S
image_mem/mem_reg[60][6]  SDFQND0BWP30P140HVT
                                          tcbn28hpcplusbwp30p140hvt
                                                           n, S
image_mem/mem_reg[60][7]  SDFQND0BWP30P140HVT
                                          tcbn28hpcplusbwp30p140hvt
                                                           n, S
image_mem/mem_reg[61][0]  SDFQND0BWP30P140HVT
                                          tcbn28hpcplusbwp30p140hvt
                                                           n, S
image_mem/mem_reg[61][1]  SDFQND0BWP30P140HVT
                                          tcbn28hpcplusbwp30p140hvt
                                                           n, S
image_mem/mem_reg[61][2]  SDFQND0BWP30P140HVT
                                          tcbn28hpcplusbwp30p140hvt
                                                           n, S
image_mem/mem_reg[61][3]  SDFQND0BWP30P140HVT
                                          tcbn28hpcplusbwp30p140hvt
                                                           n, S
image_mem/mem_reg[61][4]  SDFQND0BWP30P140HVT
                                          tcbn28hpcplusbwp30p140hvt
                                                           n, S
image_mem/mem_reg[61][5]  SDFQND0BWP30P140HVT
                                          tcbn28hpcplusbwp30p140hvt
                                                           n, S
image_mem/mem_reg[61][6]  SDFQND0BWP30P140HVT
                                          tcbn28hpcplusbwp30p140hvt
                                                           n, S
image_mem/mem_reg[61][7]  SDFQND0BWP30P140HVT
                                          tcbn28hpcplusbwp30p140hvt
                                                           n, S
image_mem/mem_reg[62][0]  SDFQND0BWP30P140HVT
                                          tcbn28hpcplusbwp30p140hvt
                                                           n, S
image_mem/mem_reg[62][1]  SDFQND0BWP30P140HVT
                                          tcbn28hpcplusbwp30p140hvt
                                                           n, S
image_mem/mem_reg[62][2]  SDFQND0BWP30P140HVT
                                          tcbn28hpcplusbwp30p140hvt
                                                           n, S
image_mem/mem_reg[62][3]  SDFQND0BWP30P140HVT
                                          tcbn28hpcplusbwp30p140hvt
                                                           n, S
image_mem/mem_reg[62][4]  SDFQND0BWP30P140HVT
                                          tcbn28hpcplusbwp30p140hvt
                                                           n, S
image_mem/mem_reg[62][5]  SDFQND0BWP30P140HVT
                                          tcbn28hpcplusbwp30p140hvt
                                                           n, S
image_mem/mem_reg[62][6]  SDFQND0BWP30P140HVT
                                          tcbn28hpcplusbwp30p140hvt
                                                           n, S
image_mem/mem_reg[62][7]  SDFQND0BWP30P140HVT
                                          tcbn28hpcplusbwp30p140hvt
                                                           n, S
image_mem/mem_reg[63][0]  SDFQND0BWP30P140HVT
                                          tcbn28hpcplusbwp30p140hvt
                                                           n, S
image_mem/mem_reg[63][1]  SDFQND0BWP30P140HVT
                                          tcbn28hpcplusbwp30p140hvt
                                                           n, S
image_mem/mem_reg[63][2]  SDFQND0BWP30P140HVT
                                          tcbn28hpcplusbwp30p140hvt
                                                           n, S
image_mem/mem_reg[63][3]  SDFQND0BWP30P140HVT
                                          tcbn28hpcplusbwp30p140hvt
                                                           n, S
image_mem/mem_reg[63][4]  SDFQND0BWP30P140HVT
                                          tcbn28hpcplusbwp30p140hvt
                                                           n, S
image_mem/mem_reg[63][5]  SDFQND0BWP30P140HVT
                                          tcbn28hpcplusbwp30p140hvt
                                                           n, S
image_mem/mem_reg[63][6]  SDFQND0BWP30P140HVT
                                          tcbn28hpcplusbwp30p140hvt
                                                           n, S
image_mem/mem_reg[63][7]  SDFQND0BWP30P140HVT
                                          tcbn28hpcplusbwp30p140hvt
                                                           n, S
image_mem/mem_reg[6][0]   SDFQD0BWP30P140HVT
                                          tcbn28hpcplusbwp30p140hvt
                                                           n, S
image_mem/mem_reg[6][1]   SDFQD0BWP30P140HVT
                                          tcbn28hpcplusbwp30p140hvt
                                                           n, S
image_mem/mem_reg[6][2]   SDFQD0BWP30P140HVT
                                          tcbn28hpcplusbwp30p140hvt
                                                           n, S
image_mem/mem_reg[6][3]   SDFQD0BWP30P140HVT
                                          tcbn28hpcplusbwp30p140hvt
                                                           n, S
image_mem/mem_reg[6][4]   SDFQD0BWP30P140HVT
                                          tcbn28hpcplusbwp30p140hvt
                                                           n, S
image_mem/mem_reg[6][5]   SDFQD0BWP30P140HVT
                                          tcbn28hpcplusbwp30p140hvt
                                                           n, S
image_mem/mem_reg[6][6]   SDFQD0BWP30P140HVT
                                          tcbn28hpcplusbwp30p140hvt
                                                           n, S
image_mem/mem_reg[6][7]   SDFQD0BWP30P140HVT
                                          tcbn28hpcplusbwp30p140hvt
                                                           n, S
image_mem/mem_reg[7][0]   SDFQD0BWP30P140HVT
                                          tcbn28hpcplusbwp30p140hvt
                                                           n, S
image_mem/mem_reg[7][1]   SDFQD0BWP30P140HVT
                                          tcbn28hpcplusbwp30p140hvt
                                                           n, S
image_mem/mem_reg[7][2]   SDFQD0BWP30P140HVT
                                          tcbn28hpcplusbwp30p140hvt
                                                           n, S
image_mem/mem_reg[7][3]   SDFQD0BWP30P140HVT
                                          tcbn28hpcplusbwp30p140hvt
                                                           n, S
image_mem/mem_reg[7][4]   SDFQD0BWP30P140HVT
                                          tcbn28hpcplusbwp30p140hvt
                                                           n, S
image_mem/mem_reg[7][5]   SDFQD0BWP30P140HVT
                                          tcbn28hpcplusbwp30p140hvt
                                                           n, S
image_mem/mem_reg[7][6]   SDFQD0BWP30P140HVT
                                          tcbn28hpcplusbwp30p140hvt
                                                           n, S
image_mem/mem_reg[7][7]   SDFQD0BWP30P140HVT
                                          tcbn28hpcplusbwp30p140hvt
                                                           n, S
image_mem/mem_reg[8][0]   SDFQD0BWP30P140HVT
                                          tcbn28hpcplusbwp30p140hvt
                                                           n, S
image_mem/mem_reg[8][1]   SDFQD0BWP30P140HVT
                                          tcbn28hpcplusbwp30p140hvt
                                                           n, S
image_mem/mem_reg[8][2]   SDFQD0BWP30P140HVT
                                          tcbn28hpcplusbwp30p140hvt
                                                           n, S
image_mem/mem_reg[8][3]   SDFQD0BWP30P140HVT
                                          tcbn28hpcplusbwp30p140hvt
                                                           n, S
image_mem/mem_reg[8][4]   SDFQD0BWP30P140HVT
                                          tcbn28hpcplusbwp30p140hvt
                                                           n, S
image_mem/mem_reg[8][5]   SDFQD0BWP30P140HVT
                                          tcbn28hpcplusbwp30p140hvt
                                                           n, S
image_mem/mem_reg[8][6]   SDFQD0BWP30P140HVT
                                          tcbn28hpcplusbwp30p140hvt
                                                           n, S
image_mem/mem_reg[8][7]   SDFQD0BWP30P140HVT
                                          tcbn28hpcplusbwp30p140hvt
                                                           n, S
image_mem/mem_reg[9][0]   SDFQD0BWP30P140HVT
                                          tcbn28hpcplusbwp30p140hvt
                                                           n, S
image_mem/mem_reg[9][1]   SDFQD0BWP30P140HVT
                                          tcbn28hpcplusbwp30p140hvt
                                                           n, S
image_mem/mem_reg[9][2]   SDFQD0BWP30P140HVT
                                          tcbn28hpcplusbwp30p140hvt
                                                           n, S
image_mem/mem_reg[9][3]   SDFQD0BWP30P140HVT
                                          tcbn28hpcplusbwp30p140hvt
                                                           n, S
image_mem/mem_reg[9][4]   SDFQD0BWP30P140HVT
                                          tcbn28hpcplusbwp30p140hvt
                                                           n, S
image_mem/mem_reg[9][5]   SDFQD0BWP30P140HVT
                                          tcbn28hpcplusbwp30p140hvt
                                                           n, S
image_mem/mem_reg[9][6]   SDFQD0BWP30P140HVT
                                          tcbn28hpcplusbwp30p140hvt
                                                           n, S
image_mem/mem_reg[9][7]   SDFQD0BWP30P140HVT
                                          tcbn28hpcplusbwp30p140hvt
                                                           n, S
io_inst/read_phase_reg    SDFQD0BWP30P140HVT
                                          tcbn28hpcplusbwp30p140hvt
                                                           n, S
mac_inst/acc_register_reg[0]
                          SDFQD0BWP30P140HVT
                                          tcbn28hpcplusbwp30p140hvt
                                                           n, S
mac_inst/acc_register_reg[10]
                          SDFQD0BWP30P140HVT
                                          tcbn28hpcplusbwp30p140hvt
                                                           n, S
mac_inst/acc_register_reg[11]
                          SDFQD0BWP30P140HVT
                                          tcbn28hpcplusbwp30p140hvt
                                                           n, S
mac_inst/acc_register_reg[12]
                          SDFQD0BWP30P140HVT
                                          tcbn28hpcplusbwp30p140hvt
                                                           n, S
mac_inst/acc_register_reg[13]
                          SDFQD0BWP30P140HVT
                                          tcbn28hpcplusbwp30p140hvt
                                                           n, S
mac_inst/acc_register_reg[14]
                          SDFQD0BWP30P140HVT
                                          tcbn28hpcplusbwp30p140hvt
                                                           n, S
mac_inst/acc_register_reg[15]
                          SDFQD0BWP30P140HVT
                                          tcbn28hpcplusbwp30p140hvt
                                                           n, S
mac_inst/acc_register_reg[16]
                          SDFQD0BWP30P140HVT
                                          tcbn28hpcplusbwp30p140hvt
                                                           n, S
mac_inst/acc_register_reg[17]
                          SDFQD0BWP30P140HVT
                                          tcbn28hpcplusbwp30p140hvt
                                                           n, S
mac_inst/acc_register_reg[18]
                          SDFQD0BWP30P140HVT
                                          tcbn28hpcplusbwp30p140hvt
                                                           n, S
mac_inst/acc_register_reg[19]
                          SDFQD0BWP30P140HVT
                                          tcbn28hpcplusbwp30p140hvt
                                                           n, S
mac_inst/acc_register_reg[1]
                          SDFQD0BWP30P140HVT
                                          tcbn28hpcplusbwp30p140hvt
                                                           n, S
mac_inst/acc_register_reg[20]
                          SDFQD0BWP30P140HVT
                                          tcbn28hpcplusbwp30p140hvt
                                                           n, S
mac_inst/acc_register_reg[21]
                          SDFQD0BWP30P140HVT
                                          tcbn28hpcplusbwp30p140hvt
                                                           n, S
mac_inst/acc_register_reg[2]
                          SDFQD0BWP30P140HVT
                                          tcbn28hpcplusbwp30p140hvt
                                                           n, S
mac_inst/acc_register_reg[3]
                          SDFQD0BWP30P140HVT
                                          tcbn28hpcplusbwp30p140hvt
                                                           n, S
mac_inst/acc_register_reg[4]
                          SDFQD0BWP30P140HVT
                                          tcbn28hpcplusbwp30p140hvt
                                                           n, S
mac_inst/acc_register_reg[5]
                          SDFQD0BWP30P140HVT
                                          tcbn28hpcplusbwp30p140hvt
                                                           n, S
mac_inst/acc_register_reg[6]
                          SDFQD0BWP30P140HVT
                                          tcbn28hpcplusbwp30p140hvt
                                                           n, S
mac_inst/acc_register_reg[7]
                          SDFQD0BWP30P140HVT
                                          tcbn28hpcplusbwp30p140hvt
                                                           n, S
mac_inst/acc_register_reg[8]
                          SDFQD0BWP30P140HVT
                                          tcbn28hpcplusbwp30p140hvt
                                                           n, S
mac_inst/acc_register_reg[9]
                          SDFQD0BWP30P140HVT
                                          tcbn28hpcplusbwp30p140hvt
                                                           n, S
mac_inst/add_40/U_10      FA1D1BWP30P140HVT
                                          tcbn28hpcplusbwp30p140hvt
mac_inst/add_40/U_13      FA1D0BWP30P140HVT
                                          tcbn28hpcplusbwp30p140hvt
mac_inst/add_40/U_15      FA1D0BWP30P140HVT
                                          tcbn28hpcplusbwp30p140hvt
mac_inst/add_40/U_18      FA1D0BWP30P140HVT
                                          tcbn28hpcplusbwp30p140hvt
mac_inst/add_40/U_20      FA1D0BWP30P140HVT
                                          tcbn28hpcplusbwp30p140hvt
mac_inst/add_40/U_23      FA1D0BWP30P140HVT
                                          tcbn28hpcplusbwp30p140hvt
mac_inst/add_40/U_25      FA1D0BWP30P140HVT
                                          tcbn28hpcplusbwp30p140hvt
mac_inst/add_40/U_28      FA1D0BWP30P140HVT
                                          tcbn28hpcplusbwp30p140hvt
mac_inst/add_40/U_3       FA1D1BWP30P140HVT
                                          tcbn28hpcplusbwp30p140hvt
mac_inst/add_40/U_30      FA1D0BWP30P140HVT
                                          tcbn28hpcplusbwp30p140hvt
mac_inst/add_40/U_33      FA1D0BWP30P140HVT
                                          tcbn28hpcplusbwp30p140hvt
mac_inst/add_40/U_35      FA1D0BWP30P140HVT
                                          tcbn28hpcplusbwp30p140hvt
mac_inst/add_40/U_38      FA1D0BWP30P140HVT
                                          tcbn28hpcplusbwp30p140hvt
mac_inst/add_40/U_5       FA1D1BWP30P140HVT
                                          tcbn28hpcplusbwp30p140hvt
mac_inst/add_40/U_8       FA1D1BWP30P140HVT
                                          tcbn28hpcplusbwp30p140hvt
mac_inst/add_40/ctmi_14396
                          ND2D0BWP30P140HVT
                                          tcbn28hpcplusbwp30p140hvt
mac_inst/add_40/ctmi_14397
                          ND2D0BWP30P140HVT
                                          tcbn28hpcplusbwp30p140hvt
mac_inst/add_40/ctmi_14398
                          AN2D1BWP30P140HVT
                                          tcbn28hpcplusbwp30p140hvt
mac_inst/add_40/ctmi_14400
                          IAO21D0BWP30P140HVT
                                          tcbn28hpcplusbwp30p140hvt
mac_inst/add_40/ctmi_14405
                          ND2D0BWP30P140HVT
                                          tcbn28hpcplusbwp30p140hvt
mac_inst/mul_register_reg[0]
                          SDFQD0BWP30P140HVT
                                          tcbn28hpcplusbwp30p140hvt
                                                           n, S
mac_inst/mul_register_reg[10]
                          SDFQD0BWP30P140HVT
                                          tcbn28hpcplusbwp30p140hvt
                                                           n, S
mac_inst/mul_register_reg[11]
                          SDFQD0BWP30P140HVT
                                          tcbn28hpcplusbwp30p140hvt
                                                           n, S
mac_inst/mul_register_reg[12]
                          SDFQD0BWP30P140HVT
                                          tcbn28hpcplusbwp30p140hvt
                                                           n, S
mac_inst/mul_register_reg[13]
                          SDFQD0BWP30P140HVT
                                          tcbn28hpcplusbwp30p140hvt
                                                           n, S
mac_inst/mul_register_reg[14]
                          SDFQD0BWP30P140HVT
                                          tcbn28hpcplusbwp30p140hvt
                                                           n, S
mac_inst/mul_register_reg[15]
                          SDFQD0BWP30P140HVT
                                          tcbn28hpcplusbwp30p140hvt
                                                           n, S
mac_inst/mul_register_reg[1]
                          SDFQD0BWP30P140HVT
                                          tcbn28hpcplusbwp30p140hvt
                                                           n, S
mac_inst/mul_register_reg[2]
                          SDFQD0BWP30P140HVT
                                          tcbn28hpcplusbwp30p140hvt
                                                           n, S
mac_inst/mul_register_reg[3]
                          SDFQD0BWP30P140HVT
                                          tcbn28hpcplusbwp30p140hvt
                                                           n, S
mac_inst/mul_register_reg[4]
                          SDFQD0BWP30P140HVT
                                          tcbn28hpcplusbwp30p140hvt
                                                           n, S
mac_inst/mul_register_reg[5]
                          SDFQD0BWP30P140HVT
                                          tcbn28hpcplusbwp30p140hvt
                                                           n, S
mac_inst/mul_register_reg[6]
                          SDFQD0BWP30P140HVT
                                          tcbn28hpcplusbwp30p140hvt
                                                           n, S
mac_inst/mul_register_reg[7]
                          SDFQD0BWP30P140HVT
                                          tcbn28hpcplusbwp30p140hvt
                                                           n, S
mac_inst/mul_register_reg[8]
                          SDFQD0BWP30P140HVT
                                          tcbn28hpcplusbwp30p140hvt
                                                           n, S
mac_inst/mul_register_reg[9]
                          SDFQD0BWP30P140HVT
                                          tcbn28hpcplusbwp30p140hvt
                                                           n, S
mac_inst/mult_22/U_100    FA1D0BWP30P140HVT
                                          tcbn28hpcplusbwp30p140hvt
mac_inst/mult_22/U_102    FA1D0BWP30P140HVT
                                          tcbn28hpcplusbwp30p140hvt
mac_inst/mult_22/U_103    FA1D0BWP30P140HVT
                                          tcbn28hpcplusbwp30p140hvt
mac_inst/mult_22/U_104    FA1D0BWP30P140HVT
                                          tcbn28hpcplusbwp30p140hvt
mac_inst/mult_22/U_105    FA1D0BWP30P140HVT
                                          tcbn28hpcplusbwp30p140hvt
mac_inst/mult_22/U_106    FA1D0BWP30P140HVT
                                          tcbn28hpcplusbwp30p140hvt
mac_inst/mult_22/U_107    FA1D0BWP30P140HVT
                                          tcbn28hpcplusbwp30p140hvt
mac_inst/mult_22/U_108    FA1D0BWP30P140HVT
                                          tcbn28hpcplusbwp30p140hvt
mac_inst/mult_22/U_109    FA1D0BWP30P140HVT
                                          tcbn28hpcplusbwp30p140hvt
mac_inst/mult_22/U_110    FA1D0BWP30P140HVT
                                          tcbn28hpcplusbwp30p140hvt
mac_inst/mult_22/U_111    FA1D0BWP30P140HVT
                                          tcbn28hpcplusbwp30p140hvt
mac_inst/mult_22/U_112    FA1D0BWP30P140HVT
                                          tcbn28hpcplusbwp30p140hvt
mac_inst/mult_22/U_113    FA1D0BWP30P140HVT
                                          tcbn28hpcplusbwp30p140hvt
mac_inst/mult_22/U_114    FA1D0BWP30P140HVT
                                          tcbn28hpcplusbwp30p140hvt
mac_inst/mult_22/U_115    FA1D0BWP30P140HVT
                                          tcbn28hpcplusbwp30p140hvt
mac_inst/mult_22/U_116    FA1D0BWP30P140HVT
                                          tcbn28hpcplusbwp30p140hvt
mac_inst/mult_22/U_117    FA1D0BWP30P140HVT
                                          tcbn28hpcplusbwp30p140hvt
mac_inst/mult_22/U_118    FA1D0BWP30P140HVT
                                          tcbn28hpcplusbwp30p140hvt
mac_inst/mult_22/U_119    FA1D0BWP30P140HVT
                                          tcbn28hpcplusbwp30p140hvt
mac_inst/mult_22/U_120    FA1D0BWP30P140HVT
                                          tcbn28hpcplusbwp30p140hvt
mac_inst/mult_22/U_121    FA1D0BWP30P140HVT
                                          tcbn28hpcplusbwp30p140hvt
mac_inst/mult_22/U_125    FA1D0BWP30P140HVT
                                          tcbn28hpcplusbwp30p140hvt
mac_inst/mult_22/U_127    FA1D0BWP30P140HVT
                                          tcbn28hpcplusbwp30p140hvt
mac_inst/mult_22/U_130    FA1D0BWP30P140HVT
                                          tcbn28hpcplusbwp30p140hvt
mac_inst/mult_22/U_132    FA1D0BWP30P140HVT
                                          tcbn28hpcplusbwp30p140hvt
mac_inst/mult_22/U_135    FA1D0BWP30P140HVT
                                          tcbn28hpcplusbwp30p140hvt
mac_inst/mult_22/U_137    FA1D0BWP30P140HVT
                                          tcbn28hpcplusbwp30p140hvt
mac_inst/mult_22/U_140    FA1D0BWP30P140HVT
                                          tcbn28hpcplusbwp30p140hvt
mac_inst/mult_22/U_142    FA1D0BWP30P140HVT
                                          tcbn28hpcplusbwp30p140hvt
mac_inst/mult_22/U_145    FA1D0BWP30P140HVT
                                          tcbn28hpcplusbwp30p140hvt
mac_inst/mult_22/U_147    FA1D0BWP30P140HVT
                                          tcbn28hpcplusbwp30p140hvt
mac_inst/mult_22/U_150    FA1D0BWP30P140HVT
                                          tcbn28hpcplusbwp30p140hvt
mac_inst/mult_22/U_152    FA1D0BWP30P140HVT
                                          tcbn28hpcplusbwp30p140hvt
mac_inst/mult_22/U_155    FA1D0BWP30P140HVT
                                          tcbn28hpcplusbwp30p140hvt
mac_inst/mult_22/U_82     FA1D0BWP30P140HVT
                                          tcbn28hpcplusbwp30p140hvt
mac_inst/mult_22/U_84     FA1D0BWP30P140HVT
                                          tcbn28hpcplusbwp30p140hvt
mac_inst/mult_22/U_85     FA1D0BWP30P140HVT
                                          tcbn28hpcplusbwp30p140hvt
mac_inst/mult_22/U_87     FA1D0BWP30P140HVT
                                          tcbn28hpcplusbwp30p140hvt
mac_inst/mult_22/U_88     FA1D0BWP30P140HVT
                                          tcbn28hpcplusbwp30p140hvt
mac_inst/mult_22/U_89     FA1D0BWP30P140HVT
                                          tcbn28hpcplusbwp30p140hvt
mac_inst/mult_22/U_91     FA1D0BWP30P140HVT
                                          tcbn28hpcplusbwp30p140hvt
mac_inst/mult_22/U_92     FA1D0BWP30P140HVT
                                          tcbn28hpcplusbwp30p140hvt
mac_inst/mult_22/U_93     FA1D0BWP30P140HVT
                                          tcbn28hpcplusbwp30p140hvt
mac_inst/mult_22/U_94     FA1D0BWP30P140HVT
                                          tcbn28hpcplusbwp30p140hvt
mac_inst/mult_22/U_96     FA1D0BWP30P140HVT
                                          tcbn28hpcplusbwp30p140hvt
mac_inst/mult_22/U_97     FA1D0BWP30P140HVT
                                          tcbn28hpcplusbwp30p140hvt
mac_inst/mult_22/U_98     FA1D0BWP30P140HVT
                                          tcbn28hpcplusbwp30p140hvt
mac_inst/mult_22/U_99     FA1D0BWP30P140HVT
                                          tcbn28hpcplusbwp30p140hvt
mac_inst/mult_22/ctmi_14300
                          AN2D0BWP30P140HVT
                                          tcbn28hpcplusbwp30p140hvt
mac_inst/mult_22/ctmi_14301
                          INR2D0BWP30P140HVT
                                          tcbn28hpcplusbwp30p140hvt
mac_inst/mult_22/ctmi_14302
                          ND2D0BWP30P140HVT
                                          tcbn28hpcplusbwp30p140hvt
mac_inst/mult_22/ctmi_14309
                          NR2D0BWP30P140HVT
                                          tcbn28hpcplusbwp30p140hvt
mac_inst/mult_22/ctmi_14310
                          ND2D0BWP30P140HVT
                                          tcbn28hpcplusbwp30p140hvt
mac_inst/mult_22/ctmi_14311
                          ND2D0BWP30P140HVT
                                          tcbn28hpcplusbwp30p140hvt
mac_inst/mult_22/ctmi_14317
                          NR2D0BWP30P140HVT
                                          tcbn28hpcplusbwp30p140hvt
mac_inst/mult_22/ctmi_14318
                          ND2D0BWP30P140HVT
                                          tcbn28hpcplusbwp30p140hvt
mac_inst/mult_22/ctmi_14319
                          ND2D0BWP30P140HVT
                                          tcbn28hpcplusbwp30p140hvt
mac_inst/mult_22/ctmi_14320
                          NR2D0BWP30P140HVT
                                          tcbn28hpcplusbwp30p140hvt
mac_inst/mult_22/ctmi_14321
                          ND2D0BWP30P140HVT
                                          tcbn28hpcplusbwp30p140hvt
mac_inst/mult_22/ctmi_14328
                          NR2D0BWP30P140HVT
                                          tcbn28hpcplusbwp30p140hvt
mac_inst/mult_22/ctmi_14329
                          ND2D0BWP30P140HVT
                                          tcbn28hpcplusbwp30p140hvt
mac_inst/mult_22/ctmi_14337
                          NR2D0BWP30P140HVT
                                          tcbn28hpcplusbwp30p140hvt
mac_inst/mult_22/ctmi_14338
                          ND2D0BWP30P140HVT
                                          tcbn28hpcplusbwp30p140hvt
mac_inst/mult_22/ctmi_14339
                          ND2D0BWP30P140HVT
                                          tcbn28hpcplusbwp30p140hvt
mac_inst/mult_22/ctmi_14348
                          NR2D0BWP30P140HVT
                                          tcbn28hpcplusbwp30p140hvt
mac_inst/mult_22/ctmi_14349
                          ND2D0BWP30P140HVT
                                          tcbn28hpcplusbwp30p140hvt
mac_inst/mult_22/ctmi_14350
                          ND2D0BWP30P140HVT
                                          tcbn28hpcplusbwp30p140hvt
mac_inst/mult_22/ctmi_14358
                          INR2D0BWP30P140HVT
                                          tcbn28hpcplusbwp30p140hvt
mac_inst/mult_22/ctmi_14381
                          AOI21D0BWP30P140HVT
                                          tcbn28hpcplusbwp30p140hvt
mac_inst/mult_22/ctmi_14382
                          XOR2UD0BWP30P140HVT
                                          tcbn28hpcplusbwp30p140hvt
mac_inst/mult_22/ctmi_14383
                          ND2D0BWP30P140HVT
                                          tcbn28hpcplusbwp30p140hvt
mac_inst/mult_22/ctmi_14384
                          XOR2UD0BWP30P140HVT
                                          tcbn28hpcplusbwp30p140hvt
mac_inst/mult_22/ctmi_14385
                          ND2D0BWP30P140HVT
                                          tcbn28hpcplusbwp30p140hvt
mac_inst/mult_22/ctmi_14386
                          XOR2UD0BWP30P140HVT
                                          tcbn28hpcplusbwp30p140hvt
mac_inst/mult_22/ctmi_14387
                          XOR2UD0BWP30P140HVT
                                          tcbn28hpcplusbwp30p140hvt
mac_inst/mult_22/ctmi_14388
                          ND2D0BWP30P140HVT
                                          tcbn28hpcplusbwp30p140hvt
mac_inst/mult_22/ctmi_14389
                          XOR2UD0BWP30P140HVT
                                          tcbn28hpcplusbwp30p140hvt
mac_inst/mult_22/ctmi_14390
                          ND2D0BWP30P140HVT
                                          tcbn28hpcplusbwp30p140hvt
mac_inst/mult_22/ctmi_14391
                          XOR2UD0BWP30P140HVT
                                          tcbn28hpcplusbwp30p140hvt
mac_inst/mult_22/ctmi_14392
                          XOR2UD0BWP30P140HVT
                                          tcbn28hpcplusbwp30p140hvt
mac_inst/mult_22/ctmi_14393
                          ND2D0BWP30P140HVT
                                          tcbn28hpcplusbwp30p140hvt
optlc_3238                TIELBWP30P140HVT
                                          tcbn28hpcplusbwp30p140hvt
optlc_3239                TIELBWP30P140HVT
                                          tcbn28hpcplusbwp30p140hvt
optlc_3240                TIELBWP30P140HVT
                                          tcbn28hpcplusbwp30p140hvt
optlc_3241                TIELBWP30P140HVT
                                          tcbn28hpcplusbwp30p140hvt
optlc_3242                TIELBWP30P140HVT
                                          tcbn28hpcplusbwp30p140hvt
optlc_3243                TIELBWP30P140HVT
                                          tcbn28hpcplusbwp30p140hvt
optlc_3244                TIELBWP30P140HVT
                                          tcbn28hpcplusbwp30p140hvt
optlc_3245                TIELBWP30P140HVT
                                          tcbn28hpcplusbwp30p140hvt
optlc_3246                TIELBWP30P140HVT
                                          tcbn28hpcplusbwp30p140hvt
optlc_3247                TIELBWP30P140HVT
                                          tcbn28hpcplusbwp30p140hvt
optlc_3248                TIELBWP30P140HVT
                                          tcbn28hpcplusbwp30p140hvt
optlc_3249                TIELBWP30P140HVT
                                          tcbn28hpcplusbwp30p140hvt
optlc_3250                TIELBWP30P140HVT
                                          tcbn28hpcplusbwp30p140hvt
optlc_3251                TIELBWP30P140HVT
                                          tcbn28hpcplusbwp30p140hvt
optlc_3253                TIELBWP30P140HVT
                                          tcbn28hpcplusbwp30p140hvt
optlc_3254                TIELBWP30P140HVT
                                          tcbn28hpcplusbwp30p140hvt
optlc_3255                TIELBWP30P140HVT
                                          tcbn28hpcplusbwp30p140hvt
optlc_3256                TIELBWP30P140HVT
                                          tcbn28hpcplusbwp30p140hvt
optlc_3257                TIELBWP30P140HVT
                                          tcbn28hpcplusbwp30p140hvt
optlc_3258                TIELBWP30P140HVT
                                          tcbn28hpcplusbwp30p140hvt
optlc_3259                TIELBWP30P140HVT
                                          tcbn28hpcplusbwp30p140hvt
optlc_3260                TIELBWP30P140HVT
                                          tcbn28hpcplusbwp30p140hvt
optlc_3261                TIELBWP30P140HVT
                                          tcbn28hpcplusbwp30p140hvt
optlc_3262                TIELBWP30P140HVT
                                          tcbn28hpcplusbwp30p140hvt
optlc_3263                TIELBWP30P140HVT
                                          tcbn28hpcplusbwp30p140hvt
optlc_3264                TIELBWP30P140HVT
                                          tcbn28hpcplusbwp30p140hvt
optlc_3265                TIELBWP30P140HVT
                                          tcbn28hpcplusbwp30p140hvt
optlc_3266                TIELBWP30P140HVT
                                          tcbn28hpcplusbwp30p140hvt
optlc_3267                TIELBWP30P140HVT
                                          tcbn28hpcplusbwp30p140hvt
optlc_3268                TIELBWP30P140HVT
                                          tcbn28hpcplusbwp30p140hvt
optlc_3269                TIELBWP30P140HVT
                                          tcbn28hpcplusbwp30p140hvt
optlc_3270                TIELBWP30P140HVT
                                          tcbn28hpcplusbwp30p140hvt
optlc_3271                TIELBWP30P140HVT
                                          tcbn28hpcplusbwp30p140hvt
optlc_3272                TIELBWP30P140HVT
                                          tcbn28hpcplusbwp30p140hvt
optlc_3273                TIELBWP30P140HVT
                                          tcbn28hpcplusbwp30p140hvt
optlc_3274                TIELBWP30P140HVT
                                          tcbn28hpcplusbwp30p140hvt
optlc_3275                TIELBWP30P140HVT
                                          tcbn28hpcplusbwp30p140hvt
optlc_3276                TIELBWP30P140HVT
                                          tcbn28hpcplusbwp30p140hvt
optlc_3277                TIELBWP30P140HVT
                                          tcbn28hpcplusbwp30p140hvt
optlc_3278                TIELBWP30P140HVT
                                          tcbn28hpcplusbwp30p140hvt
optlc_3279                TIELBWP30P140HVT
                                          tcbn28hpcplusbwp30p140hvt
optlc_3280                TIELBWP30P140HVT
                                          tcbn28hpcplusbwp30p140hvt
optlc_3281                TIELBWP30P140HVT
                                          tcbn28hpcplusbwp30p140hvt
optlc_3282                TIELBWP30P140HVT
                                          tcbn28hpcplusbwp30p140hvt
optlc_3283                TIELBWP30P140HVT
                                          tcbn28hpcplusbwp30p140hvt
optlc_3284                TIELBWP30P140HVT
                                          tcbn28hpcplusbwp30p140hvt
optlc_3285                TIELBWP30P140HVT
                                          tcbn28hpcplusbwp30p140hvt
optlc_3286                TIELBWP30P140HVT
                                          tcbn28hpcplusbwp30p140hvt
optlc_3287                TIELBWP30P140HVT
                                          tcbn28hpcplusbwp30p140hvt
optlc_3288                TIELBWP30P140HVT
                                          tcbn28hpcplusbwp30p140hvt
optlc_3289                TIELBWP30P140HVT
                                          tcbn28hpcplusbwp30p140hvt
optlc_3290                TIELBWP30P140HVT
                                          tcbn28hpcplusbwp30p140hvt
optlc_3291                TIELBWP30P140HVT
                                          tcbn28hpcplusbwp30p140hvt
optlc_3292                TIELBWP30P140HVT
                                          tcbn28hpcplusbwp30p140hvt
optlc_3293                TIELBWP30P140HVT
                                          tcbn28hpcplusbwp30p140hvt
optlc_3294                TIELBWP30P140HVT
                                          tcbn28hpcplusbwp30p140hvt
optlc_3295                TIELBWP30P140HVT
                                          tcbn28hpcplusbwp30p140hvt
optlc_3296                TIELBWP30P140HVT
                                          tcbn28hpcplusbwp30p140hvt
optlc_3297                TIELBWP30P140HVT
                                          tcbn28hpcplusbwp30p140hvt
optlc_3298                TIELBWP30P140HVT
                                          tcbn28hpcplusbwp30p140hvt
optlc_3299                TIELBWP30P140HVT
                                          tcbn28hpcplusbwp30p140hvt
optlc_3300                TIELBWP30P140HVT
                                          tcbn28hpcplusbwp30p140hvt
optlc_3301                TIELBWP30P140HVT
                                          tcbn28hpcplusbwp30p140hvt
optlc_3302                TIELBWP30P140HVT
                                          tcbn28hpcplusbwp30p140hvt
optlc_3303                TIELBWP30P140HVT
                                          tcbn28hpcplusbwp30p140hvt
optlc_3304                TIELBWP30P140HVT
                                          tcbn28hpcplusbwp30p140hvt
optlc_3305                TIELBWP30P140HVT
                                          tcbn28hpcplusbwp30p140hvt
optlc_3306                TIELBWP30P140HVT
                                          tcbn28hpcplusbwp30p140hvt
optlc_3307                TIELBWP30P140HVT
                                          tcbn28hpcplusbwp30p140hvt
optlc_3308                TIELBWP30P140HVT
                                          tcbn28hpcplusbwp30p140hvt
optlc_3309                TIELBWP30P140HVT
                                          tcbn28hpcplusbwp30p140hvt
optlc_3310                TIELBWP30P140HVT
                                          tcbn28hpcplusbwp30p140hvt
optlc_3311                TIELBWP30P140HVT
                                          tcbn28hpcplusbwp30p140hvt
optlc_3312                TIELBWP30P140HVT
                                          tcbn28hpcplusbwp30p140hvt
optlc_3313                TIELBWP30P140HVT
                                          tcbn28hpcplusbwp30p140hvt
optlc_3314                TIELBWP30P140HVT
                                          tcbn28hpcplusbwp30p140hvt
optlc_3315                TIELBWP30P140HVT
                                          tcbn28hpcplusbwp30p140hvt
optlc_3316                TIELBWP30P140HVT
                                          tcbn28hpcplusbwp30p140hvt
optlc_3317                TIELBWP30P140HVT
                                          tcbn28hpcplusbwp30p140hvt
optlc_3318                TIELBWP30P140HVT
                                          tcbn28hpcplusbwp30p140hvt
optlc_3319                TIELBWP30P140HVT
                                          tcbn28hpcplusbwp30p140hvt
optlc_3320                TIELBWP30P140HVT
                                          tcbn28hpcplusbwp30p140hvt
optlc_3321                TIELBWP30P140HVT
                                          tcbn28hpcplusbwp30p140hvt
optlc_3322                TIELBWP30P140HVT
                                          tcbn28hpcplusbwp30p140hvt
optlc_3323                TIELBWP30P140HVT
                                          tcbn28hpcplusbwp30p140hvt
optlc_3324                TIELBWP30P140HVT
                                          tcbn28hpcplusbwp30p140hvt
optlc_3325                TIELBWP30P140HVT
                                          tcbn28hpcplusbwp30p140hvt
optlc_3326                TIELBWP30P140HVT
                                          tcbn28hpcplusbwp30p140hvt
optlc_3327                TIELBWP30P140HVT
                                          tcbn28hpcplusbwp30p140hvt
optlc_3328                TIELBWP30P140HVT
                                          tcbn28hpcplusbwp30p140hvt
optlc_3329                TIELBWP30P140HVT
                                          tcbn28hpcplusbwp30p140hvt
optlc_3330                TIELBWP30P140HVT
                                          tcbn28hpcplusbwp30p140hvt
optlc_3331                TIELBWP30P140HVT
                                          tcbn28hpcplusbwp30p140hvt
optlc_3332                TIELBWP30P140HVT
                                          tcbn28hpcplusbwp30p140hvt
optlc_3333                TIELBWP30P140HVT
                                          tcbn28hpcplusbwp30p140hvt
optlc_3334                TIELBWP30P140HVT
                                          tcbn28hpcplusbwp30p140hvt
optlc_3335                TIELBWP30P140HVT
                                          tcbn28hpcplusbwp30p140hvt
optlc_3336                TIELBWP30P140HVT
                                          tcbn28hpcplusbwp30p140hvt
optlc_3337                TIELBWP30P140HVT
                                          tcbn28hpcplusbwp30p140hvt
optlc_3338                TIELBWP30P140HVT
                                          tcbn28hpcplusbwp30p140hvt
optlc_3339                TIELBWP30P140HVT
                                          tcbn28hpcplusbwp30p140hvt
optlc_3340                TIELBWP30P140HVT
                                          tcbn28hpcplusbwp30p140hvt
optlc_3341                TIELBWP30P140HVT
                                          tcbn28hpcplusbwp30p140hvt
optlc_3342                TIELBWP30P140HVT
                                          tcbn28hpcplusbwp30p140hvt
optlc_3343                TIELBWP30P140HVT
                                          tcbn28hpcplusbwp30p140hvt
optlc_3344                TIELBWP30P140HVT
                                          tcbn28hpcplusbwp30p140hvt
optlc_3345                TIELBWP30P140HVT
                                          tcbn28hpcplusbwp30p140hvt
optlc_3346                TIELBWP30P140HVT
                                          tcbn28hpcplusbwp30p140hvt
optlc_3347                TIELBWP30P140HVT
                                          tcbn28hpcplusbwp30p140hvt
optlc_3348                TIELBWP30P140HVT
                                          tcbn28hpcplusbwp30p140hvt
optlc_3349                TIELBWP30P140HVT
                                          tcbn28hpcplusbwp30p140hvt
optlc_3350                TIELBWP30P140HVT
                                          tcbn28hpcplusbwp30p140hvt
optlc_3351                TIELBWP30P140HVT
                                          tcbn28hpcplusbwp30p140hvt
optlc_3352                TIELBWP30P140HVT
                                          tcbn28hpcplusbwp30p140hvt
optlc_3353                TIELBWP30P140HVT
                                          tcbn28hpcplusbwp30p140hvt
optlc_3354                TIELBWP30P140HVT
                                          tcbn28hpcplusbwp30p140hvt
optlc_3355                TIELBWP30P140HVT
                                          tcbn28hpcplusbwp30p140hvt
optlc_3356                TIELBWP30P140HVT
                                          tcbn28hpcplusbwp30p140hvt
optlc_3357                TIELBWP30P140HVT
                                          tcbn28hpcplusbwp30p140hvt
optlc_3358                TIELBWP30P140HVT
                                          tcbn28hpcplusbwp30p140hvt
optlc_3359                TIELBWP30P140HVT
                                          tcbn28hpcplusbwp30p140hvt
optlc_3360                TIELBWP30P140HVT
                                          tcbn28hpcplusbwp30p140hvt
optlc_3361                TIELBWP30P140HVT
                                          tcbn28hpcplusbwp30p140hvt
optlc_3362                TIELBWP30P140HVT
                                          tcbn28hpcplusbwp30p140hvt
optlc_3363                TIELBWP30P140HVT
                                          tcbn28hpcplusbwp30p140hvt
optlc_3364                TIELBWP30P140HVT
                                          tcbn28hpcplusbwp30p140hvt
optlc_3365                TIELBWP30P140HVT
                                          tcbn28hpcplusbwp30p140hvt
optlc_3366                TIELBWP30P140HVT
                                          tcbn28hpcplusbwp30p140hvt
optlc_3367                TIELBWP30P140HVT
                                          tcbn28hpcplusbwp30p140hvt
optlc_3368                TIELBWP30P140HVT
                                          tcbn28hpcplusbwp30p140hvt
optlc_3369                TIELBWP30P140HVT
                                          tcbn28hpcplusbwp30p140hvt
optlc_3370                TIELBWP30P140HVT
                                          tcbn28hpcplusbwp30p140hvt
optlc_3371                TIELBWP30P140HVT
                                          tcbn28hpcplusbwp30p140hvt
optlc_3372                TIELBWP30P140HVT
                                          tcbn28hpcplusbwp30p140hvt
optlc_3373                TIELBWP30P140HVT
                                          tcbn28hpcplusbwp30p140hvt
optlc_3374                TIELBWP30P140HVT
                                          tcbn28hpcplusbwp30p140hvt
optlc_3375                TIELBWP30P140HVT
                                          tcbn28hpcplusbwp30p140hvt
optlc_3376                TIELBWP30P140HVT
                                          tcbn28hpcplusbwp30p140hvt
optlc_3377                TIELBWP30P140HVT
                                          tcbn28hpcplusbwp30p140hvt
optlc_3378                TIELBWP30P140HVT
                                          tcbn28hpcplusbwp30p140hvt
optlc_3379                TIELBWP30P140HVT
                                          tcbn28hpcplusbwp30p140hvt
optlc_3380                TIELBWP30P140HVT
                                          tcbn28hpcplusbwp30p140hvt
optlc_3381                TIELBWP30P140HVT
                                          tcbn28hpcplusbwp30p140hvt
optlc_3382                TIELBWP30P140HVT
                                          tcbn28hpcplusbwp30p140hvt
optlc_3383                TIELBWP30P140HVT
                                          tcbn28hpcplusbwp30p140hvt
optlc_3384                TIELBWP30P140HVT
                                          tcbn28hpcplusbwp30p140hvt
optlc_3385                TIELBWP30P140HVT
                                          tcbn28hpcplusbwp30p140hvt
optlc_3386                TIELBWP30P140HVT
                                          tcbn28hpcplusbwp30p140hvt
optlc_3387                TIELBWP30P140HVT
                                          tcbn28hpcplusbwp30p140hvt
optlc_3388                TIELBWP30P140HVT
                                          tcbn28hpcplusbwp30p140hvt
optlc_3389                TIELBWP30P140HVT
                                          tcbn28hpcplusbwp30p140hvt
optlc_3390                TIELBWP30P140HVT
                                          tcbn28hpcplusbwp30p140hvt
optlc_3391                TIELBWP30P140HVT
                                          tcbn28hpcplusbwp30p140hvt
optlc_3392                TIELBWP30P140HVT
                                          tcbn28hpcplusbwp30p140hvt
optlc_3393                TIELBWP30P140HVT
                                          tcbn28hpcplusbwp30p140hvt
optlc_3394                TIELBWP30P140HVT
                                          tcbn28hpcplusbwp30p140hvt
optlc_3395                TIELBWP30P140HVT
                                          tcbn28hpcplusbwp30p140hvt
optlc_3396                TIELBWP30P140HVT
                                          tcbn28hpcplusbwp30p140hvt
optlc_3397                TIELBWP30P140HVT
                                          tcbn28hpcplusbwp30p140hvt
optlc_3398                TIELBWP30P140HVT
                                          tcbn28hpcplusbwp30p140hvt
optlc_3399                TIELBWP30P140HVT
                                          tcbn28hpcplusbwp30p140hvt
optlc_3400                TIELBWP30P140HVT
                                          tcbn28hpcplusbwp30p140hvt
optlc_3401                TIELBWP30P140HVT
                                          tcbn28hpcplusbwp30p140hvt
optlc_3402                TIELBWP30P140HVT
                                          tcbn28hpcplusbwp30p140hvt
optlc_3403                TIELBWP30P140HVT
                                          tcbn28hpcplusbwp30p140hvt
optlc_3404                TIELBWP30P140HVT
                                          tcbn28hpcplusbwp30p140hvt
optlc_3405                TIELBWP30P140HVT
                                          tcbn28hpcplusbwp30p140hvt
optlc_3409                TIELBWP30P140HVT
                                          tcbn28hpcplusbwp30p140hvt
optlc_3410                TIELBWP30P140HVT
                                          tcbn28hpcplusbwp30p140hvt
phfnr_buf_1519            CKND0BWP30P140HVT
                                          tcbn28hpcplusbwp30p140hvt
phfnr_buf_1520            CKND0BWP30P140HVT
                                          tcbn28hpcplusbwp30p140hvt
phfnr_buf_1521            CKND0BWP30P140HVT
                                          tcbn28hpcplusbwp30p140hvt
phfnr_buf_1522            CKND0BWP30P140HVT
                                          tcbn28hpcplusbwp30p140hvt
phfnr_buf_1523            CKND0BWP30P140HVT
                                          tcbn28hpcplusbwp30p140hvt
phfnr_buf_1524            CKND0BWP30P140HVT
                                          tcbn28hpcplusbwp30p140hvt
phfnr_buf_1525            CKND0BWP30P140HVT
                                          tcbn28hpcplusbwp30p140hvt
phfnr_buf_1526            CKND0BWP30P140HVT
                                          tcbn28hpcplusbwp30p140hvt
phfnr_buf_1527            CKND0BWP30P140HVT
                                          tcbn28hpcplusbwp30p140hvt
phfnr_buf_1528            CKND0BWP30P140HVT
                                          tcbn28hpcplusbwp30p140hvt
phfnr_buf_1529            CKND0BWP30P140HVT
                                          tcbn28hpcplusbwp30p140hvt
phfnr_buf_1530            CKND0BWP30P140HVT
                                          tcbn28hpcplusbwp30p140hvt
phfnr_buf_1531            CKND0BWP30P140HVT
                                          tcbn28hpcplusbwp30p140hvt
phfnr_buf_1532            CKND0BWP30P140HVT
                                          tcbn28hpcplusbwp30p140hvt
phfnr_buf_1533            CKND0BWP30P140HVT
                                          tcbn28hpcplusbwp30p140hvt
phfnr_buf_1534            CKND0BWP30P140HVT
                                          tcbn28hpcplusbwp30p140hvt
phfnr_buf_1535            CKND0BWP30P140HVT
                                          tcbn28hpcplusbwp30p140hvt
phfnr_buf_1536            CKND0BWP30P140HVT
                                          tcbn28hpcplusbwp30p140hvt
phfnr_buf_1537            CKND0BWP30P140HVT
                                          tcbn28hpcplusbwp30p140hvt
phfnr_buf_1538            CKND0BWP30P140HVT
                                          tcbn28hpcplusbwp30p140hvt
phfnr_buf_1539            CKND0BWP30P140HVT
                                          tcbn28hpcplusbwp30p140hvt
phfnr_buf_1556            CKND0BWP30P140HVT
                                          tcbn28hpcplusbwp30p140hvt
phfnr_buf_1557            CKND0BWP30P140HVT
                                          tcbn28hpcplusbwp30p140hvt
phfnr_buf_1558            CKND0BWP30P140HVT
                                          tcbn28hpcplusbwp30p140hvt
phfnr_buf_1559            CKND0BWP30P140HVT
                                          tcbn28hpcplusbwp30p140hvt
phfnr_buf_1560            CKND0BWP30P140HVT
                                          tcbn28hpcplusbwp30p140hvt
phfnr_buf_1561            CKND0BWP30P140HVT
                                          tcbn28hpcplusbwp30p140hvt
phfnr_buf_1562            CKND0BWP30P140HVT
                                          tcbn28hpcplusbwp30p140hvt
phfnr_buf_1563            CKND0BWP30P140HVT
                                          tcbn28hpcplusbwp30p140hvt
phfnr_buf_1564            CKND0BWP30P140HVT
                                          tcbn28hpcplusbwp30p140hvt
phfnr_buf_1565            CKND0BWP30P140HVT
                                          tcbn28hpcplusbwp30p140hvt
phfnr_buf_1566            CKND0BWP30P140HVT
                                          tcbn28hpcplusbwp30p140hvt
phfnr_buf_1567            CKND0BWP30P140HVT
                                          tcbn28hpcplusbwp30p140hvt
phfnr_buf_1568            CKND0BWP30P140HVT
                                          tcbn28hpcplusbwp30p140hvt
phfnr_buf_1569            CKND0BWP30P140HVT
                                          tcbn28hpcplusbwp30p140hvt
phfnr_buf_1570            CKND0BWP30P140HVT
                                          tcbn28hpcplusbwp30p140hvt
phfnr_buf_1571            CKND0BWP30P140HVT
                                          tcbn28hpcplusbwp30p140hvt
phfnr_buf_1572            CKND0BWP30P140HVT
                                          tcbn28hpcplusbwp30p140hvt
phfnr_buf_1573            CKND0BWP30P140HVT
                                          tcbn28hpcplusbwp30p140hvt
phfnr_buf_1574            CKND0BWP30P140HVT
                                          tcbn28hpcplusbwp30p140hvt
phfnr_buf_1575            CKND0BWP30P140HVT
                                          tcbn28hpcplusbwp30p140hvt
phfnr_buf_1576            CKND0BWP30P140HVT
                                          tcbn28hpcplusbwp30p140hvt
phfnr_buf_1577            CKND0BWP30P140HVT
                                          tcbn28hpcplusbwp30p140hvt
phfnr_buf_1579            CKND0BWP30P140HVT
                                          tcbn28hpcplusbwp30p140hvt
phfnr_buf_1580            CKND0BWP30P140HVT
                                          tcbn28hpcplusbwp30p140hvt
phfnr_buf_1581            CKND0BWP30P140HVT
                                          tcbn28hpcplusbwp30p140hvt
phfnr_buf_1582            CKND0BWP30P140HVT
                                          tcbn28hpcplusbwp30p140hvt
phfnr_buf_1583            CKND0BWP30P140HVT
                                          tcbn28hpcplusbwp30p140hvt
phfnr_buf_1584            CKND0BWP30P140HVT
                                          tcbn28hpcplusbwp30p140hvt
phfnr_buf_1585            CKND0BWP30P140HVT
                                          tcbn28hpcplusbwp30p140hvt
weight_mem/data_out_reg[0]
                          SDFQD0BWP30P140HVT
                                          tcbn28hpcplusbwp30p140hvt
                                                           n, S
weight_mem/data_out_reg[1]
                          SDFQD0BWP30P140HVT
                                          tcbn28hpcplusbwp30p140hvt
                                                           n, S
weight_mem/data_out_reg[2]
                          SDFQD0BWP30P140HVT
                                          tcbn28hpcplusbwp30p140hvt
                                                           n, S
weight_mem/data_out_reg[3]
                          SDFQD0BWP30P140HVT
                                          tcbn28hpcplusbwp30p140hvt
                                                           n, S
weight_mem/data_out_reg[4]
                          SDFQD0BWP30P140HVT
                                          tcbn28hpcplusbwp30p140hvt
                                                           n, S
weight_mem/data_out_reg[5]
                          SDFQD0BWP30P140HVT
                                          tcbn28hpcplusbwp30p140hvt
                                                           n, S
weight_mem/data_out_reg[6]
                          SDFQD0BWP30P140HVT
                                          tcbn28hpcplusbwp30p140hvt
                                                           n, S
weight_mem/data_out_reg[7]
                          SDFQD0BWP30P140HVT
                                          tcbn28hpcplusbwp30p140hvt
                                                           n, S
weight_mem/mem_reg[0][0]  SDFQD0BWP30P140HVT
                                          tcbn28hpcplusbwp30p140hvt
                                                           n, S
weight_mem/mem_reg[0][1]  SDFQD0BWP30P140HVT
                                          tcbn28hpcplusbwp30p140hvt
                                                           n, S
weight_mem/mem_reg[0][2]  SDFQD0BWP30P140HVT
                                          tcbn28hpcplusbwp30p140hvt
                                                           n, S
weight_mem/mem_reg[0][3]  SDFQD0BWP30P140HVT
                                          tcbn28hpcplusbwp30p140hvt
                                                           n, S
weight_mem/mem_reg[0][4]  SDFQD0BWP30P140HVT
                                          tcbn28hpcplusbwp30p140hvt
                                                           n, S
weight_mem/mem_reg[0][5]  SDFQD0BWP30P140HVT
                                          tcbn28hpcplusbwp30p140hvt
                                                           n, S
weight_mem/mem_reg[0][6]  SDFQD0BWP30P140HVT
                                          tcbn28hpcplusbwp30p140hvt
                                                           n, S
weight_mem/mem_reg[0][7]  SDFQD0BWP30P140HVT
                                          tcbn28hpcplusbwp30p140hvt
                                                           n, S
weight_mem/mem_reg[10][0] SDFQND0BWP30P140HVT
                                          tcbn28hpcplusbwp30p140hvt
                                                           n, S
weight_mem/mem_reg[10][1] SDFQND0BWP30P140HVT
                                          tcbn28hpcplusbwp30p140hvt
                                                           n, S
weight_mem/mem_reg[10][2] SDFQND0BWP30P140HVT
                                          tcbn28hpcplusbwp30p140hvt
                                                           n, S
weight_mem/mem_reg[10][3] SDFQND0BWP30P140HVT
                                          tcbn28hpcplusbwp30p140hvt
                                                           n, S
weight_mem/mem_reg[10][4] SDFQND0BWP30P140HVT
                                          tcbn28hpcplusbwp30p140hvt
                                                           n, S
weight_mem/mem_reg[10][5] SDFQND0BWP30P140HVT
                                          tcbn28hpcplusbwp30p140hvt
                                                           n, S
weight_mem/mem_reg[10][6] SDFQND0BWP30P140HVT
                                          tcbn28hpcplusbwp30p140hvt
                                                           n, S
weight_mem/mem_reg[10][7] SDFQND0BWP30P140HVT
                                          tcbn28hpcplusbwp30p140hvt
                                                           n, S
weight_mem/mem_reg[11][0] SDFQND0BWP30P140HVT
                                          tcbn28hpcplusbwp30p140hvt
                                                           n, S
weight_mem/mem_reg[11][1] SDFQND0BWP30P140HVT
                                          tcbn28hpcplusbwp30p140hvt
                                                           n, S
weight_mem/mem_reg[11][2] SDFQND0BWP30P140HVT
                                          tcbn28hpcplusbwp30p140hvt
                                                           n, S
weight_mem/mem_reg[11][3] SDFQND0BWP30P140HVT
                                          tcbn28hpcplusbwp30p140hvt
                                                           n, S
weight_mem/mem_reg[11][4] SDFQND0BWP30P140HVT
                                          tcbn28hpcplusbwp30p140hvt
                                                           n, S
weight_mem/mem_reg[11][5] SDFQND0BWP30P140HVT
                                          tcbn28hpcplusbwp30p140hvt
                                                           n, S
weight_mem/mem_reg[11][6] SDFQND0BWP30P140HVT
                                          tcbn28hpcplusbwp30p140hvt
                                                           n, S
weight_mem/mem_reg[11][7] SDFQND0BWP30P140HVT
                                          tcbn28hpcplusbwp30p140hvt
                                                           n, S
weight_mem/mem_reg[12][0] SDFQD0BWP30P140HVT
                                          tcbn28hpcplusbwp30p140hvt
                                                           n, S
weight_mem/mem_reg[12][1] SDFQD0BWP30P140HVT
                                          tcbn28hpcplusbwp30p140hvt
                                                           n, S
weight_mem/mem_reg[12][2] SDFQD0BWP30P140HVT
                                          tcbn28hpcplusbwp30p140hvt
                                                           n, S
weight_mem/mem_reg[12][3] SDFQD0BWP30P140HVT
                                          tcbn28hpcplusbwp30p140hvt
                                                           n, S
weight_mem/mem_reg[12][4] SDFQD0BWP30P140HVT
                                          tcbn28hpcplusbwp30p140hvt
                                                           n, S
weight_mem/mem_reg[12][5] SDFQD0BWP30P140HVT
                                          tcbn28hpcplusbwp30p140hvt
                                                           n, S
weight_mem/mem_reg[12][6] SDFQD0BWP30P140HVT
                                          tcbn28hpcplusbwp30p140hvt
                                                           n, S
weight_mem/mem_reg[12][7] SDFQD0BWP30P140HVT
                                          tcbn28hpcplusbwp30p140hvt
                                                           n, S
weight_mem/mem_reg[13][0] SDFQD0BWP30P140HVT
                                          tcbn28hpcplusbwp30p140hvt
                                                           n, S
weight_mem/mem_reg[13][1] SDFQD0BWP30P140HVT
                                          tcbn28hpcplusbwp30p140hvt
                                                           n, S
weight_mem/mem_reg[13][2] SDFQD0BWP30P140HVT
                                          tcbn28hpcplusbwp30p140hvt
                                                           n, S
weight_mem/mem_reg[13][3] SDFQD0BWP30P140HVT
                                          tcbn28hpcplusbwp30p140hvt
                                                           n, S
weight_mem/mem_reg[13][4] SDFQD0BWP30P140HVT
                                          tcbn28hpcplusbwp30p140hvt
                                                           n, S
weight_mem/mem_reg[13][5] SDFQD0BWP30P140HVT
                                          tcbn28hpcplusbwp30p140hvt
                                                           n, S
weight_mem/mem_reg[13][6] SDFQD0BWP30P140HVT
                                          tcbn28hpcplusbwp30p140hvt
                                                           n, S
weight_mem/mem_reg[13][7] SDFQD0BWP30P140HVT
                                          tcbn28hpcplusbwp30p140hvt
                                                           n, S
weight_mem/mem_reg[14][0] SDFQD0BWP30P140HVT
                                          tcbn28hpcplusbwp30p140hvt
                                                           n, S
weight_mem/mem_reg[14][1] SDFQD0BWP30P140HVT
                                          tcbn28hpcplusbwp30p140hvt
                                                           n, S
weight_mem/mem_reg[14][2] SDFQD0BWP30P140HVT
                                          tcbn28hpcplusbwp30p140hvt
                                                           n, S
weight_mem/mem_reg[14][3] SDFQD0BWP30P140HVT
                                          tcbn28hpcplusbwp30p140hvt
                                                           n, S
weight_mem/mem_reg[14][4] SDFQD0BWP30P140HVT
                                          tcbn28hpcplusbwp30p140hvt
                                                           n, S
weight_mem/mem_reg[14][5] SDFQD0BWP30P140HVT
                                          tcbn28hpcplusbwp30p140hvt
                                                           n, S
weight_mem/mem_reg[14][6] SDFQD0BWP30P140HVT
                                          tcbn28hpcplusbwp30p140hvt
                                                           n, S
weight_mem/mem_reg[14][7] SDFQD0BWP30P140HVT
                                          tcbn28hpcplusbwp30p140hvt
                                                           n, S
weight_mem/mem_reg[15][0] SDFQD0BWP30P140HVT
                                          tcbn28hpcplusbwp30p140hvt
                                                           n, S
weight_mem/mem_reg[15][1] SDFQD0BWP30P140HVT
                                          tcbn28hpcplusbwp30p140hvt
                                                           n, S
weight_mem/mem_reg[15][2] SDFQD0BWP30P140HVT
                                          tcbn28hpcplusbwp30p140hvt
                                                           n, S
weight_mem/mem_reg[15][3] SDFQD0BWP30P140HVT
                                          tcbn28hpcplusbwp30p140hvt
                                                           n, S
weight_mem/mem_reg[15][4] SDFQD0BWP30P140HVT
                                          tcbn28hpcplusbwp30p140hvt
                                                           n, S
weight_mem/mem_reg[15][5] SDFQD0BWP30P140HVT
                                          tcbn28hpcplusbwp30p140hvt
                                                           n, S
weight_mem/mem_reg[15][6] SDFQD0BWP30P140HVT
                                          tcbn28hpcplusbwp30p140hvt
                                                           n, S
weight_mem/mem_reg[15][7] SDFQD0BWP30P140HVT
                                          tcbn28hpcplusbwp30p140hvt
                                                           n, S
weight_mem/mem_reg[16][0] SDFQD0BWP30P140HVT
                                          tcbn28hpcplusbwp30p140hvt
                                                           n, S
weight_mem/mem_reg[16][1] SDFQD0BWP30P140HVT
                                          tcbn28hpcplusbwp30p140hvt
                                                           n, S
weight_mem/mem_reg[16][2] SDFQD0BWP30P140HVT
                                          tcbn28hpcplusbwp30p140hvt
                                                           n, S
weight_mem/mem_reg[16][3] SDFQD0BWP30P140HVT
                                          tcbn28hpcplusbwp30p140hvt
                                                           n, S
weight_mem/mem_reg[16][4] SDFQD0BWP30P140HVT
                                          tcbn28hpcplusbwp30p140hvt
                                                           n, S
weight_mem/mem_reg[16][5] SDFQD0BWP30P140HVT
                                          tcbn28hpcplusbwp30p140hvt
                                                           n, S
weight_mem/mem_reg[16][6] SDFQD0BWP30P140HVT
                                          tcbn28hpcplusbwp30p140hvt
                                                           n, S
weight_mem/mem_reg[16][7] SDFQD0BWP30P140HVT
                                          tcbn28hpcplusbwp30p140hvt
                                                           n, S
weight_mem/mem_reg[17][0] SDFQD0BWP30P140HVT
                                          tcbn28hpcplusbwp30p140hvt
                                                           n, S
weight_mem/mem_reg[17][1] SDFQD0BWP30P140HVT
                                          tcbn28hpcplusbwp30p140hvt
                                                           n, S
weight_mem/mem_reg[17][2] SDFQD0BWP30P140HVT
                                          tcbn28hpcplusbwp30p140hvt
                                                           n, S
weight_mem/mem_reg[17][3] SDFQD0BWP30P140HVT
                                          tcbn28hpcplusbwp30p140hvt
                                                           n, S
weight_mem/mem_reg[17][4] SDFQD0BWP30P140HVT
                                          tcbn28hpcplusbwp30p140hvt
                                                           n, S
weight_mem/mem_reg[17][5] SDFQD0BWP30P140HVT
                                          tcbn28hpcplusbwp30p140hvt
                                                           n, S
weight_mem/mem_reg[17][6] SDFQD0BWP30P140HVT
                                          tcbn28hpcplusbwp30p140hvt
                                                           n, S
weight_mem/mem_reg[17][7] SDFQD0BWP30P140HVT
                                          tcbn28hpcplusbwp30p140hvt
                                                           n, S
weight_mem/mem_reg[18][0] SDFQD0BWP30P140HVT
                                          tcbn28hpcplusbwp30p140hvt
                                                           n, S
weight_mem/mem_reg[18][1] SDFQD0BWP30P140HVT
                                          tcbn28hpcplusbwp30p140hvt
                                                           n, S
weight_mem/mem_reg[18][2] SDFQD0BWP30P140HVT
                                          tcbn28hpcplusbwp30p140hvt
                                                           n, S
weight_mem/mem_reg[18][3] SDFQD0BWP30P140HVT
                                          tcbn28hpcplusbwp30p140hvt
                                                           n, S
weight_mem/mem_reg[18][4] SDFQD0BWP30P140HVT
                                          tcbn28hpcplusbwp30p140hvt
                                                           n, S
weight_mem/mem_reg[18][5] SDFQD0BWP30P140HVT
                                          tcbn28hpcplusbwp30p140hvt
                                                           n, S
weight_mem/mem_reg[18][6] SDFQD0BWP30P140HVT
                                          tcbn28hpcplusbwp30p140hvt
                                                           n, S
weight_mem/mem_reg[18][7] SDFQD0BWP30P140HVT
                                          tcbn28hpcplusbwp30p140hvt
                                                           n, S
weight_mem/mem_reg[19][0] SDFQD0BWP30P140HVT
                                          tcbn28hpcplusbwp30p140hvt
                                                           n, S
weight_mem/mem_reg[19][1] SDFQD0BWP30P140HVT
                                          tcbn28hpcplusbwp30p140hvt
                                                           n, S
weight_mem/mem_reg[19][2] SDFQD0BWP30P140HVT
                                          tcbn28hpcplusbwp30p140hvt
                                                           n, S
weight_mem/mem_reg[19][3] SDFQD0BWP30P140HVT
                                          tcbn28hpcplusbwp30p140hvt
                                                           n, S
weight_mem/mem_reg[19][4] SDFQD0BWP30P140HVT
                                          tcbn28hpcplusbwp30p140hvt
                                                           n, S
weight_mem/mem_reg[19][5] SDFQD0BWP30P140HVT
                                          tcbn28hpcplusbwp30p140hvt
                                                           n, S
weight_mem/mem_reg[19][6] SDFQD0BWP30P140HVT
                                          tcbn28hpcplusbwp30p140hvt
                                                           n, S
weight_mem/mem_reg[19][7] SDFQD0BWP30P140HVT
                                          tcbn28hpcplusbwp30p140hvt
                                                           n, S
weight_mem/mem_reg[1][0]  SDFQND0BWP30P140HVT
                                          tcbn28hpcplusbwp30p140hvt
                                                           n, S
weight_mem/mem_reg[1][1]  SDFQND0BWP30P140HVT
                                          tcbn28hpcplusbwp30p140hvt
                                                           n, S
weight_mem/mem_reg[1][2]  SDFQND0BWP30P140HVT
                                          tcbn28hpcplusbwp30p140hvt
                                                           n, S
weight_mem/mem_reg[1][3]  SDFQND0BWP30P140HVT
                                          tcbn28hpcplusbwp30p140hvt
                                                           n, S
weight_mem/mem_reg[1][4]  SDFQND0BWP30P140HVT
                                          tcbn28hpcplusbwp30p140hvt
                                                           n, S
weight_mem/mem_reg[1][5]  SDFQND0BWP30P140HVT
                                          tcbn28hpcplusbwp30p140hvt
                                                           n, S
weight_mem/mem_reg[1][6]  SDFQND0BWP30P140HVT
                                          tcbn28hpcplusbwp30p140hvt
                                                           n, S
weight_mem/mem_reg[1][7]  SDFQND0BWP30P140HVT
                                          tcbn28hpcplusbwp30p140hvt
                                                           n, S
weight_mem/mem_reg[20][0] SDFQD0BWP30P140HVT
                                          tcbn28hpcplusbwp30p140hvt
                                                           n, S
weight_mem/mem_reg[20][1] SDFQD0BWP30P140HVT
                                          tcbn28hpcplusbwp30p140hvt
                                                           n, S
weight_mem/mem_reg[20][2] SDFQD0BWP30P140HVT
                                          tcbn28hpcplusbwp30p140hvt
                                                           n, S
weight_mem/mem_reg[20][3] SDFQD0BWP30P140HVT
                                          tcbn28hpcplusbwp30p140hvt
                                                           n, S
weight_mem/mem_reg[20][4] SDFQD0BWP30P140HVT
                                          tcbn28hpcplusbwp30p140hvt
                                                           n, S
weight_mem/mem_reg[20][5] SDFQD0BWP30P140HVT
                                          tcbn28hpcplusbwp30p140hvt
                                                           n, S
weight_mem/mem_reg[20][6] SDFQD0BWP30P140HVT
                                          tcbn28hpcplusbwp30p140hvt
                                                           n, S
weight_mem/mem_reg[20][7] SDFQD0BWP30P140HVT
                                          tcbn28hpcplusbwp30p140hvt
                                                           n, S
weight_mem/mem_reg[21][0] SDFQD0BWP30P140HVT
                                          tcbn28hpcplusbwp30p140hvt
                                                           n, S
weight_mem/mem_reg[21][1] SDFQD0BWP30P140HVT
                                          tcbn28hpcplusbwp30p140hvt
                                                           n, S
weight_mem/mem_reg[21][2] SDFQD0BWP30P140HVT
                                          tcbn28hpcplusbwp30p140hvt
                                                           n, S
weight_mem/mem_reg[21][3] SDFQD0BWP30P140HVT
                                          tcbn28hpcplusbwp30p140hvt
                                                           n, S
weight_mem/mem_reg[21][4] SDFQD0BWP30P140HVT
                                          tcbn28hpcplusbwp30p140hvt
                                                           n, S
weight_mem/mem_reg[21][5] SDFQD0BWP30P140HVT
                                          tcbn28hpcplusbwp30p140hvt
                                                           n, S
weight_mem/mem_reg[21][6] SDFQD0BWP30P140HVT
                                          tcbn28hpcplusbwp30p140hvt
                                                           n, S
weight_mem/mem_reg[21][7] SDFQD0BWP30P140HVT
                                          tcbn28hpcplusbwp30p140hvt
                                                           n, S
weight_mem/mem_reg[22][0] SDFQD0BWP30P140HVT
                                          tcbn28hpcplusbwp30p140hvt
                                                           n, S
weight_mem/mem_reg[22][1] SDFQD0BWP30P140HVT
                                          tcbn28hpcplusbwp30p140hvt
                                                           n, S
weight_mem/mem_reg[22][2] SDFQD0BWP30P140HVT
                                          tcbn28hpcplusbwp30p140hvt
                                                           n, S
weight_mem/mem_reg[22][3] SDFQD0BWP30P140HVT
                                          tcbn28hpcplusbwp30p140hvt
                                                           n, S
weight_mem/mem_reg[22][4] SDFQD0BWP30P140HVT
                                          tcbn28hpcplusbwp30p140hvt
                                                           n, S
weight_mem/mem_reg[22][5] SDFQD0BWP30P140HVT
                                          tcbn28hpcplusbwp30p140hvt
                                                           n, S
weight_mem/mem_reg[22][6] SDFQD0BWP30P140HVT
                                          tcbn28hpcplusbwp30p140hvt
                                                           n, S
weight_mem/mem_reg[22][7] SDFQD0BWP30P140HVT
                                          tcbn28hpcplusbwp30p140hvt
                                                           n, S
weight_mem/mem_reg[23][0] SDFQND0BWP30P140HVT
                                          tcbn28hpcplusbwp30p140hvt
                                                           n, S
weight_mem/mem_reg[23][1] SDFQND0BWP30P140HVT
                                          tcbn28hpcplusbwp30p140hvt
                                                           n, S
weight_mem/mem_reg[23][2] SDFQND0BWP30P140HVT
                                          tcbn28hpcplusbwp30p140hvt
                                                           n, S
weight_mem/mem_reg[23][3] SDFQND0BWP30P140HVT
                                          tcbn28hpcplusbwp30p140hvt
                                                           n, S
weight_mem/mem_reg[23][4] SDFQND0BWP30P140HVT
                                          tcbn28hpcplusbwp30p140hvt
                                                           n, S
weight_mem/mem_reg[23][5] SDFQND0BWP30P140HVT
                                          tcbn28hpcplusbwp30p140hvt
                                                           n, S
weight_mem/mem_reg[23][6] SDFQND0BWP30P140HVT
                                          tcbn28hpcplusbwp30p140hvt
                                                           n, S
weight_mem/mem_reg[23][7] SDFQND0BWP30P140HVT
                                          tcbn28hpcplusbwp30p140hvt
                                                           n, S
weight_mem/mem_reg[24][0] SDFQD0BWP30P140HVT
                                          tcbn28hpcplusbwp30p140hvt
                                                           n, S
weight_mem/mem_reg[24][1] SDFQD0BWP30P140HVT
                                          tcbn28hpcplusbwp30p140hvt
                                                           n, S
weight_mem/mem_reg[24][2] SDFQD0BWP30P140HVT
                                          tcbn28hpcplusbwp30p140hvt
                                                           n, S
weight_mem/mem_reg[24][3] SDFQD0BWP30P140HVT
                                          tcbn28hpcplusbwp30p140hvt
                                                           n, S
weight_mem/mem_reg[24][4] SDFQD0BWP30P140HVT
                                          tcbn28hpcplusbwp30p140hvt
                                                           n, S
weight_mem/mem_reg[24][5] SDFQD0BWP30P140HVT
                                          tcbn28hpcplusbwp30p140hvt
                                                           n, S
weight_mem/mem_reg[24][6] SDFQD0BWP30P140HVT
                                          tcbn28hpcplusbwp30p140hvt
                                                           n, S
weight_mem/mem_reg[24][7] SDFQD0BWP30P140HVT
                                          tcbn28hpcplusbwp30p140hvt
                                                           n, S
weight_mem/mem_reg[25][0] SDFQD0BWP30P140HVT
                                          tcbn28hpcplusbwp30p140hvt
                                                           n, S
weight_mem/mem_reg[25][1] SDFQD0BWP30P140HVT
                                          tcbn28hpcplusbwp30p140hvt
                                                           n, S
weight_mem/mem_reg[25][2] SDFQD0BWP30P140HVT
                                          tcbn28hpcplusbwp30p140hvt
                                                           n, S
weight_mem/mem_reg[25][3] SDFQD0BWP30P140HVT
                                          tcbn28hpcplusbwp30p140hvt
                                                           n, S
weight_mem/mem_reg[25][4] SDFQD0BWP30P140HVT
                                          tcbn28hpcplusbwp30p140hvt
                                                           n, S
weight_mem/mem_reg[25][5] SDFQD0BWP30P140HVT
                                          tcbn28hpcplusbwp30p140hvt
                                                           n, S
weight_mem/mem_reg[25][6] SDFQD0BWP30P140HVT
                                          tcbn28hpcplusbwp30p140hvt
                                                           n, S
weight_mem/mem_reg[25][7] SDFQD0BWP30P140HVT
                                          tcbn28hpcplusbwp30p140hvt
                                                           n, S
weight_mem/mem_reg[26][0] SDFQD0BWP30P140HVT
                                          tcbn28hpcplusbwp30p140hvt
                                                           n, S
weight_mem/mem_reg[26][1] SDFQD0BWP30P140HVT
                                          tcbn28hpcplusbwp30p140hvt
                                                           n, S
weight_mem/mem_reg[26][2] SDFQD0BWP30P140HVT
                                          tcbn28hpcplusbwp30p140hvt
                                                           n, S
weight_mem/mem_reg[26][3] SDFQD0BWP30P140HVT
                                          tcbn28hpcplusbwp30p140hvt
                                                           n, S
weight_mem/mem_reg[26][4] SDFQD0BWP30P140HVT
                                          tcbn28hpcplusbwp30p140hvt
                                                           n, S
weight_mem/mem_reg[26][5] SDFQD0BWP30P140HVT
                                          tcbn28hpcplusbwp30p140hvt
                                                           n, S
weight_mem/mem_reg[26][6] SDFQD0BWP30P140HVT
                                          tcbn28hpcplusbwp30p140hvt
                                                           n, S
weight_mem/mem_reg[26][7] SDFQD0BWP30P140HVT
                                          tcbn28hpcplusbwp30p140hvt
                                                           n, S
weight_mem/mem_reg[27][0] SDFQD0BWP30P140HVT
                                          tcbn28hpcplusbwp30p140hvt
                                                           n, S
weight_mem/mem_reg[27][1] SDFQD0BWP30P140HVT
                                          tcbn28hpcplusbwp30p140hvt
                                                           n, S
weight_mem/mem_reg[27][2] SDFQD0BWP30P140HVT
                                          tcbn28hpcplusbwp30p140hvt
                                                           n, S
weight_mem/mem_reg[27][3] SDFQD0BWP30P140HVT
                                          tcbn28hpcplusbwp30p140hvt
                                                           n, S
weight_mem/mem_reg[27][4] SDFQD0BWP30P140HVT
                                          tcbn28hpcplusbwp30p140hvt
                                                           n, S
weight_mem/mem_reg[27][5] SDFQD0BWP30P140HVT
                                          tcbn28hpcplusbwp30p140hvt
                                                           n, S
weight_mem/mem_reg[27][6] SDFQD0BWP30P140HVT
                                          tcbn28hpcplusbwp30p140hvt
                                                           n, S
weight_mem/mem_reg[27][7] SDFQD0BWP30P140HVT
                                          tcbn28hpcplusbwp30p140hvt
                                                           n, S
weight_mem/mem_reg[28][0] SDFQD0BWP30P140HVT
                                          tcbn28hpcplusbwp30p140hvt
                                                           n, S
weight_mem/mem_reg[28][1] SDFQD0BWP30P140HVT
                                          tcbn28hpcplusbwp30p140hvt
                                                           n, S
weight_mem/mem_reg[28][2] SDFQD0BWP30P140HVT
                                          tcbn28hpcplusbwp30p140hvt
                                                           n, S
weight_mem/mem_reg[28][3] SDFQD0BWP30P140HVT
                                          tcbn28hpcplusbwp30p140hvt
                                                           n, S
weight_mem/mem_reg[28][4] SDFQD0BWP30P140HVT
                                          tcbn28hpcplusbwp30p140hvt
                                                           n, S
weight_mem/mem_reg[28][5] SDFQD0BWP30P140HVT
                                          tcbn28hpcplusbwp30p140hvt
                                                           n, S
weight_mem/mem_reg[28][6] SDFQD0BWP30P140HVT
                                          tcbn28hpcplusbwp30p140hvt
                                                           n, S
weight_mem/mem_reg[28][7] SDFQD0BWP30P140HVT
                                          tcbn28hpcplusbwp30p140hvt
                                                           n, S
weight_mem/mem_reg[29][0] SDFQND0BWP30P140HVT
                                          tcbn28hpcplusbwp30p140hvt
                                                           n, S
weight_mem/mem_reg[29][1] SDFQND0BWP30P140HVT
                                          tcbn28hpcplusbwp30p140hvt
                                                           n, S
weight_mem/mem_reg[29][2] SDFQND0BWP30P140HVT
                                          tcbn28hpcplusbwp30p140hvt
                                                           n, S
weight_mem/mem_reg[29][3] SDFQND0BWP30P140HVT
                                          tcbn28hpcplusbwp30p140hvt
                                                           n, S
weight_mem/mem_reg[29][4] SDFQND0BWP30P140HVT
                                          tcbn28hpcplusbwp30p140hvt
                                                           n, S
weight_mem/mem_reg[29][5] SDFQND0BWP30P140HVT
                                          tcbn28hpcplusbwp30p140hvt
                                                           n, S
weight_mem/mem_reg[29][6] SDFQND0BWP30P140HVT
                                          tcbn28hpcplusbwp30p140hvt
                                                           n, S
weight_mem/mem_reg[29][7] SDFQND0BWP30P140HVT
                                          tcbn28hpcplusbwp30p140hvt
                                                           n, S
weight_mem/mem_reg[2][0]  SDFQD0BWP30P140HVT
                                          tcbn28hpcplusbwp30p140hvt
                                                           n, S
weight_mem/mem_reg[2][1]  SDFQD0BWP30P140HVT
                                          tcbn28hpcplusbwp30p140hvt
                                                           n, S
weight_mem/mem_reg[2][2]  SDFQD0BWP30P140HVT
                                          tcbn28hpcplusbwp30p140hvt
                                                           n, S
weight_mem/mem_reg[2][3]  SDFQD0BWP30P140HVT
                                          tcbn28hpcplusbwp30p140hvt
                                                           n, S
weight_mem/mem_reg[2][4]  SDFQD0BWP30P140HVT
                                          tcbn28hpcplusbwp30p140hvt
                                                           n, S
weight_mem/mem_reg[2][5]  SDFQD0BWP30P140HVT
                                          tcbn28hpcplusbwp30p140hvt
                                                           n, S
weight_mem/mem_reg[2][6]  SDFQD0BWP30P140HVT
                                          tcbn28hpcplusbwp30p140hvt
                                                           n, S
weight_mem/mem_reg[2][7]  SDFQD0BWP30P140HVT
                                          tcbn28hpcplusbwp30p140hvt
                                                           n, S
weight_mem/mem_reg[30][0] SDFQND0BWP30P140HVT
                                          tcbn28hpcplusbwp30p140hvt
                                                           n, S
weight_mem/mem_reg[30][1] SDFQND0BWP30P140HVT
                                          tcbn28hpcplusbwp30p140hvt
                                                           n, S
weight_mem/mem_reg[30][2] SDFQND0BWP30P140HVT
                                          tcbn28hpcplusbwp30p140hvt
                                                           n, S
weight_mem/mem_reg[30][3] SDFQND0BWP30P140HVT
                                          tcbn28hpcplusbwp30p140hvt
                                                           n, S
weight_mem/mem_reg[30][4] SDFQND0BWP30P140HVT
                                          tcbn28hpcplusbwp30p140hvt
                                                           n, S
weight_mem/mem_reg[30][5] SDFQND0BWP30P140HVT
                                          tcbn28hpcplusbwp30p140hvt
                                                           n, S
weight_mem/mem_reg[30][6] SDFQND0BWP30P140HVT
                                          tcbn28hpcplusbwp30p140hvt
                                                           n, S
weight_mem/mem_reg[30][7] SDFQND0BWP30P140HVT
                                          tcbn28hpcplusbwp30p140hvt
                                                           n, S
weight_mem/mem_reg[31][0] SDFQND0BWP30P140HVT
                                          tcbn28hpcplusbwp30p140hvt
                                                           n, S
weight_mem/mem_reg[31][1] SDFQND0BWP30P140HVT
                                          tcbn28hpcplusbwp30p140hvt
                                                           n, S
weight_mem/mem_reg[31][2] SDFQND0BWP30P140HVT
                                          tcbn28hpcplusbwp30p140hvt
                                                           n, S
weight_mem/mem_reg[31][3] SDFQND0BWP30P140HVT
                                          tcbn28hpcplusbwp30p140hvt
                                                           n, S
weight_mem/mem_reg[31][4] SDFQND0BWP30P140HVT
                                          tcbn28hpcplusbwp30p140hvt
                                                           n, S
weight_mem/mem_reg[31][5] SDFQND0BWP30P140HVT
                                          tcbn28hpcplusbwp30p140hvt
                                                           n, S
weight_mem/mem_reg[31][6] SDFQND0BWP30P140HVT
                                          tcbn28hpcplusbwp30p140hvt
                                                           n, S
weight_mem/mem_reg[31][7] SDFQND0BWP30P140HVT
                                          tcbn28hpcplusbwp30p140hvt
                                                           n, S
weight_mem/mem_reg[32][0] SDFQD0BWP30P140HVT
                                          tcbn28hpcplusbwp30p140hvt
                                                           n, S
weight_mem/mem_reg[32][1] SDFQD0BWP30P140HVT
                                          tcbn28hpcplusbwp30p140hvt
                                                           n, S
weight_mem/mem_reg[32][2] SDFQD0BWP30P140HVT
                                          tcbn28hpcplusbwp30p140hvt
                                                           n, S
weight_mem/mem_reg[32][3] SDFQD0BWP30P140HVT
                                          tcbn28hpcplusbwp30p140hvt
                                                           n, S
weight_mem/mem_reg[32][4] SDFQD0BWP30P140HVT
                                          tcbn28hpcplusbwp30p140hvt
                                                           n, S
weight_mem/mem_reg[32][5] SDFQD0BWP30P140HVT
                                          tcbn28hpcplusbwp30p140hvt
                                                           n, S
weight_mem/mem_reg[32][6] SDFQD0BWP30P140HVT
                                          tcbn28hpcplusbwp30p140hvt
                                                           n, S
weight_mem/mem_reg[32][7] SDFQD0BWP30P140HVT
                                          tcbn28hpcplusbwp30p140hvt
                                                           n, S
weight_mem/mem_reg[33][0] SDFQD0BWP30P140HVT
                                          tcbn28hpcplusbwp30p140hvt
                                                           n, S
weight_mem/mem_reg[33][1] SDFQD0BWP30P140HVT
                                          tcbn28hpcplusbwp30p140hvt
                                                           n, S
weight_mem/mem_reg[33][2] SDFQD0BWP30P140HVT
                                          tcbn28hpcplusbwp30p140hvt
                                                           n, S
weight_mem/mem_reg[33][3] SDFQD0BWP30P140HVT
                                          tcbn28hpcplusbwp30p140hvt
                                                           n, S
weight_mem/mem_reg[33][4] SDFQD0BWP30P140HVT
                                          tcbn28hpcplusbwp30p140hvt
                                                           n, S
weight_mem/mem_reg[33][5] SDFQD0BWP30P140HVT
                                          tcbn28hpcplusbwp30p140hvt
                                                           n, S
weight_mem/mem_reg[33][6] SDFQD0BWP30P140HVT
                                          tcbn28hpcplusbwp30p140hvt
                                                           n, S
weight_mem/mem_reg[33][7] SDFQD0BWP30P140HVT
                                          tcbn28hpcplusbwp30p140hvt
                                                           n, S
weight_mem/mem_reg[34][0] SDFQD0BWP30P140HVT
                                          tcbn28hpcplusbwp30p140hvt
                                                           n, S
weight_mem/mem_reg[34][1] SDFQD0BWP30P140HVT
                                          tcbn28hpcplusbwp30p140hvt
                                                           n, S
weight_mem/mem_reg[34][2] SDFQD0BWP30P140HVT
                                          tcbn28hpcplusbwp30p140hvt
                                                           n, S
weight_mem/mem_reg[34][3] SDFQD0BWP30P140HVT
                                          tcbn28hpcplusbwp30p140hvt
                                                           n, S
weight_mem/mem_reg[34][4] SDFQD0BWP30P140HVT
                                          tcbn28hpcplusbwp30p140hvt
                                                           n, S
weight_mem/mem_reg[34][5] SDFQD0BWP30P140HVT
                                          tcbn28hpcplusbwp30p140hvt
                                                           n, S
weight_mem/mem_reg[34][6] SDFQD0BWP30P140HVT
                                          tcbn28hpcplusbwp30p140hvt
                                                           n, S
weight_mem/mem_reg[34][7] SDFQD0BWP30P140HVT
                                          tcbn28hpcplusbwp30p140hvt
                                                           n, S
weight_mem/mem_reg[35][0] SDFQND0BWP30P140HVT
                                          tcbn28hpcplusbwp30p140hvt
                                                           n, S
weight_mem/mem_reg[35][1] SDFQND0BWP30P140HVT
                                          tcbn28hpcplusbwp30p140hvt
                                                           n, S
weight_mem/mem_reg[35][2] SDFQND0BWP30P140HVT
                                          tcbn28hpcplusbwp30p140hvt
                                                           n, S
weight_mem/mem_reg[35][3] SDFQND0BWP30P140HVT
                                          tcbn28hpcplusbwp30p140hvt
                                                           n, S
weight_mem/mem_reg[35][4] SDFQND0BWP30P140HVT
                                          tcbn28hpcplusbwp30p140hvt
                                                           n, S
weight_mem/mem_reg[35][5] SDFQND0BWP30P140HVT
                                          tcbn28hpcplusbwp30p140hvt
                                                           n, S
weight_mem/mem_reg[35][6] SDFQND0BWP30P140HVT
                                          tcbn28hpcplusbwp30p140hvt
                                                           n, S
weight_mem/mem_reg[35][7] SDFQND0BWP30P140HVT
                                          tcbn28hpcplusbwp30p140hvt
                                                           n, S
weight_mem/mem_reg[36][0] SDFQND0BWP30P140HVT
                                          tcbn28hpcplusbwp30p140hvt
                                                           n, S
weight_mem/mem_reg[36][1] SDFQND0BWP30P140HVT
                                          tcbn28hpcplusbwp30p140hvt
                                                           n, S
weight_mem/mem_reg[36][2] SDFQND0BWP30P140HVT
                                          tcbn28hpcplusbwp30p140hvt
                                                           n, S
weight_mem/mem_reg[36][3] SDFQND0BWP30P140HVT
                                          tcbn28hpcplusbwp30p140hvt
                                                           n, S
weight_mem/mem_reg[36][4] SDFQND0BWP30P140HVT
                                          tcbn28hpcplusbwp30p140hvt
                                                           n, S
weight_mem/mem_reg[36][5] SDFQND0BWP30P140HVT
                                          tcbn28hpcplusbwp30p140hvt
                                                           n, S
weight_mem/mem_reg[36][6] SDFQND0BWP30P140HVT
                                          tcbn28hpcplusbwp30p140hvt
                                                           n, S
weight_mem/mem_reg[36][7] SDFQND0BWP30P140HVT
                                          tcbn28hpcplusbwp30p140hvt
                                                           n, S
weight_mem/mem_reg[37][0] SDFQD0BWP30P140HVT
                                          tcbn28hpcplusbwp30p140hvt
                                                           n, S
weight_mem/mem_reg[37][1] SDFQD0BWP30P140HVT
                                          tcbn28hpcplusbwp30p140hvt
                                                           n, S
weight_mem/mem_reg[37][2] SDFQD0BWP30P140HVT
                                          tcbn28hpcplusbwp30p140hvt
                                                           n, S
weight_mem/mem_reg[37][3] SDFQD0BWP30P140HVT
                                          tcbn28hpcplusbwp30p140hvt
                                                           n, S
weight_mem/mem_reg[37][4] SDFQD0BWP30P140HVT
                                          tcbn28hpcplusbwp30p140hvt
                                                           n, S
weight_mem/mem_reg[37][5] SDFQD0BWP30P140HVT
                                          tcbn28hpcplusbwp30p140hvt
                                                           n, S
weight_mem/mem_reg[37][6] SDFQD0BWP30P140HVT
                                          tcbn28hpcplusbwp30p140hvt
                                                           n, S
weight_mem/mem_reg[37][7] SDFQD0BWP30P140HVT
                                          tcbn28hpcplusbwp30p140hvt
                                                           n, S
weight_mem/mem_reg[38][0] SDFQND0BWP30P140HVT
                                          tcbn28hpcplusbwp30p140hvt
                                                           n, S
weight_mem/mem_reg[38][1] SDFQND0BWP30P140HVT
                                          tcbn28hpcplusbwp30p140hvt
                                                           n, S
weight_mem/mem_reg[38][2] SDFQND0BWP30P140HVT
                                          tcbn28hpcplusbwp30p140hvt
                                                           n, S
weight_mem/mem_reg[38][3] SDFQND0BWP30P140HVT
                                          tcbn28hpcplusbwp30p140hvt
                                                           n, S
weight_mem/mem_reg[38][4] SDFQND0BWP30P140HVT
                                          tcbn28hpcplusbwp30p140hvt
                                                           n, S
weight_mem/mem_reg[38][5] SDFQND0BWP30P140HVT
                                          tcbn28hpcplusbwp30p140hvt
                                                           n, S
weight_mem/mem_reg[38][6] SDFQND0BWP30P140HVT
                                          tcbn28hpcplusbwp30p140hvt
                                                           n, S
weight_mem/mem_reg[38][7] SDFQND0BWP30P140HVT
                                          tcbn28hpcplusbwp30p140hvt
                                                           n, S
weight_mem/mem_reg[39][0] SDFQND0BWP30P140HVT
                                          tcbn28hpcplusbwp30p140hvt
                                                           n, S
weight_mem/mem_reg[39][1] SDFQND0BWP30P140HVT
                                          tcbn28hpcplusbwp30p140hvt
                                                           n, S
weight_mem/mem_reg[39][2] SDFQND0BWP30P140HVT
                                          tcbn28hpcplusbwp30p140hvt
                                                           n, S
weight_mem/mem_reg[39][3] SDFQND0BWP30P140HVT
                                          tcbn28hpcplusbwp30p140hvt
                                                           n, S
weight_mem/mem_reg[39][4] SDFQND0BWP30P140HVT
                                          tcbn28hpcplusbwp30p140hvt
                                                           n, S
weight_mem/mem_reg[39][5] SDFQND0BWP30P140HVT
                                          tcbn28hpcplusbwp30p140hvt
                                                           n, S
weight_mem/mem_reg[39][6] SDFQND0BWP30P140HVT
                                          tcbn28hpcplusbwp30p140hvt
                                                           n, S
weight_mem/mem_reg[39][7] SDFQND0BWP30P140HVT
                                          tcbn28hpcplusbwp30p140hvt
                                                           n, S
weight_mem/mem_reg[3][0]  SDFQD0BWP30P140HVT
                                          tcbn28hpcplusbwp30p140hvt
                                                           n, S
weight_mem/mem_reg[3][1]  SDFQD0BWP30P140HVT
                                          tcbn28hpcplusbwp30p140hvt
                                                           n, S
weight_mem/mem_reg[3][2]  SDFQD0BWP30P140HVT
                                          tcbn28hpcplusbwp30p140hvt
                                                           n, S
weight_mem/mem_reg[3][3]  SDFQD0BWP30P140HVT
                                          tcbn28hpcplusbwp30p140hvt
                                                           n, S
weight_mem/mem_reg[3][4]  SDFQD0BWP30P140HVT
                                          tcbn28hpcplusbwp30p140hvt
                                                           n, S
weight_mem/mem_reg[3][5]  SDFQD0BWP30P140HVT
                                          tcbn28hpcplusbwp30p140hvt
                                                           n, S
weight_mem/mem_reg[3][6]  SDFQD0BWP30P140HVT
                                          tcbn28hpcplusbwp30p140hvt
                                                           n, S
weight_mem/mem_reg[3][7]  SDFQD0BWP30P140HVT
                                          tcbn28hpcplusbwp30p140hvt
                                                           n, S
weight_mem/mem_reg[40][0] SDFQD0BWP30P140HVT
                                          tcbn28hpcplusbwp30p140hvt
                                                           n, S
weight_mem/mem_reg[40][1] SDFQD0BWP30P140HVT
                                          tcbn28hpcplusbwp30p140hvt
                                                           n, S
weight_mem/mem_reg[40][2] SDFQD0BWP30P140HVT
                                          tcbn28hpcplusbwp30p140hvt
                                                           n, S
weight_mem/mem_reg[40][3] SDFQD0BWP30P140HVT
                                          tcbn28hpcplusbwp30p140hvt
                                                           n, S
weight_mem/mem_reg[40][4] SDFQD0BWP30P140HVT
                                          tcbn28hpcplusbwp30p140hvt
                                                           n, S
weight_mem/mem_reg[40][5] SDFQD0BWP30P140HVT
                                          tcbn28hpcplusbwp30p140hvt
                                                           n, S
weight_mem/mem_reg[40][6] SDFQD0BWP30P140HVT
                                          tcbn28hpcplusbwp30p140hvt
                                                           n, S
weight_mem/mem_reg[40][7] SDFQD0BWP30P140HVT
                                          tcbn28hpcplusbwp30p140hvt
                                                           n, S
weight_mem/mem_reg[41][0] SDFQND0BWP30P140HVT
                                          tcbn28hpcplusbwp30p140hvt
                                                           n, S
weight_mem/mem_reg[41][1] SDFQND0BWP30P140HVT
                                          tcbn28hpcplusbwp30p140hvt
                                                           n, S
weight_mem/mem_reg[41][2] SDFQND0BWP30P140HVT
                                          tcbn28hpcplusbwp30p140hvt
                                                           n, S
weight_mem/mem_reg[41][3] SDFQND0BWP30P140HVT
                                          tcbn28hpcplusbwp30p140hvt
                                                           n, S
weight_mem/mem_reg[41][4] SDFQND0BWP30P140HVT
                                          tcbn28hpcplusbwp30p140hvt
                                                           n, S
weight_mem/mem_reg[41][5] SDFQND0BWP30P140HVT
                                          tcbn28hpcplusbwp30p140hvt
                                                           n, S
weight_mem/mem_reg[41][6] SDFQND0BWP30P140HVT
                                          tcbn28hpcplusbwp30p140hvt
                                                           n, S
weight_mem/mem_reg[41][7] SDFQND0BWP30P140HVT
                                          tcbn28hpcplusbwp30p140hvt
                                                           n, S
weight_mem/mem_reg[42][0] SDFQD0BWP30P140HVT
                                          tcbn28hpcplusbwp30p140hvt
                                                           n, S
weight_mem/mem_reg[42][1] SDFQD0BWP30P140HVT
                                          tcbn28hpcplusbwp30p140hvt
                                                           n, S
weight_mem/mem_reg[42][2] SDFQD0BWP30P140HVT
                                          tcbn28hpcplusbwp30p140hvt
                                                           n, S
weight_mem/mem_reg[42][3] SDFQD0BWP30P140HVT
                                          tcbn28hpcplusbwp30p140hvt
                                                           n, S
weight_mem/mem_reg[42][4] SDFQD0BWP30P140HVT
                                          tcbn28hpcplusbwp30p140hvt
                                                           n, S
weight_mem/mem_reg[42][5] SDFQD0BWP30P140HVT
                                          tcbn28hpcplusbwp30p140hvt
                                                           n, S
weight_mem/mem_reg[42][6] SDFQD0BWP30P140HVT
                                          tcbn28hpcplusbwp30p140hvt
                                                           n, S
weight_mem/mem_reg[42][7] SDFQD0BWP30P140HVT
                                          tcbn28hpcplusbwp30p140hvt
                                                           n, S
weight_mem/mem_reg[43][0] SDFQND0BWP30P140HVT
                                          tcbn28hpcplusbwp30p140hvt
                                                           n, S
weight_mem/mem_reg[43][1] SDFQND0BWP30P140HVT
                                          tcbn28hpcplusbwp30p140hvt
                                                           n, S
weight_mem/mem_reg[43][2] SDFQND0BWP30P140HVT
                                          tcbn28hpcplusbwp30p140hvt
                                                           n, S
weight_mem/mem_reg[43][3] SDFQND0BWP30P140HVT
                                          tcbn28hpcplusbwp30p140hvt
                                                           n, S
weight_mem/mem_reg[43][4] SDFQND0BWP30P140HVT
                                          tcbn28hpcplusbwp30p140hvt
                                                           n, S
weight_mem/mem_reg[43][5] SDFQND0BWP30P140HVT
                                          tcbn28hpcplusbwp30p140hvt
                                                           n, S
weight_mem/mem_reg[43][6] SDFQND0BWP30P140HVT
                                          tcbn28hpcplusbwp30p140hvt
                                                           n, S
weight_mem/mem_reg[43][7] SDFQND0BWP30P140HVT
                                          tcbn28hpcplusbwp30p140hvt
                                                           n, S
weight_mem/mem_reg[44][0] SDFQND0BWP30P140HVT
                                          tcbn28hpcplusbwp30p140hvt
                                                           n, S
weight_mem/mem_reg[44][1] SDFQND0BWP30P140HVT
                                          tcbn28hpcplusbwp30p140hvt
                                                           n, S
weight_mem/mem_reg[44][2] SDFQND0BWP30P140HVT
                                          tcbn28hpcplusbwp30p140hvt
                                                           n, S
weight_mem/mem_reg[44][3] SDFQND0BWP30P140HVT
                                          tcbn28hpcplusbwp30p140hvt
                                                           n, S
weight_mem/mem_reg[44][4] SDFQND0BWP30P140HVT
                                          tcbn28hpcplusbwp30p140hvt
                                                           n, S
weight_mem/mem_reg[44][5] SDFQND0BWP30P140HVT
                                          tcbn28hpcplusbwp30p140hvt
                                                           n, S
weight_mem/mem_reg[44][6] SDFQND0BWP30P140HVT
                                          tcbn28hpcplusbwp30p140hvt
                                                           n, S
weight_mem/mem_reg[44][7] SDFQND0BWP30P140HVT
                                          tcbn28hpcplusbwp30p140hvt
                                                           n, S
weight_mem/mem_reg[45][0] SDFQND0BWP30P140HVT
                                          tcbn28hpcplusbwp30p140hvt
                                                           n, S
weight_mem/mem_reg[45][1] SDFQND0BWP30P140HVT
                                          tcbn28hpcplusbwp30p140hvt
                                                           n, S
weight_mem/mem_reg[45][2] SDFQND0BWP30P140HVT
                                          tcbn28hpcplusbwp30p140hvt
                                                           n, S
weight_mem/mem_reg[45][3] SDFQND0BWP30P140HVT
                                          tcbn28hpcplusbwp30p140hvt
                                                           n, S
weight_mem/mem_reg[45][4] SDFQND0BWP30P140HVT
                                          tcbn28hpcplusbwp30p140hvt
                                                           n, S
weight_mem/mem_reg[45][5] SDFQND0BWP30P140HVT
                                          tcbn28hpcplusbwp30p140hvt
                                                           n, S
weight_mem/mem_reg[45][6] SDFQND0BWP30P140HVT
                                          tcbn28hpcplusbwp30p140hvt
                                                           n, S
weight_mem/mem_reg[45][7] SDFQND0BWP30P140HVT
                                          tcbn28hpcplusbwp30p140hvt
                                                           n, S
weight_mem/mem_reg[46][0] SDFQND0BWP30P140HVT
                                          tcbn28hpcplusbwp30p140hvt
                                                           n, S
weight_mem/mem_reg[46][1] SDFQND0BWP30P140HVT
                                          tcbn28hpcplusbwp30p140hvt
                                                           n, S
weight_mem/mem_reg[46][2] SDFQND0BWP30P140HVT
                                          tcbn28hpcplusbwp30p140hvt
                                                           n, S
weight_mem/mem_reg[46][3] SDFQND0BWP30P140HVT
                                          tcbn28hpcplusbwp30p140hvt
                                                           n, S
weight_mem/mem_reg[46][4] SDFQND0BWP30P140HVT
                                          tcbn28hpcplusbwp30p140hvt
                                                           n, S
weight_mem/mem_reg[46][5] SDFQND0BWP30P140HVT
                                          tcbn28hpcplusbwp30p140hvt
                                                           n, S
weight_mem/mem_reg[46][6] SDFQND0BWP30P140HVT
                                          tcbn28hpcplusbwp30p140hvt
                                                           n, S
weight_mem/mem_reg[46][7] SDFQND0BWP30P140HVT
                                          tcbn28hpcplusbwp30p140hvt
                                                           n, S
weight_mem/mem_reg[47][0] SDFQND0BWP30P140HVT
                                          tcbn28hpcplusbwp30p140hvt
                                                           n, S
weight_mem/mem_reg[47][1] SDFQND0BWP30P140HVT
                                          tcbn28hpcplusbwp30p140hvt
                                                           n, S
weight_mem/mem_reg[47][2] SDFQND0BWP30P140HVT
                                          tcbn28hpcplusbwp30p140hvt
                                                           n, S
weight_mem/mem_reg[47][3] SDFQND0BWP30P140HVT
                                          tcbn28hpcplusbwp30p140hvt
                                                           n, S
weight_mem/mem_reg[47][4] SDFQND0BWP30P140HVT
                                          tcbn28hpcplusbwp30p140hvt
                                                           n, S
weight_mem/mem_reg[47][5] SDFQND0BWP30P140HVT
                                          tcbn28hpcplusbwp30p140hvt
                                                           n, S
weight_mem/mem_reg[47][6] SDFQND0BWP30P140HVT
                                          tcbn28hpcplusbwp30p140hvt
                                                           n, S
weight_mem/mem_reg[47][7] SDFQND0BWP30P140HVT
                                          tcbn28hpcplusbwp30p140hvt
                                                           n, S
weight_mem/mem_reg[48][0] SDFQD0BWP30P140HVT
                                          tcbn28hpcplusbwp30p140hvt
                                                           n, S
weight_mem/mem_reg[48][1] SDFQD0BWP30P140HVT
                                          tcbn28hpcplusbwp30p140hvt
                                                           n, S
weight_mem/mem_reg[48][2] SDFQD0BWP30P140HVT
                                          tcbn28hpcplusbwp30p140hvt
                                                           n, S
weight_mem/mem_reg[48][3] SDFQD0BWP30P140HVT
                                          tcbn28hpcplusbwp30p140hvt
                                                           n, S
weight_mem/mem_reg[48][4] SDFQD0BWP30P140HVT
                                          tcbn28hpcplusbwp30p140hvt
                                                           n, S
weight_mem/mem_reg[48][5] SDFQD0BWP30P140HVT
                                          tcbn28hpcplusbwp30p140hvt
                                                           n, S
weight_mem/mem_reg[48][6] SDFQD0BWP30P140HVT
                                          tcbn28hpcplusbwp30p140hvt
                                                           n, S
weight_mem/mem_reg[48][7] SDFQD0BWP30P140HVT
                                          tcbn28hpcplusbwp30p140hvt
                                                           n, S
weight_mem/mem_reg[49][0] SDFQD0BWP30P140HVT
                                          tcbn28hpcplusbwp30p140hvt
                                                           n, S
weight_mem/mem_reg[49][1] SDFQD0BWP30P140HVT
                                          tcbn28hpcplusbwp30p140hvt
                                                           n, S
weight_mem/mem_reg[49][2] SDFQD0BWP30P140HVT
                                          tcbn28hpcplusbwp30p140hvt
                                                           n, S
weight_mem/mem_reg[49][3] SDFQD0BWP30P140HVT
                                          tcbn28hpcplusbwp30p140hvt
                                                           n, S
weight_mem/mem_reg[49][4] SDFQD0BWP30P140HVT
                                          tcbn28hpcplusbwp30p140hvt
                                                           n, S
weight_mem/mem_reg[49][5] SDFQD0BWP30P140HVT
                                          tcbn28hpcplusbwp30p140hvt
                                                           n, S
weight_mem/mem_reg[49][6] SDFQD0BWP30P140HVT
                                          tcbn28hpcplusbwp30p140hvt
                                                           n, S
weight_mem/mem_reg[49][7] SDFQD0BWP30P140HVT
                                          tcbn28hpcplusbwp30p140hvt
                                                           n, S
weight_mem/mem_reg[4][0]  SDFQD0BWP30P140HVT
                                          tcbn28hpcplusbwp30p140hvt
                                                           n, S
weight_mem/mem_reg[4][1]  SDFQD0BWP30P140HVT
                                          tcbn28hpcplusbwp30p140hvt
                                                           n, S
weight_mem/mem_reg[4][2]  SDFQD0BWP30P140HVT
                                          tcbn28hpcplusbwp30p140hvt
                                                           n, S
weight_mem/mem_reg[4][3]  SDFQD0BWP30P140HVT
                                          tcbn28hpcplusbwp30p140hvt
                                                           n, S
weight_mem/mem_reg[4][4]  SDFQD0BWP30P140HVT
                                          tcbn28hpcplusbwp30p140hvt
                                                           n, S
weight_mem/mem_reg[4][5]  SDFQD0BWP30P140HVT
                                          tcbn28hpcplusbwp30p140hvt
                                                           n, S
weight_mem/mem_reg[4][6]  SDFQD0BWP30P140HVT
                                          tcbn28hpcplusbwp30p140hvt
                                                           n, S
weight_mem/mem_reg[4][7]  SDFQD0BWP30P140HVT
                                          tcbn28hpcplusbwp30p140hvt
                                                           n, S
weight_mem/mem_reg[50][0] SDFQD0BWP30P140HVT
                                          tcbn28hpcplusbwp30p140hvt
                                                           n, S
weight_mem/mem_reg[50][1] SDFQD0BWP30P140HVT
                                          tcbn28hpcplusbwp30p140hvt
                                                           n, S
weight_mem/mem_reg[50][2] SDFQD0BWP30P140HVT
                                          tcbn28hpcplusbwp30p140hvt
                                                           n, S
weight_mem/mem_reg[50][3] SDFQD0BWP30P140HVT
                                          tcbn28hpcplusbwp30p140hvt
                                                           n, S
weight_mem/mem_reg[50][4] SDFQD0BWP30P140HVT
                                          tcbn28hpcplusbwp30p140hvt
                                                           n, S
weight_mem/mem_reg[50][5] SDFQD0BWP30P140HVT
                                          tcbn28hpcplusbwp30p140hvt
                                                           n, S
weight_mem/mem_reg[50][6] SDFQD0BWP30P140HVT
                                          tcbn28hpcplusbwp30p140hvt
                                                           n, S
weight_mem/mem_reg[50][7] SDFQD0BWP30P140HVT
                                          tcbn28hpcplusbwp30p140hvt
                                                           n, S
weight_mem/mem_reg[51][0] SDFQND0BWP30P140HVT
                                          tcbn28hpcplusbwp30p140hvt
                                                           n, S
weight_mem/mem_reg[51][1] SDFQND0BWP30P140HVT
                                          tcbn28hpcplusbwp30p140hvt
                                                           n, S
weight_mem/mem_reg[51][2] SDFQND0BWP30P140HVT
                                          tcbn28hpcplusbwp30p140hvt
                                                           n, S
weight_mem/mem_reg[51][3] SDFQND0BWP30P140HVT
                                          tcbn28hpcplusbwp30p140hvt
                                                           n, S
weight_mem/mem_reg[51][4] SDFQND0BWP30P140HVT
                                          tcbn28hpcplusbwp30p140hvt
                                                           n, S
weight_mem/mem_reg[51][5] SDFQND0BWP30P140HVT
                                          tcbn28hpcplusbwp30p140hvt
                                                           n, S
weight_mem/mem_reg[51][6] SDFQND0BWP30P140HVT
                                          tcbn28hpcplusbwp30p140hvt
                                                           n, S
weight_mem/mem_reg[51][7] SDFQND0BWP30P140HVT
                                          tcbn28hpcplusbwp30p140hvt
                                                           n, S
weight_mem/mem_reg[52][0] SDFQND0BWP30P140HVT
                                          tcbn28hpcplusbwp30p140hvt
                                                           n, S
weight_mem/mem_reg[52][1] SDFQND0BWP30P140HVT
                                          tcbn28hpcplusbwp30p140hvt
                                                           n, S
weight_mem/mem_reg[52][2] SDFQND0BWP30P140HVT
                                          tcbn28hpcplusbwp30p140hvt
                                                           n, S
weight_mem/mem_reg[52][3] SDFQND0BWP30P140HVT
                                          tcbn28hpcplusbwp30p140hvt
                                                           n, S
weight_mem/mem_reg[52][4] SDFQND0BWP30P140HVT
                                          tcbn28hpcplusbwp30p140hvt
                                                           n, S
weight_mem/mem_reg[52][5] SDFQND0BWP30P140HVT
                                          tcbn28hpcplusbwp30p140hvt
                                                           n, S
weight_mem/mem_reg[52][6] SDFQND0BWP30P140HVT
                                          tcbn28hpcplusbwp30p140hvt
                                                           n, S
weight_mem/mem_reg[52][7] SDFQND0BWP30P140HVT
                                          tcbn28hpcplusbwp30p140hvt
                                                           n, S
weight_mem/mem_reg[53][0] SDFQND0BWP30P140HVT
                                          tcbn28hpcplusbwp30p140hvt
                                                           n, S
weight_mem/mem_reg[53][1] SDFQND0BWP30P140HVT
                                          tcbn28hpcplusbwp30p140hvt
                                                           n, S
weight_mem/mem_reg[53][2] SDFQND0BWP30P140HVT
                                          tcbn28hpcplusbwp30p140hvt
                                                           n, S
weight_mem/mem_reg[53][3] SDFQND0BWP30P140HVT
                                          tcbn28hpcplusbwp30p140hvt
                                                           n, S
weight_mem/mem_reg[53][4] SDFQND0BWP30P140HVT
                                          tcbn28hpcplusbwp30p140hvt
                                                           n, S
weight_mem/mem_reg[53][5] SDFQND0BWP30P140HVT
                                          tcbn28hpcplusbwp30p140hvt
                                                           n, S
weight_mem/mem_reg[53][6] SDFQND0BWP30P140HVT
                                          tcbn28hpcplusbwp30p140hvt
                                                           n, S
weight_mem/mem_reg[53][7] SDFQND0BWP30P140HVT
                                          tcbn28hpcplusbwp30p140hvt
                                                           n, S
weight_mem/mem_reg[54][0] SDFQD0BWP30P140HVT
                                          tcbn28hpcplusbwp30p140hvt
                                                           n, S
weight_mem/mem_reg[54][1] SDFQD0BWP30P140HVT
                                          tcbn28hpcplusbwp30p140hvt
                                                           n, S
weight_mem/mem_reg[54][2] SDFQD0BWP30P140HVT
                                          tcbn28hpcplusbwp30p140hvt
                                                           n, S
weight_mem/mem_reg[54][3] SDFQD0BWP30P140HVT
                                          tcbn28hpcplusbwp30p140hvt
                                                           n, S
weight_mem/mem_reg[54][4] SDFQD0BWP30P140HVT
                                          tcbn28hpcplusbwp30p140hvt
                                                           n, S
weight_mem/mem_reg[54][5] SDFQD0BWP30P140HVT
                                          tcbn28hpcplusbwp30p140hvt
                                                           n, S
weight_mem/mem_reg[54][6] SDFQD0BWP30P140HVT
                                          tcbn28hpcplusbwp30p140hvt
                                                           n, S
weight_mem/mem_reg[54][7] SDFQD0BWP30P140HVT
                                          tcbn28hpcplusbwp30p140hvt
                                                           n, S
weight_mem/mem_reg[55][0] SDFQND0BWP30P140HVT
                                          tcbn28hpcplusbwp30p140hvt
                                                           n, S
weight_mem/mem_reg[55][1] SDFQND0BWP30P140HVT
                                          tcbn28hpcplusbwp30p140hvt
                                                           n, S
weight_mem/mem_reg[55][2] SDFQND0BWP30P140HVT
                                          tcbn28hpcplusbwp30p140hvt
                                                           n, S
weight_mem/mem_reg[55][3] SDFQND0BWP30P140HVT
                                          tcbn28hpcplusbwp30p140hvt
                                                           n, S
weight_mem/mem_reg[55][4] SDFQND0BWP30P140HVT
                                          tcbn28hpcplusbwp30p140hvt
                                                           n, S
weight_mem/mem_reg[55][5] SDFQND0BWP30P140HVT
                                          tcbn28hpcplusbwp30p140hvt
                                                           n, S
weight_mem/mem_reg[55][6] SDFQND0BWP30P140HVT
                                          tcbn28hpcplusbwp30p140hvt
                                                           n, S
weight_mem/mem_reg[55][7] SDFQND0BWP30P140HVT
                                          tcbn28hpcplusbwp30p140hvt
                                                           n, S
weight_mem/mem_reg[56][0] SDFQND0BWP30P140HVT
                                          tcbn28hpcplusbwp30p140hvt
                                                           n, S
weight_mem/mem_reg[56][1] SDFQND0BWP30P140HVT
                                          tcbn28hpcplusbwp30p140hvt
                                                           n, S
weight_mem/mem_reg[56][2] SDFQND0BWP30P140HVT
                                          tcbn28hpcplusbwp30p140hvt
                                                           n, S
weight_mem/mem_reg[56][3] SDFQND0BWP30P140HVT
                                          tcbn28hpcplusbwp30p140hvt
                                                           n, S
weight_mem/mem_reg[56][4] SDFQND0BWP30P140HVT
                                          tcbn28hpcplusbwp30p140hvt
                                                           n, S
weight_mem/mem_reg[56][5] SDFQND0BWP30P140HVT
                                          tcbn28hpcplusbwp30p140hvt
                                                           n, S
weight_mem/mem_reg[56][6] SDFQND0BWP30P140HVT
                                          tcbn28hpcplusbwp30p140hvt
                                                           n, S
weight_mem/mem_reg[56][7] SDFQND0BWP30P140HVT
                                          tcbn28hpcplusbwp30p140hvt
                                                           n, S
weight_mem/mem_reg[57][0] SDFQND0BWP30P140HVT
                                          tcbn28hpcplusbwp30p140hvt
                                                           n, S
weight_mem/mem_reg[57][1] SDFQND0BWP30P140HVT
                                          tcbn28hpcplusbwp30p140hvt
                                                           n, S
weight_mem/mem_reg[57][2] SDFQND0BWP30P140HVT
                                          tcbn28hpcplusbwp30p140hvt
                                                           n, S
weight_mem/mem_reg[57][3] SDFQND0BWP30P140HVT
                                          tcbn28hpcplusbwp30p140hvt
                                                           n, S
weight_mem/mem_reg[57][4] SDFQND0BWP30P140HVT
                                          tcbn28hpcplusbwp30p140hvt
                                                           n, S
weight_mem/mem_reg[57][5] SDFQND0BWP30P140HVT
                                          tcbn28hpcplusbwp30p140hvt
                                                           n, S
weight_mem/mem_reg[57][6] SDFQND0BWP30P140HVT
                                          tcbn28hpcplusbwp30p140hvt
                                                           n, S
weight_mem/mem_reg[57][7] SDFQND0BWP30P140HVT
                                          tcbn28hpcplusbwp30p140hvt
                                                           n, S
weight_mem/mem_reg[58][0] SDFQD0BWP30P140HVT
                                          tcbn28hpcplusbwp30p140hvt
                                                           n, S
weight_mem/mem_reg[58][1] SDFQD0BWP30P140HVT
                                          tcbn28hpcplusbwp30p140hvt
                                                           n, S
weight_mem/mem_reg[58][2] SDFQD0BWP30P140HVT
                                          tcbn28hpcplusbwp30p140hvt
                                                           n, S
weight_mem/mem_reg[58][3] SDFQD0BWP30P140HVT
                                          tcbn28hpcplusbwp30p140hvt
                                                           n, S
weight_mem/mem_reg[58][4] SDFQD0BWP30P140HVT
                                          tcbn28hpcplusbwp30p140hvt
                                                           n, S
weight_mem/mem_reg[58][5] SDFQD0BWP30P140HVT
                                          tcbn28hpcplusbwp30p140hvt
                                                           n, S
weight_mem/mem_reg[58][6] SDFQD0BWP30P140HVT
                                          tcbn28hpcplusbwp30p140hvt
                                                           n, S
weight_mem/mem_reg[58][7] SDFQD0BWP30P140HVT
                                          tcbn28hpcplusbwp30p140hvt
                                                           n, S
weight_mem/mem_reg[59][0] SDFQD0BWP30P140HVT
                                          tcbn28hpcplusbwp30p140hvt
                                                           n, S
weight_mem/mem_reg[59][1] SDFQD0BWP30P140HVT
                                          tcbn28hpcplusbwp30p140hvt
                                                           n, S
weight_mem/mem_reg[59][2] SDFQD0BWP30P140HVT
                                          tcbn28hpcplusbwp30p140hvt
                                                           n, S
weight_mem/mem_reg[59][3] SDFQD0BWP30P140HVT
                                          tcbn28hpcplusbwp30p140hvt
                                                           n, S
weight_mem/mem_reg[59][4] SDFQD0BWP30P140HVT
                                          tcbn28hpcplusbwp30p140hvt
                                                           n, S
weight_mem/mem_reg[59][5] SDFQD0BWP30P140HVT
                                          tcbn28hpcplusbwp30p140hvt
                                                           n, S
weight_mem/mem_reg[59][6] SDFQD0BWP30P140HVT
                                          tcbn28hpcplusbwp30p140hvt
                                                           n, S
weight_mem/mem_reg[59][7] SDFQD0BWP30P140HVT
                                          tcbn28hpcplusbwp30p140hvt
                                                           n, S
weight_mem/mem_reg[5][0]  SDFQD0BWP30P140HVT
                                          tcbn28hpcplusbwp30p140hvt
                                                           n, S
weight_mem/mem_reg[5][1]  SDFQD0BWP30P140HVT
                                          tcbn28hpcplusbwp30p140hvt
                                                           n, S
weight_mem/mem_reg[5][2]  SDFQD0BWP30P140HVT
                                          tcbn28hpcplusbwp30p140hvt
                                                           n, S
weight_mem/mem_reg[5][3]  SDFQD0BWP30P140HVT
                                          tcbn28hpcplusbwp30p140hvt
                                                           n, S
weight_mem/mem_reg[5][4]  SDFQD0BWP30P140HVT
                                          tcbn28hpcplusbwp30p140hvt
                                                           n, S
weight_mem/mem_reg[5][5]  SDFQD0BWP30P140HVT
                                          tcbn28hpcplusbwp30p140hvt
                                                           n, S
weight_mem/mem_reg[5][6]  SDFQD0BWP30P140HVT
                                          tcbn28hpcplusbwp30p140hvt
                                                           n, S
weight_mem/mem_reg[5][7]  SDFQD0BWP30P140HVT
                                          tcbn28hpcplusbwp30p140hvt
                                                           n, S
weight_mem/mem_reg[60][0] SDFQND0BWP30P140HVT
                                          tcbn28hpcplusbwp30p140hvt
                                                           n, S
weight_mem/mem_reg[60][1] SDFQND0BWP30P140HVT
                                          tcbn28hpcplusbwp30p140hvt
                                                           n, S
weight_mem/mem_reg[60][2] SDFQND0BWP30P140HVT
                                          tcbn28hpcplusbwp30p140hvt
                                                           n, S
weight_mem/mem_reg[60][3] SDFQND0BWP30P140HVT
                                          tcbn28hpcplusbwp30p140hvt
                                                           n, S
weight_mem/mem_reg[60][4] SDFQND0BWP30P140HVT
                                          tcbn28hpcplusbwp30p140hvt
                                                           n, S
weight_mem/mem_reg[60][5] SDFQND0BWP30P140HVT
                                          tcbn28hpcplusbwp30p140hvt
                                                           n, S
weight_mem/mem_reg[60][6] SDFQND0BWP30P140HVT
                                          tcbn28hpcplusbwp30p140hvt
                                                           n, S
weight_mem/mem_reg[60][7] SDFQND0BWP30P140HVT
                                          tcbn28hpcplusbwp30p140hvt
                                                           n, S
weight_mem/mem_reg[61][0] SDFQND0BWP30P140HVT
                                          tcbn28hpcplusbwp30p140hvt
                                                           n, S
weight_mem/mem_reg[61][1] SDFQND0BWP30P140HVT
                                          tcbn28hpcplusbwp30p140hvt
                                                           n, S
weight_mem/mem_reg[61][2] SDFQND0BWP30P140HVT
                                          tcbn28hpcplusbwp30p140hvt
                                                           n, S
weight_mem/mem_reg[61][3] SDFQND0BWP30P140HVT
                                          tcbn28hpcplusbwp30p140hvt
                                                           n, S
weight_mem/mem_reg[61][4] SDFQND0BWP30P140HVT
                                          tcbn28hpcplusbwp30p140hvt
                                                           n, S
weight_mem/mem_reg[61][5] SDFQND0BWP30P140HVT
                                          tcbn28hpcplusbwp30p140hvt
                                                           n, S
weight_mem/mem_reg[61][6] SDFQND0BWP30P140HVT
                                          tcbn28hpcplusbwp30p140hvt
                                                           n, S
weight_mem/mem_reg[61][7] SDFQND0BWP30P140HVT
                                          tcbn28hpcplusbwp30p140hvt
                                                           n, S
weight_mem/mem_reg[62][0] SDFQND0BWP30P140HVT
                                          tcbn28hpcplusbwp30p140hvt
                                                           n, S
weight_mem/mem_reg[62][1] SDFQND0BWP30P140HVT
                                          tcbn28hpcplusbwp30p140hvt
                                                           n, S
weight_mem/mem_reg[62][2] SDFQND0BWP30P140HVT
                                          tcbn28hpcplusbwp30p140hvt
                                                           n, S
weight_mem/mem_reg[62][3] SDFQND0BWP30P140HVT
                                          tcbn28hpcplusbwp30p140hvt
                                                           n, S
weight_mem/mem_reg[62][4] SDFQND0BWP30P140HVT
                                          tcbn28hpcplusbwp30p140hvt
                                                           n, S
weight_mem/mem_reg[62][5] SDFQND0BWP30P140HVT
                                          tcbn28hpcplusbwp30p140hvt
                                                           n, S
weight_mem/mem_reg[62][6] SDFQND0BWP30P140HVT
                                          tcbn28hpcplusbwp30p140hvt
                                                           n, S
weight_mem/mem_reg[62][7] SDFQND0BWP30P140HVT
                                          tcbn28hpcplusbwp30p140hvt
                                                           n, S
weight_mem/mem_reg[63][0] SDFQND0BWP30P140HVT
                                          tcbn28hpcplusbwp30p140hvt
                                                           n, S
weight_mem/mem_reg[63][1] SDFQND0BWP30P140HVT
                                          tcbn28hpcplusbwp30p140hvt
                                                           n, S
weight_mem/mem_reg[63][2] SDFQND0BWP30P140HVT
                                          tcbn28hpcplusbwp30p140hvt
                                                           n, S
weight_mem/mem_reg[63][3] SDFQND0BWP30P140HVT
                                          tcbn28hpcplusbwp30p140hvt
                                                           n, S
weight_mem/mem_reg[63][4] SDFQND0BWP30P140HVT
                                          tcbn28hpcplusbwp30p140hvt
                                                           n, S
weight_mem/mem_reg[63][5] SDFQND0BWP30P140HVT
                                          tcbn28hpcplusbwp30p140hvt
                                                           n, S
weight_mem/mem_reg[63][6] SDFQND0BWP30P140HVT
                                          tcbn28hpcplusbwp30p140hvt
                                                           n, S
weight_mem/mem_reg[63][7] SDFQND0BWP30P140HVT
                                          tcbn28hpcplusbwp30p140hvt
                                                           n, S
weight_mem/mem_reg[6][0]  SDFQD0BWP30P140HVT
                                          tcbn28hpcplusbwp30p140hvt
                                                           n, S
weight_mem/mem_reg[6][1]  SDFQD0BWP30P140HVT
                                          tcbn28hpcplusbwp30p140hvt
                                                           n, S
weight_mem/mem_reg[6][2]  SDFQD0BWP30P140HVT
                                          tcbn28hpcplusbwp30p140hvt
                                                           n, S
weight_mem/mem_reg[6][3]  SDFQD0BWP30P140HVT
                                          tcbn28hpcplusbwp30p140hvt
                                                           n, S
weight_mem/mem_reg[6][4]  SDFQD0BWP30P140HVT
                                          tcbn28hpcplusbwp30p140hvt
                                                           n, S
weight_mem/mem_reg[6][5]  SDFQD0BWP30P140HVT
                                          tcbn28hpcplusbwp30p140hvt
                                                           n, S
weight_mem/mem_reg[6][6]  SDFQD0BWP30P140HVT
                                          tcbn28hpcplusbwp30p140hvt
                                                           n, S
weight_mem/mem_reg[6][7]  SDFQD0BWP30P140HVT
                                          tcbn28hpcplusbwp30p140hvt
                                                           n, S
weight_mem/mem_reg[7][0]  SDFQD0BWP30P140HVT
                                          tcbn28hpcplusbwp30p140hvt
                                                           n, S
weight_mem/mem_reg[7][1]  SDFQD0BWP30P140HVT
                                          tcbn28hpcplusbwp30p140hvt
                                                           n, S
weight_mem/mem_reg[7][2]  SDFQD0BWP30P140HVT
                                          tcbn28hpcplusbwp30p140hvt
                                                           n, S
weight_mem/mem_reg[7][3]  SDFQD0BWP30P140HVT
                                          tcbn28hpcplusbwp30p140hvt
                                                           n, S
weight_mem/mem_reg[7][4]  SDFQD0BWP30P140HVT
                                          tcbn28hpcplusbwp30p140hvt
                                                           n, S
weight_mem/mem_reg[7][5]  SDFQD0BWP30P140HVT
                                          tcbn28hpcplusbwp30p140hvt
                                                           n, S
weight_mem/mem_reg[7][6]  SDFQD0BWP30P140HVT
                                          tcbn28hpcplusbwp30p140hvt
                                                           n, S
weight_mem/mem_reg[7][7]  SDFQD0BWP30P140HVT
                                          tcbn28hpcplusbwp30p140hvt
                                                           n, S
weight_mem/mem_reg[8][0]  SDFQD0BWP30P140HVT
                                          tcbn28hpcplusbwp30p140hvt
                                                           n, S
weight_mem/mem_reg[8][1]  SDFQD0BWP30P140HVT
                                          tcbn28hpcplusbwp30p140hvt
                                                           n, S
weight_mem/mem_reg[8][2]  SDFQD0BWP30P140HVT
                                          tcbn28hpcplusbwp30p140hvt
                                                           n, S
weight_mem/mem_reg[8][3]  SDFQD0BWP30P140HVT
                                          tcbn28hpcplusbwp30p140hvt
                                                           n, S
weight_mem/mem_reg[8][4]  SDFQD0BWP30P140HVT
                                          tcbn28hpcplusbwp30p140hvt
                                                           n, S
weight_mem/mem_reg[8][5]  SDFQD0BWP30P140HVT
                                          tcbn28hpcplusbwp30p140hvt
                                                           n, S
weight_mem/mem_reg[8][6]  SDFQD0BWP30P140HVT
                                          tcbn28hpcplusbwp30p140hvt
                                                           n, S
weight_mem/mem_reg[8][7]  SDFQD0BWP30P140HVT
                                          tcbn28hpcplusbwp30p140hvt
                                                           n, S
weight_mem/mem_reg[9][0]  SDFQD0BWP30P140HVT
                                          tcbn28hpcplusbwp30p140hvt
                                                           n, S
weight_mem/mem_reg[9][1]  SDFQD0BWP30P140HVT
                                          tcbn28hpcplusbwp30p140hvt
                                                           n, S
weight_mem/mem_reg[9][2]  SDFQD0BWP30P140HVT
                                          tcbn28hpcplusbwp30p140hvt
                                                           n, S
weight_mem/mem_reg[9][3]  SDFQD0BWP30P140HVT
                                          tcbn28hpcplusbwp30p140hvt
                                                           n, S
weight_mem/mem_reg[9][4]  SDFQD0BWP30P140HVT
                                          tcbn28hpcplusbwp30p140hvt
                                                           n, S
weight_mem/mem_reg[9][5]  SDFQD0BWP30P140HVT
                                          tcbn28hpcplusbwp30p140hvt
                                                           n, S
weight_mem/mem_reg[9][6]  SDFQD0BWP30P140HVT
                                          tcbn28hpcplusbwp30p140hvt
                                                           n, S
weight_mem/mem_reg[9][7]  SDFQD0BWP30P140HVT
                                          tcbn28hpcplusbwp30p140hvt
                                                           n, S
--------------------------------------------------------------------------------
Total 3530 cells

1
